-- SHOP++ DEMO SQL
-- Copyright 2005-2017 shopxx.net. All rights reserved.
-- Support: http://www.shopxx.net
-- License: http://www.shopxx.net/license

-- 初始化DEMO数据 --

INSERT INTO Ad (id, createdDate, lastModifiedDate, version, orders, beginDate, content, endDate, path, title, type, url, adPosition_id) VALUES ('1', to_date('${date?string("yyyy-MM-dd HH:mm:ss")}', 'yyyy-mm-dd hh24:mi:ss'), to_date('${date?string("yyyy-MM-dd HH:mm:ss")}', 'yyyy-mm-dd hh24:mi:ss'), '0', '1', NULL, NULL, NULL, '${demoImageUrlPrefix}/201601/7a09df9e-3f64-4670-82c2-87f3fd0bec0b.jpg', '联想 Air 13 Pro', '1', '#', '1')
INSERT INTO Ad (id, createdDate, lastModifiedDate, version, orders, beginDate, content, endDate, path, title, type, url, adPosition_id) VALUES ('2', to_date('${date?string("yyyy-MM-dd HH:mm:ss")}', 'yyyy-mm-dd hh24:mi:ss'), to_date('${date?string("yyyy-MM-dd HH:mm:ss")}', 'yyyy-mm-dd hh24:mi:ss'), '0', '2', NULL, NULL, NULL, '${demoImageUrlPrefix}/201601/313597c4-10be-41a6-8827-9b75889ad88a.jpg', '新品特供', '1', '#', '1')
INSERT INTO Ad (id, createdDate, lastModifiedDate, version, orders, beginDate, content, endDate, path, title, type, url, adPosition_id) VALUES ('3', to_date('${date?string("yyyy-MM-dd HH:mm:ss")}', 'yyyy-mm-dd hh24:mi:ss'), to_date('${date?string("yyyy-MM-dd HH:mm:ss")}', 'yyyy-mm-dd hh24:mi:ss'), '0', '3', NULL, NULL, NULL, '${demoImageUrlPrefix}/201601/f675047e-91ec-46ac-a718-6c003fc9b901.jpg', '夏日初体验', '1', '#', '1')
INSERT INTO Ad (id, createdDate, lastModifiedDate, version, orders, beginDate, content, endDate, path, title, type, url, adPosition_id) VALUES ('4', to_date('${date?string("yyyy-MM-dd HH:mm:ss")}', 'yyyy-mm-dd hh24:mi:ss'), to_date('${date?string("yyyy-MM-dd HH:mm:ss")}', 'yyyy-mm-dd hh24:mi:ss'), '0', '1', NULL, NULL, NULL, '${demoImageUrlPrefix}/201601/b31c243d-9f9e-4799-8f7e-b68803ce8a6a.jpg', '华为荣耀', '1', '#', '2')
INSERT INTO Ad (id, createdDate, lastModifiedDate, version, orders, beginDate, content, endDate, path, title, type, url, adPosition_id) VALUES ('5', to_date('${date?string("yyyy-MM-dd HH:mm:ss")}', 'yyyy-mm-dd hh24:mi:ss'), to_date('${date?string("yyyy-MM-dd HH:mm:ss")}', 'yyyy-mm-dd hh24:mi:ss'), '0', '2', NULL, NULL, NULL, '${demoImageUrlPrefix}/201601/9370250c-8b01-472e-8e68-13ab7d10ff7c.jpg', '移动电源', '1', '#', '2')
INSERT INTO Ad (id, createdDate, lastModifiedDate, version, orders, beginDate, content, endDate, path, title, type, url, adPosition_id) VALUES ('6', to_date('${date?string("yyyy-MM-dd HH:mm:ss")}', 'yyyy-mm-dd hh24:mi:ss'), to_date('${date?string("yyyy-MM-dd HH:mm:ss")}', 'yyyy-mm-dd hh24:mi:ss'), '0', '3', NULL, NULL, NULL, '${demoImageUrlPrefix}/201601/0b8d7827-ac10-4045-9840-432e7cf2254e.jpg', '平板电脑', '1', '#', '2')
INSERT INTO Ad (id, createdDate, lastModifiedDate, version, orders, beginDate, content, endDate, path, title, type, url, adPosition_id) VALUES ('7', to_date('${date?string("yyyy-MM-dd HH:mm:ss")}', 'yyyy-mm-dd hh24:mi:ss'), to_date('${date?string("yyyy-MM-dd HH:mm:ss")}', 'yyyy-mm-dd hh24:mi:ss'), '0', '4', NULL, NULL, NULL, '${demoImageUrlPrefix}/201601/1a7358bc-bb8e-4c1a-af0d-8d651d24b61c.jpg', '智能电视', '1', '#', '2')
INSERT INTO Ad (id, createdDate, lastModifiedDate, version, orders, beginDate, content, endDate, path, title, type, url, adPosition_id) VALUES ('8', to_date('${date?string("yyyy-MM-dd HH:mm:ss")}', 'yyyy-mm-dd hh24:mi:ss'), to_date('${date?string("yyyy-MM-dd HH:mm:ss")}', 'yyyy-mm-dd hh24:mi:ss'), '0', '1', NULL, NULL, NULL, '${demoImageUrlPrefix}/201601/073cbb0f-1d00-4ebc-bded-72abbe6830d0.jpg', '蓝牙音箱', '1', '#', '3')
INSERT INTO Ad (id, createdDate, lastModifiedDate, version, orders, beginDate, content, endDate, path, title, type, url, adPosition_id) VALUES ('9', to_date('${date?string("yyyy-MM-dd HH:mm:ss")}', 'yyyy-mm-dd hh24:mi:ss'), to_date('${date?string("yyyy-MM-dd HH:mm:ss")}', 'yyyy-mm-dd hh24:mi:ss'), '0', '1', NULL, NULL, NULL, '${demoImageUrlPrefix}/201601/7a9dcaf7-5575-4166-af36-b61736e4b3e6.jpg', 'iPhone6', '1', '#', '4')
INSERT INTO Ad (id, createdDate, lastModifiedDate, version, orders, beginDate, content, endDate, path, title, type, url, adPosition_id) VALUES ('10', to_date('${date?string("yyyy-MM-dd HH:mm:ss")}', 'yyyy-mm-dd hh24:mi:ss'), to_date('${date?string("yyyy-MM-dd HH:mm:ss")}', 'yyyy-mm-dd hh24:mi:ss'), '0', '2', NULL, NULL, NULL, '${demoImageUrlPrefix}/201601/68068b35-dd61-4ea9-96f9-6945c8a05d55.jpg', '苹果配件', '1', '#', '4')
INSERT INTO Ad (id, createdDate, lastModifiedDate, version, orders, beginDate, content, endDate, path, title, type, url, adPosition_id) VALUES ('11', to_date('${date?string("yyyy-MM-dd HH:mm:ss")}', 'yyyy-mm-dd hh24:mi:ss'), to_date('${date?string("yyyy-MM-dd HH:mm:ss")}', 'yyyy-mm-dd hh24:mi:ss'), '0', '3', NULL, NULL, NULL, '${demoImageUrlPrefix}/201601/001b365f-b2ec-428e-a8cf-c544c32a0fad.jpg', '腊八节促销', '1', '#', '4')
INSERT INTO Ad (id, createdDate, lastModifiedDate, version, orders, beginDate, content, endDate, path, title, type, url, adPosition_id) VALUES ('12', to_date('${date?string("yyyy-MM-dd HH:mm:ss")}', 'yyyy-mm-dd hh24:mi:ss'), to_date('${date?string("yyyy-MM-dd HH:mm:ss")}', 'yyyy-mm-dd hh24:mi:ss'), '0', '1', NULL, NULL, NULL, '${demoImageUrlPrefix}/201601/e44f5fe1-523d-4ba5-af75-c60ff9125ed4.jpg', '数码相机', '1', '#', '5')
INSERT INTO Ad (id, createdDate, lastModifiedDate, version, orders, beginDate, content, endDate, path, title, type, url, adPosition_id) VALUES ('13', to_date('${date?string("yyyy-MM-dd HH:mm:ss")}', 'yyyy-mm-dd hh24:mi:ss'), to_date('${date?string("yyyy-MM-dd HH:mm:ss")}', 'yyyy-mm-dd hh24:mi:ss'), '0', '2', NULL, NULL, NULL, '${demoImageUrlPrefix}/201601/b955bbb2-b9ad-4e6b-9dc2-5159a18cdaee.jpg', '智能手表', '1', '#', '5')
INSERT INTO Ad (id, createdDate, lastModifiedDate, version, orders, beginDate, content, endDate, path, title, type, url, adPosition_id) VALUES ('14', to_date('${date?string("yyyy-MM-dd HH:mm:ss")}', 'yyyy-mm-dd hh24:mi:ss'), to_date('${date?string("yyyy-MM-dd HH:mm:ss")}', 'yyyy-mm-dd hh24:mi:ss'), '0', '3', NULL, NULL, NULL, '${demoImageUrlPrefix}/201601/dff83843-d61a-4406-9a00-1d5efe7fbe38.jpg', '智能手机', '1', '#', '5')
INSERT INTO Ad (id, createdDate, lastModifiedDate, version, orders, beginDate, content, endDate, path, title, type, url, adPosition_id) VALUES ('15', to_date('${date?string("yyyy-MM-dd HH:mm:ss")}', 'yyyy-mm-dd hh24:mi:ss'), to_date('${date?string("yyyy-MM-dd HH:mm:ss")}', 'yyyy-mm-dd hh24:mi:ss'), '0', '1', NULL, NULL, NULL, '${demoImageUrlPrefix}/201601/b601918c-e775-4453-8abd-25f453bf5901.jpg', '服务宣传', '1', NULL, '6')

INSERT INTO Attribute (id, createdDate, lastModifiedDate, version, orders, name, options, propertyIndex, productCategory_id) VALUES ('1', to_date('${date?string("yyyy-MM-dd HH:mm:ss")}', 'yyyy-mm-dd hh24:mi:ss'), to_date('${date?string("yyyy-MM-dd HH:mm:ss")}', 'yyyy-mm-dd hh24:mi:ss'), '0', '1', '屏幕尺寸', '["3英寸以下","3-4英寸","4-5英寸","5-6英寸","6-7英寸","7-8英寸","8英寸以上"]', '0', '41')
INSERT INTO Attribute (id, createdDate, lastModifiedDate, version, orders, name, options, propertyIndex, productCategory_id) VALUES ('2', to_date('${date?string("yyyy-MM-dd HH:mm:ss")}', 'yyyy-mm-dd hh24:mi:ss'), to_date('${date?string("yyyy-MM-dd HH:mm:ss")}', 'yyyy-mm-dd hh24:mi:ss'), '0', '2', '网络类型', '["移动4G","联通4G","电信4G","移动3G","联通3G","电信3G","移动2G","联通2G","电信2G"]', '1', '41')
INSERT INTO Attribute (id, createdDate, lastModifiedDate, version, orders, name, options, propertyIndex, productCategory_id) VALUES ('3', to_date('${date?string("yyyy-MM-dd HH:mm:ss")}', 'yyyy-mm-dd hh24:mi:ss'), to_date('${date?string("yyyy-MM-dd HH:mm:ss")}', 'yyyy-mm-dd hh24:mi:ss'), '0', '3', '网络模式', '["单卡单模","单卡多模","双卡双模","双卡多模"]', '2', '41')
INSERT INTO Attribute (id, createdDate, lastModifiedDate, version, orders, name, options, propertyIndex, productCategory_id) VALUES ('4', to_date('${date?string("yyyy-MM-dd HH:mm:ss")}', 'yyyy-mm-dd hh24:mi:ss'), to_date('${date?string("yyyy-MM-dd HH:mm:ss")}', 'yyyy-mm-dd hh24:mi:ss'), '0', '4', '操作系统', '["iOS","Android","Windows","其它"]', '3', '41')
INSERT INTO Attribute (id, createdDate, lastModifiedDate, version, orders, name, options, propertyIndex, productCategory_id) VALUES ('5', to_date('${date?string("yyyy-MM-dd HH:mm:ss")}', 'yyyy-mm-dd hh24:mi:ss'), to_date('${date?string("yyyy-MM-dd HH:mm:ss")}', 'yyyy-mm-dd hh24:mi:ss'), '0', '5', '有效像素', '["1000万以下","1000-1200万","1200-1500万","1500-1800万","1800-2000万","2000万以上"]', '0', '49')
INSERT INTO Attribute (id, createdDate, lastModifiedDate, version, orders, name, options, propertyIndex, productCategory_id) VALUES ('6', to_date('${date?string("yyyy-MM-dd HH:mm:ss")}', 'yyyy-mm-dd hh24:mi:ss'), to_date('${date?string("yyyy-MM-dd HH:mm:ss")}', 'yyyy-mm-dd hh24:mi:ss'), '0', '6', '光学变焦', '["定焦","4倍","5倍","6倍","8倍","10倍","12倍","18倍","20倍"]', '1', '49')
INSERT INTO Attribute (id, createdDate, lastModifiedDate, version, orders, name, options, propertyIndex, productCategory_id) VALUES ('7', to_date('${date?string("yyyy-MM-dd HH:mm:ss")}', 'yyyy-mm-dd hh24:mi:ss'), to_date('${date?string("yyyy-MM-dd HH:mm:ss")}', 'yyyy-mm-dd hh24:mi:ss'), '0', '7', '防抖性能', '["不防抖","电子防抖","光学防抖","双重防抖","多重防抖"]', '2', '49')
INSERT INTO Attribute (id, createdDate, lastModifiedDate, version, orders, name, options, propertyIndex, productCategory_id) VALUES ('8', to_date('${date?string("yyyy-MM-dd HH:mm:ss")}', 'yyyy-mm-dd hh24:mi:ss'), to_date('${date?string("yyyy-MM-dd HH:mm:ss")}', 'yyyy-mm-dd hh24:mi:ss'), '0', '8', '镜头类型', '["潜望式","伸缩式"]', '3', '49')
INSERT INTO Attribute (id, createdDate, lastModifiedDate, version, orders, name, options, propertyIndex, productCategory_id) VALUES ('9', to_date('${date?string("yyyy-MM-dd HH:mm:ss")}', 'yyyy-mm-dd hh24:mi:ss'), to_date('${date?string("yyyy-MM-dd HH:mm:ss")}', 'yyyy-mm-dd hh24:mi:ss'), '0', '9', '屏幕尺寸', '["10英寸以下","10-11英寸","11-12英寸","12-13英寸","13-14英寸","14-15英寸","15-16英寸","16-17英寸","17英寸以上"]', '0', '79')
INSERT INTO Attribute (id, createdDate, lastModifiedDate, version, orders, name, options, propertyIndex, productCategory_id) VALUES ('10', to_date('${date?string("yyyy-MM-dd HH:mm:ss")}', 'yyyy-mm-dd hh24:mi:ss'), to_date('${date?string("yyyy-MM-dd HH:mm:ss")}', 'yyyy-mm-dd hh24:mi:ss'), '0', '10', '硬盘容量', '["128GB","256GB","320GB","500GB","750GB","1TB"]', '1', '79')
INSERT INTO Attribute (id, createdDate, lastModifiedDate, version, orders, name, options, propertyIndex, productCategory_id) VALUES ('11', to_date('${date?string("yyyy-MM-dd HH:mm:ss")}', 'yyyy-mm-dd hh24:mi:ss'), to_date('${date?string("yyyy-MM-dd HH:mm:ss")}', 'yyyy-mm-dd hh24:mi:ss'), '0', '11', '内存容量', '["2GB","4GB","6GB","8GB","16GB"]', '2', '79')
INSERT INTO Attribute (id, createdDate, lastModifiedDate, version, orders, name, options, propertyIndex, productCategory_id) VALUES ('12', to_date('${date?string("yyyy-MM-dd HH:mm:ss")}', 'yyyy-mm-dd hh24:mi:ss'), to_date('${date?string("yyyy-MM-dd HH:mm:ss")}', 'yyyy-mm-dd hh24:mi:ss'), '0', '12', '屏幕类型', '["触摸屏","非触摸屏"]', '3', '79')
INSERT INTO Attribute (id, createdDate, lastModifiedDate, version, orders, name, options, propertyIndex, productCategory_id) VALUES ('13', to_date('${date?string("yyyy-MM-dd HH:mm:ss")}', 'yyyy-mm-dd hh24:mi:ss'), to_date('${date?string("yyyy-MM-dd HH:mm:ss")}', 'yyyy-mm-dd hh24:mi:ss'), '0', '13', '屏幕尺寸', '["5英寸以下","5-6英寸","6-7英寸","7-8英寸","8-9英寸","9-10英寸","10英寸以上"]', '0', '82')
INSERT INTO Attribute (id, createdDate, lastModifiedDate, version, orders, name, options, propertyIndex, productCategory_id) VALUES ('14', to_date('${date?string("yyyy-MM-dd HH:mm:ss")}', 'yyyy-mm-dd hh24:mi:ss'), to_date('${date?string("yyyy-MM-dd HH:mm:ss")}', 'yyyy-mm-dd hh24:mi:ss'), '0', '14', '硬盘容量', '["4GB","8GB","16GB","32GB","64GB","128GB","256GB","512GB"]', '1', '82')
INSERT INTO Attribute (id, createdDate, lastModifiedDate, version, orders, name, options, propertyIndex, productCategory_id) VALUES ('15', to_date('${date?string("yyyy-MM-dd HH:mm:ss")}', 'yyyy-mm-dd hh24:mi:ss'), to_date('${date?string("yyyy-MM-dd HH:mm:ss")}', 'yyyy-mm-dd hh24:mi:ss'), '0', '15', '操作系统', '["iOS","Android","Windows","其它"]', '2', '82')
INSERT INTO Attribute (id, createdDate, lastModifiedDate, version, orders, name, options, propertyIndex, productCategory_id) VALUES ('16', to_date('${date?string("yyyy-MM-dd HH:mm:ss")}', 'yyyy-mm-dd hh24:mi:ss'), to_date('${date?string("yyyy-MM-dd HH:mm:ss")}', 'yyyy-mm-dd hh24:mi:ss'), '0', '16', '内存容量', '["2GB","4GB","6GB","8GB","16GB"]', '3', '82')
INSERT INTO Attribute (id, createdDate, lastModifiedDate, version, orders, name, options, propertyIndex, productCategory_id) VALUES ('17', to_date('${date?string("yyyy-MM-dd HH:mm:ss")}', 'yyyy-mm-dd hh24:mi:ss'), to_date('${date?string("yyyy-MM-dd HH:mm:ss")}', 'yyyy-mm-dd hh24:mi:ss'), '0', '17', '屏幕尺寸', '["30英寸以下","30-35英寸","35-40英寸","40-45英寸","45-50英寸","50-55英寸","55-60英寸","60英寸以上"]', '0', '145')
INSERT INTO Attribute (id, createdDate, lastModifiedDate, version, orders, name, options, propertyIndex, productCategory_id) VALUES ('18', to_date('${date?string("yyyy-MM-dd HH:mm:ss")}', 'yyyy-mm-dd hh24:mi:ss'), to_date('${date?string("yyyy-MM-dd HH:mm:ss")}', 'yyyy-mm-dd hh24:mi:ss'), '0', '18', '电视类型', '["LED电视","LCD电视","等离子电视"]', '1', '145')
INSERT INTO Attribute (id, createdDate, lastModifiedDate, version, orders, name, options, propertyIndex, productCategory_id) VALUES ('19', to_date('${date?string("yyyy-MM-dd HH:mm:ss")}', 'yyyy-mm-dd hh24:mi:ss'), to_date('${date?string("yyyy-MM-dd HH:mm:ss")}', 'yyyy-mm-dd hh24:mi:ss'), '0', '19', '空调功率', '["1匹","大1匹","1.5匹","大1.5匹","2匹","大2匹","3匹","5匹"]', '0', '150')
INSERT INTO Attribute (id, createdDate, lastModifiedDate, version, orders, name, options, propertyIndex, productCategory_id) VALUES ('20', to_date('${date?string("yyyy-MM-dd HH:mm:ss")}', 'yyyy-mm-dd hh24:mi:ss'), to_date('${date?string("yyyy-MM-dd HH:mm:ss")}', 'yyyy-mm-dd hh24:mi:ss'), '0', '20', '工作方式', '["定速","变频"]', '1', '150')
INSERT INTO Attribute (id, createdDate, lastModifiedDate, version, orders, name, options, propertyIndex, productCategory_id) VALUES ('21', to_date('${date?string("yyyy-MM-dd HH:mm:ss")}', 'yyyy-mm-dd hh24:mi:ss'), to_date('${date?string("yyyy-MM-dd HH:mm:ss")}', 'yyyy-mm-dd hh24:mi:ss'), '0', '21', '面料', '["棉","麻","蚕丝","羊毛","涤纶","腈纶","锦纶"]', '0', '151')
INSERT INTO Attribute (id, createdDate, lastModifiedDate, version, orders, name, options, propertyIndex, productCategory_id) VALUES ('22', to_date('${date?string("yyyy-MM-dd HH:mm:ss")}', 'yyyy-mm-dd hh24:mi:ss'), to_date('${date?string("yyyy-MM-dd HH:mm:ss")}', 'yyyy-mm-dd hh24:mi:ss'), '0', '22', '板型', '["修身","正常","宽松"]', '1', '151')
INSERT INTO Attribute (id, createdDate, lastModifiedDate, version, orders, name, options, propertyIndex, productCategory_id) VALUES ('23', to_date('${date?string("yyyy-MM-dd HH:mm:ss")}', 'yyyy-mm-dd hh24:mi:ss'), to_date('${date?string("yyyy-MM-dd HH:mm:ss")}', 'yyyy-mm-dd hh24:mi:ss'), '0', '23', '面料', '["棉","麻","蚕丝","羊毛","涤纶","腈纶","锦纶"]', '0', '159')
INSERT INTO Attribute (id, createdDate, lastModifiedDate, version, orders, name, options, propertyIndex, productCategory_id) VALUES ('24', to_date('${date?string("yyyy-MM-dd HH:mm:ss")}', 'yyyy-mm-dd hh24:mi:ss'), to_date('${date?string("yyyy-MM-dd HH:mm:ss")}', 'yyyy-mm-dd hh24:mi:ss'), '0', '24', '厚薄', '["薄款","常规","加厚"]', '1', '159')

INSERT INTO Article (id, createdDate, lastModifiedDate, version, author, content, hits, isPublication, isTop, seoDescription, seoKeywords, seoTitle, title, articleCategory_id) VALUES ('1', to_date('${date?string("yyyy-MM-dd HH:mm:ss")}', 'yyyy-mm-dd hh24:mi:ss'), to_date('${date?string("yyyy-MM-dd HH:mm:ss")}', 'yyyy-mm-dd hh24:mi:ss'), '0', NULL, '<p>尊敬的用户欢迎您注册成为本网站会员。请用户仔细阅读以下全部内容。如用户不同意本服务条款任意内容，请不要注册或使用本网站服务。如用户通过本网站注册程序，即表示用户与本网站已达成协议，自愿接受本服务条款的所有内容。此后，用户不得以未阅读本服务条款内容作任何形式的抗辩。</p><p><br/></p><p>一、本站服务条款的确认和接纳</p><p>本网站涉及的各项服务的所有权和运作权归本网站所有。本网站所提供的服务必须按照其发布的服务条款和操作规则严格执行。本服务条款的效力范围及于本网站的一切产品和服务，用户在享受本网站的任何服务时，应当受本服务条款的约束。</p><p><br/></p><p>二、服务简介</p><p>本网站运用自己的操作系统通过国际互联网络为用户提供各项服务。用户必须: 1. 提供设备，如个人电脑、手机或其他上网设备。 2. 个人上网和支付与此服务有关的费用。</p><p><br/></p><p>三、用户在不得在本网站上发布下列违法信息</p><p>1. 反对宪法所确定的基本原则的； 2. 危害国家安全，泄露国家秘密，颠覆国家政权，破坏国家统一的； 3. 损害国家荣誉和利益的； 4. 煽动民族仇恨、民族歧视，破坏民族团结的； 5. 破坏国家宗教政策，宣扬邪教和封建迷信的； 6. 散布谣言，扰乱社会秩序，破坏社会稳定的； 7. 散布淫秽、色情、赌博、暴力、凶杀、恐怖或者教唆犯罪的； 8. 侮辱或者诽谤他人，侵害他人合法权益的； 9. 含有法律、行政法规禁止的其他内容的。</p><p><br/></p><p>四、有关个人资料</p><p>用户同意: 1. 提供及时、详尽及准确的个人资料。 2. 同意接收来自本网站的信息。 3. 不断更新注册资料，符合及时、详尽准确的要求。所有原始键入的资料将引用为注册资料。 4. 本网站不公开用户的姓名、地址、电子邮箱和笔名。除以下情况外: a) 用户授权本站透露这些信息。 b) 相应的法律及程序要求本站提供用户的个人资料。</p><p><br/></p><p>五、服务条款的修改</p><p>本网站有权在必要时修改服务条款，一旦条款及服务内容产生变动，本网站将会在重要页面上提示修改内容。如果不同意所改动的内容，用户可以主动取消获得的本网站信息服务。如果用户继续享用本网站信息服务，则视为接受服务条款的变动。</p><p><br/></p><p>六、用户隐私制度</p><p>尊重用户个人隐私是本网站的一项基本政策。所以，本网站一定不会在未经合法用户授权时公开、编辑或透露其注册资料及保存在本网站中的非公开内容，除非有法律许可要求或本网站在诚信的基础上认为透露这些信息在以下四种情况是必要的: 1. 遵守有关法律规定，遵从本网站合法服务程序。 2. 保持维护本网站的商标所有权。 3. 在紧急情况下竭力维护用户个人和社会大众的隐私安全。 4. 符合其他相关的要求。</p><p><br/></p><p>七、用户的帐号、密码和安全性</p><p>用户一旦注册成功，将获得一个密码和用户名。用户需谨慎合理的保存、使用用户名和密码。如果你不保管好自己的帐号和密码安全，将负全部责任。另外，每个用户都要对其帐户中的所有活动和事件负全责。你可随时根据指示改变你的密码。用户若发现任何非法使用用户帐号或存在安全漏洞的情况，请立即通告本网站。</p>', '0', '1', '0', NULL, NULL, NULL, '注册协议', '3')
INSERT INTO Article (id, createdDate, lastModifiedDate, version, author, content, hits, isPublication, isTop, seoDescription, seoKeywords, seoTitle, title, articleCategory_id) VALUES ('2', to_date('${date?string("yyyy-MM-dd HH:mm:ss")}', 'yyyy-mm-dd hh24:mi:ss'), to_date('${date?string("yyyy-MM-dd HH:mm:ss")}', 'yyyy-mm-dd hh24:mi:ss'), '0', NULL, '<p>随着电子商务的普及、移动端的大力发展，亚洲2015年将有望取代北美成为全球最大的电商市场。</p><p><br/></p><p>该报告预测，2015年亚洲零售市场预期平均增长4.6%，达到7.6万亿美元，远超欧洲(0.8%)及北美(2.5%)市场，稳居全球最大消费市场。值得注意的是，女性在整个亚洲消费市场中占有举足轻重的地位，网购更成为推动亚洲女性消费的新兴方式。</p><p><br/></p><p>在发布会现场，经济学人智库的资深分析师Laurel West表示：随着亚洲女性消费者经济地位的不断提升，亚洲女性正成为亚洲消费市场的主要驱动力。通过本次调研发现，亚洲女性在很大程度上主导了家庭消费决策，不仅在服饰、化妆品、日用品等类别，还包括电子产品、家具、旅行等高单价商品类别。</p><p><br/></p><p>值得一提的是，相比线下购物，近一半的女性更青睐网购(中国大陆为69%)；63%的女性每天至少上网浏览商品与服务一次，近30%的人每天浏览两次或更多。女性更愿意为自己购物，此外，部分女性在感到为自己购买过多时，出于“内疚”心理，会为丈夫、子女及父母等家庭成员买些东西作为补偿。女性消费者网购最关注的是：品牌优品、优惠价格和正品商品；女性购买最多的品类是：服饰、母婴和美妆。</p><p><br/></p><p>另外，调查发现移动端购物已成为主流趋势之一，在年轻的亚洲女性消费群体中尤为明显。调查显示，18至29岁年龄段的女性热衷网购的比例高达一半，且在这一年龄段中超过一半的女性习惯在家用智能手机网购。而 “冲动消费”的特征在这一年龄段的亚洲女性身上也更为突出，半数以上的18至29岁女性承认更容易冲动购物，而在稍大年龄段的女性中则为40%。</p><p><br/></p><p>这份名为《崛起中的亚洲女性网购力量》调查报告，汇集了两岸三地、印度、日本、新加坡以及韩国5500名女性网购数据。</p>', '0', '1', '0', NULL, NULL, NULL, '亚洲将有望成为全球最大电商市场', '1')
INSERT INTO Article (id, createdDate, lastModifiedDate, version, author, content, hits, isPublication, isTop, seoDescription, seoKeywords, seoTitle, title, articleCategory_id) VALUES ('3', to_date('${date?string("yyyy-MM-dd HH:mm:ss")}', 'yyyy-mm-dd hh24:mi:ss'), to_date('${date?string("yyyy-MM-dd HH:mm:ss")}', 'yyyy-mm-dd hh24:mi:ss'), '0', NULL, '<p>近日，普华永道最新发布的《2015年中国金融及银行业展望》调研。大部份受访者认为不良贷款风险仍在可控范围。此外， 本次调研除了国内银行及外资银行，还包括互联网P2P借贷平台、互联网理财机构等等。虽然新参与者直接挑战了传统金融机构，但受访者认为将来两者之间合作 胜于竞争。调研预期，对于互联网金融更严格监管将在2015年得到落实。参与调研的受访者认为，商业银行的净息差将被进一步压缩至约2%，这个水平与大部份发达国家市场相似。受访者认为，中国银行业必须减少对存贷业务的依赖。调研显示，越来越多的传统金融机构也进行互联网探索，比如一些信托公司觊觎互联网产品销售平台，以求降低成本。分析认为，互联网理财产品除了拥有高收益外， 还有传统货币及银行理财产品无法比拟的流动性优势。但随着央行向商业提供流动性，银行同业拆借利率有所回落，上述产品的收益率优势在缩小。此外，传统商业银行的中间业务收入也受到了互联网第三方支付平台的挑战，比如支付宝及财付通等。调研认为，第三方支付平台的出现，导致商业银行从传统银行卡业务中能收取的费用越来越少。预计2015年，线上支付会突破10万亿人民币，移动支付会突破4万亿人民币。</p>', '0', '1', '0', NULL, NULL, NULL, '2015年我国移动支付或突破4万亿元', '1')
INSERT INTO Article (id, createdDate, lastModifiedDate, version, author, content, hits, isPublication, isTop, seoDescription, seoKeywords, seoTitle, title, articleCategory_id) VALUES ('4', to_date('${date?string("yyyy-MM-dd HH:mm:ss")}', 'yyyy-mm-dd hh24:mi:ss'), to_date('${date?string("yyyy-MM-dd HH:mm:ss")}', 'yyyy-mm-dd hh24:mi:ss'), '0', NULL, '<p>2014年是移动电商大爆发的一年。微信和手机QQ购物、微店、天猫和京东移动端交易、网上支付、电商+虚拟运营商等成为2014年移动电商的关键词。各大电商如阿里、京东、苏宁、唯品会等也在向移动电商倾斜。同时，中国互联网协会秘书长卢卫表示，2014年我国互联网领域迎来新一轮融资高峰，新兴O2O商务应用服务在国内全面布局，涉及招聘、电影票、交通票务、旅游门票、打车代驾租车、餐饮、美容、汽车保养等领域的移动互联网热点不断涌现，服务民生的智能应有体系逐步成熟，市场规模加速扩大。截至2014年第三季度，我国移动网购交易规模已超2100亿元，比2013年增长了近3倍。据中国电子商务研究中心监测数据显示，2014年中国移动购物的交易规模接近10万亿元，增长率达到270%。</p>', '0', '1', '0', NULL, NULL, NULL, '2015年我国移动电商交易规模或将超千亿', '1')
INSERT INTO Article (id, createdDate, lastModifiedDate, version, author, content, hits, isPublication, isTop, seoDescription, seoKeywords, seoTitle, title, articleCategory_id) VALUES ('5', to_date('${date?string("yyyy-MM-dd HH:mm:ss")}', 'yyyy-mm-dd hh24:mi:ss'), to_date('${date?string("yyyy-MM-dd HH:mm:ss")}', 'yyyy-mm-dd hh24:mi:ss'), '0', NULL, '<p>从2014年看，B2C市场中，天猫市场份额占比超六成，京东占比为18.6%，其余B2C企业中唯品会、1号店、国美的增速均高于B2C市场整体增速。从自主销售为主B2C市场来看，京东占比近五成，苏宁易购占比达到8.5%，唯品会占比达到7.7%，其他项中小米手机官网发展迅速，整个市场集中度依然较高。</p><p><br/></p><p>艾瑞分析认为，阿里及京东等综合性电商在进行多元化发展的同时，其他电商企业也纷纷在行业内寻找自己的生存空间，从供应链整合、产品拓展、品牌打造、服务优化等各方面持续发力，提升企业的核心竞争优势，网络购物行业竞争格局将持续演进。</p><p><br/></p><p>未来趋势：渠道下沉、行业渗透范围扩大及跨境电商将成为行业未来发展趋势</p><p><br/></p><p>渠道下沉：三四线城市及乡镇地区的居民收入水平的不断提高，购物需求日益旺盛，在一二线城市网购渗透率逐渐饱和的情况下，需求旺盛的农村市场开始成为各电商企业发力的新重点，近两年来大量电商企业通过刷墙、建立服务点等方式进入农村，物流公司也开始覆盖乡镇等配送范围，未来几年，电商将持续向三四线城市及乡镇地区渗透。</p><p><br/></p><p>加速向各行业渗透：随着电子商务进程的加深及网络销售商品品类的不断扩充，除了电商行业内先发品类如服装、3C家电、化妆品等线上渗透率不断提升外，偏服务及体验的产品如商旅、保险、基金等产品的线上发展水平也在不断提升，此外，重服务的家装电商、医药电商等也开始快速发展。</p><p><br/></p><p>跨境电商快速发展：从政策层面看，国家出台了一系列跨境电商促进政策并先后批准上海、宁波、郑州等市开展跨境电商试点，为跨境电商提供政策支持。从市场需求看，除了国外消费者对中国国内物美价廉商品的巨大需求外，随着社会消费水平的提高中国消费者对海外优质的品牌商品也有同样旺盛的购买需求。从企业来看，除了既有行业内的大量外贸电商企业外，内贸电商企业也纷纷实施国际化战略，布局跨境电商业务。未来几年，在行业前景明朗、政策利好及市场需求旺盛的共同推动下，未来跨境电商行业将会获得快速发展。</p>', '0', '1', '0', NULL, NULL, NULL, '2014我国网络购物交易规模2.8万亿 增48%', '1')
INSERT INTO Article (id, createdDate, lastModifiedDate, version, author, content, hits, isPublication, isTop, seoDescription, seoKeywords, seoTitle, title, articleCategory_id) VALUES ('6', to_date('${date?string("yyyy-MM-dd HH:mm:ss")}', 'yyyy-mm-dd hh24:mi:ss'), to_date('${date?string("yyyy-MM-dd HH:mm:ss")}', 'yyyy-mm-dd hh24:mi:ss'), '0', NULL, '<p>据新华社电奢侈品研究和顾问机构财富品质研究院昨天发布的《中国奢侈品报告》表明，中国消费者奢侈品消费76％在境外。</p><p><br/></p><p>财富品质研究院调研显示，中国消费者2014年在本土消费额明显下降，为250亿美元，同比下降11％，中国奢侈品市场占全球奢侈品市场比重由2013年的13％下降到2014年的11％。虽然奥特莱斯和网络销售都有明显增长，但都没有改变2014年中国奢侈品市场整体下滑态势；中国消费者境外消费进一步加强，2014年境外消费达810亿美元，同比增长超过9％。</p><p><br/></p><p>“这说明2014年中国消费者76％的奢侈品消费发生在境外，中国消费者奢侈品消费外流已经到了非常严重的地步。”财富品质研究院院长周婷说。</p><p><br/></p><p>虽然全球奢侈品市场2014年依然面临诸多压力，但是全球奢侈品市场总容量仍达到创纪录的2320亿美元，预计全年增长率达到7％。其增长主要来源于高端小众品牌，特别是定制类品牌的快速发展，而传统奢侈品牌的相对市场份额明显下降。</p><p><br/></p><p>据统计，中国消费者全球奢侈品消费达到1060亿美元，同比增长4％，这表明中国人2014年买走了全球46％的奢侈品，虽然占比略有下降，但中国消费者仍是全球奢侈品市场无可争议的最大买家。</p>', '0', '1', '0', NULL, NULL, NULL, '中国消费者奢侈品消费76％在境外', '1')
INSERT INTO Article (id, createdDate, lastModifiedDate, version, author, content, hits, isPublication, isTop, seoDescription, seoKeywords, seoTitle, title, articleCategory_id) VALUES ('7', to_date('${date?string("yyyy-MM-dd HH:mm:ss")}', 'yyyy-mm-dd hh24:mi:ss'), to_date('${date?string("yyyy-MM-dd HH:mm:ss")}', 'yyyy-mm-dd hh24:mi:ss'), '0', NULL, '<p>据媒体报道，中国互联网信息中心表示，截至去年底，中国网民达6.48亿。该数字较2013年增加3000万。</p><p><br/></p><p>中国有关网民的定义为半年内至少使用过一次互联网的人。中国的网民数量已超过世界上任何其他国家。中国还拥有庞大电商市场，互联网正被中国公民用以曝光官员滥权行为并已引发中共关注。</p>', '0', '1', '0', NULL, NULL, NULL, '中国网民接近6.5亿 较2013年增加3000万', '1')
INSERT INTO Article (id, createdDate, lastModifiedDate, version, author, content, hits, isPublication, isTop, seoDescription, seoKeywords, seoTitle, title, articleCategory_id) VALUES ('8', to_date('${date?string("yyyy-MM-dd HH:mm:ss")}', 'yyyy-mm-dd hh24:mi:ss'), to_date('${date?string("yyyy-MM-dd HH:mm:ss")}', 'yyyy-mm-dd hh24:mi:ss'), '0', NULL, '<p>我国跨境电商的发展速度惊人。昨日中国海关总署表示，从2013年7月启动以来，截至去年底，中国跨境电子商务试点已突破30亿元人民币，其中约1/3为进口业务。</p><p><br/></p><p>在出口方面，截至2014年12月底，上海、重庆、杭州等16个城市先后开展出口业务，累计验放清单3823.5万份，出口到181个国家和地区，价值约20.4亿元。在进口方面，截至2014年12月底，上海、重庆、杭州、宁波、郑州、广州、深圳先后开展了进口业务，共验放包裹411万余件，价值约10.1亿元。</p><p><br/></p><p>海关总署新闻发言人张广志表示，为避免地方重复建设，海关总署2014年开发了适用于全国的统一版跨境电子商务出口通关管理系统，并于当年7月1日在东莞率先上线运行。该系统依托电子口岸平台，实现与电商、物流、支付企业和平台的高效对接，全程掌握跨境电子商务的准确数据和状态。目前，大龙网、亿赞普、傲基等50余家企业已经完成与中国电子口岸数据中心的联网对接，并实现数据交换。</p>', '0', '1', '0', NULL, NULL, NULL, '2014年全年我国跨境电商试点突破30亿元', '1')
INSERT INTO Article (id, createdDate, lastModifiedDate, version, author, content, hits, isPublication, isTop, seoDescription, seoKeywords, seoTitle, title, articleCategory_id) VALUES ('9', to_date('${date?string("yyyy-MM-dd HH:mm:ss")}', 'yyyy-mm-dd hh24:mi:ss'), to_date('${date?string("yyyy-MM-dd HH:mm:ss")}', 'yyyy-mm-dd hh24:mi:ss'), '0', NULL, '<p>2014年可穿戴设备成为消费者的新宠，预示着另一种先进的电子消费品正在普及中：技术正在成为我们身体的一部分。根据eMarketer新报告“Wearables:10 Insights on Device Adoption and Business Opportunities.”，利用这些可穿戴设备的品牌也将成为我们身体的一部分。</p><p><br/></p><p>可穿戴设备</p><p><br/></p><p>今年可穿戴设备的出货量增长率将达到3位数，International Data Corporation预测2014年全球可穿戴设备出货量将达到192亿单位，增长超过200%。可穿戴设备受追捧主要有两个原因。首先，快速增长在新技术类别并不稀奇，尤其是一个大类别。身体的每个主要部位都有对应的可穿戴设备。其次，这种神奇的商品吸引了大量的消费者，但还未进入市场。Apple Watch将会在2015年初推出。但是，各个种类的可穿戴设备在美国消费者中的普及率都比较低。</p><p><br/></p><p>但是，忽视可穿戴设备是个失误。早期使用这些设备很有吸引力，这标志着美国市场已经准备好迎接下一个技术革新。而且，前瞻性企业已经开始采取行动，屏幕出现在更多可穿戴设备上，展示技术正在改进。但是，消费者使用可穿戴设备跟多的是因为其可以穿戴、跟踪和通知，这使得营销商将注意力集中在可穿戴上而不是互动上。</p><p><br/></p><p>全球移动广告网络运营商InMobi副总裁Atul Satija表示“可穿戴设备的互动不会是通过两个大拇指的方式，而是通过单个手指选择‘是’或‘否’来进行的。”</p><p><br/></p><p>例如，许多营销商相信用智能手表接收信息会促进互动。由于接触互动的受限，Satija和其他人都认为声音将会是更友好、更有效的互动方式。</p><p><br/></p><p>房地产搜索网站Trulia的CEO Kira Wampler表示，发送到可穿戴设备的信息的目的应该是“给用户选择是否采取下一步行动的信息”，更复杂的交流是不可能的。</p>', '0', '1', '0', NULL, NULL, NULL, '2014全球可穿戴设备出货量将增超200%', '1')
INSERT INTO Article (id, createdDate, lastModifiedDate, version, author, content, hits, isPublication, isTop, seoDescription, seoKeywords, seoTitle, title, articleCategory_id) VALUES ('10', to_date('${date?string("yyyy-MM-dd HH:mm:ss")}', 'yyyy-mm-dd hh24:mi:ss'), to_date('${date?string("yyyy-MM-dd HH:mm:ss")}', 'yyyy-mm-dd hh24:mi:ss'), '0', NULL, '<p>狂欢节活动</p>', '0', '1', '0', NULL, NULL, NULL, '狂欢节活动', '2')
INSERT INTO Article (id, createdDate, lastModifiedDate, version, author, content, hits, isPublication, isTop, seoDescription, seoKeywords, seoTitle, title, articleCategory_id) VALUES ('11', to_date('${date?string("yyyy-MM-dd HH:mm:ss")}', 'yyyy-mm-dd hh24:mi:ss'), to_date('${date?string("yyyy-MM-dd HH:mm:ss")}', 'yyyy-mm-dd hh24:mi:ss'), '0', NULL, '<p>手机全场低至9.5折</p>', '0', '1', '0', NULL, NULL, NULL, '手机全场低至9.5折', '2')
INSERT INTO Article (id, createdDate, lastModifiedDate, version, author, content, hits, isPublication, isTop, seoDescription, seoKeywords, seoTitle, title, articleCategory_id) VALUES ('12', to_date('${date?string("yyyy-MM-dd HH:mm:ss")}', 'yyyy-mm-dd hh24:mi:ss'), to_date('${date?string("yyyy-MM-dd HH:mm:ss")}', 'yyyy-mm-dd hh24:mi:ss'), '0', NULL, '<p>劲爆限时抢购</p>', '0', '1', '0', NULL, NULL, NULL, '劲爆限时抢购', '2')
INSERT INTO Article (id, createdDate, lastModifiedDate, version, author, content, hits, isPublication, isTop, seoDescription, seoKeywords, seoTitle, title, articleCategory_id) VALUES ('13', to_date('${date?string("yyyy-MM-dd HH:mm:ss")}', 'yyyy-mm-dd hh24:mi:ss'), to_date('${date?string("yyyy-MM-dd HH:mm:ss")}', 'yyyy-mm-dd hh24:mi:ss'), '0', NULL, '<p>家电狂降五折起</p>', '0', '1', '0', NULL, NULL, NULL, '家电狂降五折起', '2')
INSERT INTO Article (id, createdDate, lastModifiedDate, version, author, content, hits, isPublication, isTop, seoDescription, seoKeywords, seoTitle, title, articleCategory_id) VALUES ('14', to_date('${date?string("yyyy-MM-dd HH:mm:ss")}', 'yyyy-mm-dd hh24:mi:ss'), to_date('${date?string("yyyy-MM-dd HH:mm:ss")}', 'yyyy-mm-dd hh24:mi:ss'), '0', NULL, '<p>年终排行榜盛惠</p>', '0', '1', '0', NULL, NULL, NULL, '年终排行榜盛惠', '2')
INSERT INTO Article (id, createdDate, lastModifiedDate, version, author, content, hits, isPublication, isTop, seoDescription, seoKeywords, seoTitle, title, articleCategory_id) VALUES ('15', to_date('${date?string("yyyy-MM-dd HH:mm:ss")}', 'yyyy-mm-dd hh24:mi:ss'), to_date('${date?string("yyyy-MM-dd HH:mm:ss")}', 'yyyy-mm-dd hh24:mi:ss'), '0', NULL, '<p>将限量”温情”带回家</p>', '0', '1', '0', NULL, NULL, NULL, '将限量”温情”带回家', '2')

INSERT INTO ArticleTag (id, createdDate, lastModifiedDate, version, orders, icon, memo, name) VALUES ('1', to_date('${date?string("yyyy-MM-dd HH:mm:ss")}', 'yyyy-mm-dd hh24:mi:ss'), to_date('${date?string("yyyy-MM-dd HH:mm:ss")}', 'yyyy-mm-dd hh24:mi:ss'), '0', '1', NULL, NULL, '热点')
INSERT INTO ArticleTag (id, createdDate, lastModifiedDate, version, orders, icon, memo, name) VALUES ('2', to_date('${date?string("yyyy-MM-dd HH:mm:ss")}', 'yyyy-mm-dd hh24:mi:ss'), to_date('${date?string("yyyy-MM-dd HH:mm:ss")}', 'yyyy-mm-dd hh24:mi:ss'), '0', '2', NULL, NULL, '推荐')

INSERT INTO ArticleCategory (id, createdDate, lastModifiedDate, version, orders, grade, name, seoDescription, seoKeywords, seoTitle, treePath, parent_id) VALUES ('1', to_date('${date?string("yyyy-MM-dd HH:mm:ss")}', 'yyyy-mm-dd hh24:mi:ss'), to_date('${date?string("yyyy-MM-dd HH:mm:ss")}', 'yyyy-mm-dd hh24:mi:ss'), '0', '1', '0', '商城动态', NULL, NULL, NULL, ',', NULL)
INSERT INTO ArticleCategory (id, createdDate, lastModifiedDate, version, orders, grade, name, seoDescription, seoKeywords, seoTitle, treePath, parent_id) VALUES ('2', to_date('${date?string("yyyy-MM-dd HH:mm:ss")}', 'yyyy-mm-dd hh24:mi:ss'), to_date('${date?string("yyyy-MM-dd HH:mm:ss")}', 'yyyy-mm-dd hh24:mi:ss'), '0', '2', '0', '活动促销', NULL, NULL, NULL, ',', NULL)
INSERT INTO ArticleCategory (id, createdDate, lastModifiedDate, version, orders, grade, name, seoDescription, seoKeywords, seoTitle, treePath, parent_id) VALUES ('3', to_date('${date?string("yyyy-MM-dd HH:mm:ss")}', 'yyyy-mm-dd hh24:mi:ss'), to_date('${date?string("yyyy-MM-dd HH:mm:ss")}', 'yyyy-mm-dd hh24:mi:ss'), '0', '3', '0', '帮助中心', NULL, NULL, NULL, ',', NULL)

INSERT INTO Brand (id, createdDate, lastModifiedDate, version, orders, introduction, logo, name, type, url) VALUES ('1', to_date('${date?string("yyyy-MM-dd HH:mm:ss")}', 'yyyy-mm-dd hh24:mi:ss'), to_date('${date?string("yyyy-MM-dd HH:mm:ss")}', 'yyyy-mm-dd hh24:mi:ss'), '0', '1', '<p>苹果公司创立之初主要开发和销售的个人电脑，截至2014年致力于设计、开发和销售消费电子、计算机软件、在线服务和个人计算机。苹果的Apple II于1970年代助长了个人电脑革命，其后的Macintosh接力于1980年代持续发展。该公司硬件产品主要是Mac电脑系列、iPod媒体播放器、iPhone智能手机和iPad平板电脑；在线服务包括iCloud、iTunes Store和App Store；消费软件包括OS X和iOS操作系统、iTunes多媒体浏览器、Safari网络浏览器，还有iLife和iWork创意和生产力套件。苹果公司在高科技企业中以创新而闻名世界。</p>', '${demoImageUrlPrefix}/201601/a8275260-f9fa-4e20-8173-35b755fabb14.gif', '苹果', '1', 'http://www.apple.com')
INSERT INTO Brand (id, createdDate, lastModifiedDate, version, orders, introduction, logo, name, type, url) VALUES ('2', to_date('${date?string("yyyy-MM-dd HH:mm:ss")}', 'yyyy-mm-dd hh24:mi:ss'), to_date('${date?string("yyyy-MM-dd HH:mm:ss")}', 'yyyy-mm-dd hh24:mi:ss'), '0', '2', '<p>三星电子是韩国最大的电子工业企业，同时也是三星集团旗下最大的子公司。1938年3月它于朝鲜大邱成立，创始人是李秉喆。现任会长是李健熙，副会长是李在镕和权五铉，社长是崔志成，首席执行官是由权五铉、申宗钧、尹富根三位组成的联席CEO。在世界上最有名的100个商标的列表中，三星电子是唯一的一个韩国商标，是韩国民族工业的象征。</p>', '${demoImageUrlPrefix}/201601/8aa08a42-f5b3-4f52-bea0-5ee8bd123b0c.gif', '三星', '1', 'http://www.samsung.com')
INSERT INTO Brand (id, createdDate, lastModifiedDate, version, orders, introduction, logo, name, type, url) VALUES ('3', to_date('${date?string("yyyy-MM-dd HH:mm:ss")}', 'yyyy-mm-dd hh24:mi:ss'), to_date('${date?string("yyyy-MM-dd HH:mm:ss")}', 'yyyy-mm-dd hh24:mi:ss'), '0', '3', '<p>索尼（SONY），是日本的一家全球知名的大型综合性跨国企业集团。索尼是世界视听、电子游戏、通讯产品和信息技术等领域的先导者，是世界最早便携式数码产品的开创者，是世界最大的电子产品制造商之一、世界电子游戏业三大巨头之一、美国好莱坞六大电影公司之一。</p>', '${demoImageUrlPrefix}/201601/dd75c116-51a7-4fbd-b014-6cf4bedcd0bb.gif', '索尼', '1', 'http://www.sony.com.cn')
INSERT INTO Brand (id, createdDate, lastModifiedDate, version, orders, introduction, logo, name, type, url) VALUES ('4', to_date('${date?string("yyyy-MM-dd HH:mm:ss")}', 'yyyy-mm-dd hh24:mi:ss'), to_date('${date?string("yyyy-MM-dd HH:mm:ss")}', 'yyyy-mm-dd hh24:mi:ss'), '0', '4', '<p>华为技术有限公司是一家生产销售通信设备的民营通信科技公司，总部位于中国广东省深圳市龙岗区坂田华为基地。华为的产品主要涉及通信网络中的交换网络、传输网络、无线及有线固定接入网络和数据通信网络及无线终端产品，为世界各地通信运营商及专业网络拥有者提供硬件设备、软件、服务和解决方案。</p>', '${demoImageUrlPrefix}/201601/2a5efa56-c4cd-4984-b11a-d56cadca6cff.gif', '华为', '1', 'http://www.huawei.com')
INSERT INTO Brand (id, createdDate, lastModifiedDate, version, orders, introduction, logo, name, type, url) VALUES ('5', to_date('${date?string("yyyy-MM-dd HH:mm:ss")}', 'yyyy-mm-dd hh24:mi:ss'), to_date('${date?string("yyyy-MM-dd HH:mm:ss")}', 'yyyy-mm-dd hh24:mi:ss'), '0', '5', '<p>魅族公司成立于2003年。创始人从小沉迷电子热爱科技，魅族就是电子梦想和共赢理念的结晶。从创立以来的一次次飞跃不仅是魅族人热爱追求的结果，更是梦想力量的体现。人们就好像相近配置的计算机。同为满负荷运转，多任务且不断终止和新启进程的，远不如持续运行单任务的运算量。 而人只有不变的热爱才能排除复杂的干扰，始终如一的为追求不变的热爱而付出，创造更大价值带来更多的财富。那不变的热爱就是梦想。魅族因梦想而立。热爱而极致，专注和长久的追求，必将带来商业产品无与伦比的梦想之作。魅族的一切将超越常规，超乎想象。</p>', '${demoImageUrlPrefix}/201601/72657c6c-d279-4952-ac20-1abcff776b07.gif', '魅族', '1', 'http://www.meizu.com')
INSERT INTO Brand (id, createdDate, lastModifiedDate, version, orders, introduction, logo, name, type, url) VALUES ('6', to_date('${date?string("yyyy-MM-dd HH:mm:ss")}', 'yyyy-mm-dd hh24:mi:ss'), to_date('${date?string("yyyy-MM-dd HH:mm:ss")}', 'yyyy-mm-dd hh24:mi:ss'), '0', '6', '<p>佳能公司自1937年创业以来，始终秉承&quot;共生&quot;的企业理念，以创造世界一流产品为奋斗目标，向多元化和全球化发展。目前， 佳能的事业以光学技术为核心，涵盖了影像系统产品、办公产品以及产业设备等广泛领域。位于东京的集团总部与美洲、欧洲、 亚洲和大洋洲的各区域总部紧密联系，构筑了全球化与本土化有机结合的经营体制。</p>', '${demoImageUrlPrefix}/201601/081d4e29-b631-4a49-8672-792a1308ce97.gif', '佳能', '1', 'http://www.canon.com.cn')
INSERT INTO Brand (id, createdDate, lastModifiedDate, version, orders, introduction, logo, name, type, url) VALUES ('7', to_date('${date?string("yyyy-MM-dd HH:mm:ss")}', 'yyyy-mm-dd hh24:mi:ss'), to_date('${date?string("yyyy-MM-dd HH:mm:ss")}', 'yyyy-mm-dd hh24:mi:ss'), '0', '7', '<p>尼康创立于1917年，至今已有90多年历史。在“信赖和创造”的企业理念引导下，积极开展以光学产品的开发和销售为主的各项事业，并以此奠定了发展基础。<br/></p><p>尼康映像仪器销售（中国）有限公司是由日本尼康株式会社全额出资的销售公司，于2005年4月在上海设立，主要从事光学仪器及其相关产品的进出口，批发，售后服务及其相关配套业务。2006年4月于北京、成都、广州设立了分公司；2011年10月于西安、沈阳设立了分公司；2012年4月于南京、济南、长沙设立了办事处；2012年10月于郑州、哈尔滨、福州设立了办事处；2012年12月于杭州设立了办事处；2013年1月于石家庄、乌鲁木齐设立了办事处；2013年4月于天津、武汉、昆明设立了办事处；2013年7月于长春、太原、南宁、兰州设立了办事处。在上海、北京两地分别设立了影像天地。截止至2013年3月底，尼康已在中国大陆地区主要城市设立了4家售后服务中心（上海、北京、广州、成都），并在全国29个城市设立了31家特约维修店。<br/></p><p>现在，尼康已把中国作为全球最重要的市场之一。在不断发展的中国市场上，完善从市场运作到销售、服务的整套经营体制。在“信赖和创造”的企业方针下，尼康还将通过自身的先进技术，积极推动中国的影像事业，为中国市场带来更多魅力产品和优质服务。<br/></p><p><br/></p>', '${demoImageUrlPrefix}/201601/5bd8bec2-f2df-4c84-937a-6eead637abd4.gif', '尼康', '1', 'http://www.nikon.com.cn')
INSERT INTO Brand (id, createdDate, lastModifiedDate, version, orders, introduction, logo, name, type, url) VALUES ('8', to_date('${date?string("yyyy-MM-dd HH:mm:ss")}', 'yyyy-mm-dd hh24:mi:ss'), to_date('${date?string("yyyy-MM-dd HH:mm:ss")}', 'yyyy-mm-dd hh24:mi:ss'), '0', '8', '<p>松下集团是全球性电子厂商，从事各种电器产品的生产、销售等事业活动。1978年，中国国家领导人参观了松下集团日本电视机工厂。在双方会谈中，创业者松下幸之助表达了为中国做贡献的决心。随后，松下集团进入了中国事业的起始阶段。在这几年中，集团一直致力于产品出口以及对中国工厂的技术合作，并于 1987年设立了第一家合资工厂。截至今日，松下集团在中国的事业活动涉及研究开发、制造、销售、服务、物流、宣传等多个方面。</p><p>松下电器（中国）有限公司成立于1994年，并于2002年实现了独资，主要负责开展家电、系统、环境、元器件、医疗设备等商品的销售和售后服务活动。作为中国地区投资性公司，松下电器（中国）有限公司还负责开展人才培养、财务、法务、环境保护、知识产权等统括和支援活动。2012年1月，松下电器（中国）有限公司吸收合并了松下电工（中国）有限公司，经营范围进一步扩大。</p>', '${demoImageUrlPrefix}/201601/e921d086-358d-4610-9a53-b46a551b6557.gif', '松下', '1', 'http://www.panasonic.cn')
INSERT INTO Brand (id, createdDate, lastModifiedDate, version, orders, introduction, logo, name, type, url) VALUES ('9', to_date('${date?string("yyyy-MM-dd HH:mm:ss")}', 'yyyy-mm-dd hh24:mi:ss'), to_date('${date?string("yyyy-MM-dd HH:mm:ss")}', 'yyyy-mm-dd hh24:mi:ss'), '0', '9', '<p>尔（Dell），是一家总部位于美国得克萨斯州朗德罗克的世界五百强企业，由迈克尔·戴尔于1984年创立。戴尔以生产、设计、销售家用以及办公室电脑而闻名，不过它同时也涉足高端电脑市场，生产与销售服务器、数据储存设备、网络设备等。</p>', '${demoImageUrlPrefix}/201601/1ff77e2d-6190-4fea-9e12-be75d2d4ce83.gif', '戴尔', '1', 'http://www.dell.com.cn')
INSERT INTO Brand (id, createdDate, lastModifiedDate, version, orders, introduction, logo, name, type, url) VALUES ('10', to_date('${date?string("yyyy-MM-dd HH:mm:ss")}', 'yyyy-mm-dd hh24:mi:ss'), to_date('${date?string("yyyy-MM-dd HH:mm:ss")}', 'yyyy-mm-dd hh24:mi:ss'), '0', '10', '<p>惠普公司（Hewlett-Packard Development Company, L.P.，简称HP）总部位于美国加利福尼亚州的帕罗奥多（Palo Alto），是一家全球性的资讯科技公司，主要专注于打印机、数码影像、软件、计算机与资讯服务等业务。惠普（HP）是世界最大的信息科技（IT）公司之一，成立于1939年，总部位于美国加利福尼亚州帕洛阿尔托市。惠普下设三大业务集团：信息产品集团、打印及成像系统集团和企业计算及专业服务集团。</p>', '${demoImageUrlPrefix}/201601/271e4fc7-4451-488b-9d10-a7f80b41d719.gif', '惠普', '1', 'http://www.hp.com')
INSERT INTO Brand (id, createdDate, lastModifiedDate, version, orders, introduction, logo, name, type, url) VALUES ('11', to_date('${date?string("yyyy-MM-dd HH:mm:ss")}', 'yyyy-mm-dd hh24:mi:ss'), to_date('${date?string("yyyy-MM-dd HH:mm:ss")}', 'yyyy-mm-dd hh24:mi:ss'), '0', '11', '<p>华硕电脑股份有限公司创立于1989年，为全球最大的主板制造商，并跻身全球前三大消费性笔记本电脑品牌。华硕始终对质量与创新全力以赴，不断为消费者及企业用户提供崭新的科技解决方案。2013年获得全球专业媒体与评鉴机构共4,256个奖项的肯定。2011年，华硕开启追寻无与伦比的全球任务，将精彩创新的品牌精神提升至更高层次。同年推出市场上叫好又叫座的变形平板，备受国内外专业人士激赏；10月再推超极致轻薄笔记本电脑ZENBOOK，除了将技术倾注于外型与轻薄的表现，更刻画出智能型笔记本电脑随开即用、绿色高效的新时代价值。2012年发布结合手机、平板、小笔电跨界功能的PadFone，震撼市场，奠定华硕的精采研发创新实力。2014年4月11日，华硕智能手机打破萦绕业界多日的悬念，以“追寻无与伦比”的品牌核心理念，在京揭示了2014年劲爆十足的智能手机新品家族--时尚多彩的智能手机ZenFone系列及全新变形手机PadFone mini，以799元起的震撼价格强势进军主流智能手机市场。现在，更积极布局未来的移动云端时代，将为世界创造无限可能。在着重创新与质量之余，华硕亦投注心力于社会公益、教育文化及绿色环保等方面，并在欧、美、日及台湾本地等国际环保标章上领先取得多项肯定与认证，以设计体贴人性、感动人心的3C科技产品为初衷，持续为消费者带来无与伦比的体验价值。</p>', '${demoImageUrlPrefix}/201601/b438688d-5051-4812-a113-e9fc54273a2d.gif', '华硕', '1', 'http://www.asus.com.cn')
INSERT INTO Brand (id, createdDate, lastModifiedDate, version, orders, introduction, logo, name, type, url) VALUES ('12', to_date('${date?string("yyyy-MM-dd HH:mm:ss")}', 'yyyy-mm-dd hh24:mi:ss'), to_date('${date?string("yyyy-MM-dd HH:mm:ss")}', 'yyyy-mm-dd hh24:mi:ss'), '0', '12', '<p>1986年8月，五位共同创办人于新北市中和区成立微星科技，目前是全世界最大的信息产业制造商之一，员工人数在台北总公司、宝安厂(深圳) 、昆山厂及全球海外据点总计超过12,700位。</p><p>微星以制造主板及显示适配器起家，跨足消费电子及商务应用市场，其产品线延伸至笔记本电脑、All-in-One桌机、服务器、工作站计算机、工业计算机、智能型家电、车用电子、准系统、多媒体及通讯产品等等。</p><p>微星不仅对客户、员工、股东负责任，同时也力行企业承诺，为社会责任及环境保护尽一份心力。</p><p>以极致创新 精彩随型为核心价值，客户满足及服务完美为努力方向，微星！将是全球品牌中最闪亮的一颗星！</p>', '${demoImageUrlPrefix}/201601/1d7b0f53-689b-4612-a188-54792af44917.gif', '微星', '1', 'http://cn.msi.com')
INSERT INTO Brand (id, createdDate, lastModifiedDate, version, orders, introduction, logo, name, type, url) VALUES ('13', to_date('${date?string("yyyy-MM-dd HH:mm:ss")}', 'yyyy-mm-dd hh24:mi:ss'), to_date('${date?string("yyyy-MM-dd HH:mm:ss")}', 'yyyy-mm-dd hh24:mi:ss'), '0', '13', '<p>宏碁集团（简称宏碁），品牌为“Acer”，是台湾的电脑制造公司，由施振荣等人于1976年8月1日创立，目前是全球第四大个人电脑制造商，同时也是全球第三大笔记本电脑制造商。主要生产桌上型电脑和笔记型电脑，以及个人数位助理、服务器、显示器和其他储存装置等电脑周边产品。</p>', '${demoImageUrlPrefix}/201601/294438dc-222b-433b-a458-ce4dc987bfa6.gif', '宏碁', '1', 'http://www.acer.com.cn')
INSERT INTO Brand (id, createdDate, lastModifiedDate, version, orders, introduction, logo, name, type, url) VALUES ('14', to_date('${date?string("yyyy-MM-dd HH:mm:ss")}', 'yyyy-mm-dd hh24:mi:ss'), to_date('${date?string("yyyy-MM-dd HH:mm:ss")}', 'yyyy-mm-dd hh24:mi:ss'), '0', '14', '<p>联想是一家营业额达210亿美元的个人科技产品公司，客户遍布全球160多个国家。</p><p>联想是全球第四大个人电脑厂商，名列《财富》世界500强，为全球前五大电脑厂商中增长最快 。自1997年起，联想一直蝉联中国国内市场销量第一，现占中国个人电脑市场超过三成份额。</p><p>凭借创新的产品、高效的供应链和强大的战略执行，联想锐意为全球用户打造卓越的个人电脑和移动互联网产品。集团由联想及前IBM个人电脑事业部所组成，在全球开发、制造和销售可靠、优质、安全易用的技术产品及优质专业的服务。</p><p>联想产品系列包括Think品牌商用个人电脑、Idea品牌的消费个人电脑、服务器、工作站以及包括平板电脑和智能手机在内的家庭移动互联网终端。</p><p>联想的「保卫和进攻」战略为集团下阶段的发展奠定了坚实的基础，在这项战略下，联想围绕新兴市场和成熟市场的独特业务架构运营，以便因应不同的市场特色，迅速而有效地执行适当的战略。</p><p>一流的世界级研发团队分驻于日本大和研究所、中国北京、上海、深圳及美国北卡罗莱纳州的罗利。</p><p>在中国的北京、上海、惠阳及深圳、印度的庞帝其利(Pondicherry)、墨西哥的蒙特雷(Monterrey)及美国的格林斯博罗(Greensboro)设有个人电脑制造和物流基地，并于全球采用合同制造及OEM。</p>', '${demoImageUrlPrefix}/201601/b37f67c6-1145-44aa-b681-39613e22363f.gif', '联想', '1', 'http://www.lenovo.com.cn')
INSERT INTO Brand (id, createdDate, lastModifiedDate, version, orders, introduction, logo, name, type, url) VALUES ('15', to_date('${date?string("yyyy-MM-dd HH:mm:ss")}', 'yyyy-mm-dd hh24:mi:ss'), to_date('${date?string("yyyy-MM-dd HH:mm:ss")}', 'yyyy-mm-dd hh24:mi:ss'), '0', '15', '<p>Brother 作为拥有 100 多年历史的国际化品牌，目前已在全球44个国家和地区拥有生产基地以及销售公司与服务网点。伴随着全球化进程的不断推进，Brother 集团把高速发展的中国市场作为未来发展的重要基地。兄弟（中国）充分利用集团总部的资源优势，秉承“At your side.”的企业文化理念，致力于推进以顾客第一为宗旨的产品销售，作为价值链的一环，为中国消费者提供更多具有高附加值的产品和服务。兄弟（中国）的事业领域包括以传真机、打印机、多功能一体机、标签打印机、扫描仪等产品为代表的打印及解决方案事业；以家用缝纫机、绣花机为中心的家用机器事业。为了适应数字化和网络化办公的发展趋势，推出了集合传真、打印、复印和扫描等多种办公功能为一体的小型多功能一体机，开拓了 SOHO市场，奠定了领路先锋的市场地位。另一主推产品“普贴趣”同样作为标签打印机行业的先驱，在进入市场的多年来不断为各行业用户提供专业标签解决方案，包括电力电信线缆标识、固定资产盘点及办公文档可视化等，在专业市场中得到广泛好评。兄弟（中国）总部位于上海，通过设于北京、广州、成都、沈阳、西安的分公司及遍布各地的众多经销商与维修站构建起了覆盖全国的营销服务网络。依托集团旗下分设于深圳、珠海、台湾等地的生产工厂，以及在杭州设立的开发公司，在国内实现了开发、生产、销售三位一体的供应体制，用高质量的产品与服务为中国顾客提供优良的价值。</p>', '${demoImageUrlPrefix}/201601/b5b7fd21-ebc5-4309-9417-94d75834f251.gif', '兄弟', '1', 'http://www.brother.cn')
INSERT INTO Brand (id, createdDate, lastModifiedDate, version, orders, introduction, logo, name, type, url) VALUES ('16', to_date('${date?string("yyyy-MM-dd HH:mm:ss")}', 'yyyy-mm-dd hh24:mi:ss'), to_date('${date?string("yyyy-MM-dd HH:mm:ss")}', 'yyyy-mm-dd hh24:mi:ss'), '0', '16', '<p>得力集团始创于1988年，生产各类文具和办公用品，目前已成长为国内最大的综合文具供应商。2010年荣获浙江名牌产品；浙江出口名牌；中国文教体育用品行业标准化工作先进企业；2011中国民营企业制造业500强第374位；2012年荣获宁波市“百强企业”称号。</p>', '${demoImageUrlPrefix}/201601/adf8e03d-f93c-49b4-8038-e5391da9e754.gif', '得力', '1', 'http://www.nbdeli.com')
INSERT INTO Brand (id, createdDate, lastModifiedDate, version, orders, introduction, logo, name, type, url) VALUES ('17', to_date('${date?string("yyyy-MM-dd HH:mm:ss")}', 'yyyy-mm-dd hh24:mi:ss'), to_date('${date?string("yyyy-MM-dd HH:mm:ss")}', 'yyyy-mm-dd hh24:mi:ss'), '0', '17', '<p>海尔是全球大型家电第一品牌，1984年创立于青岛，现任董事局主席、首席执行官张瑞敏是海尔的主要创始人。目前，海尔在全球建立了21个工业园，5大研发中心，19个海外贸易公司，全球员工超过7万人。2011年，海尔集团全球营业额实现1509亿元，品牌价值962.8亿元，连续11年蝉联中国最有价值品牌榜首。海尔集团援建了164所希望小学和1所希望中学，制作212集科教动画片《海尔兄弟》，是2008年北京奥运会全球唯一白电赞助商。</p>', '${demoImageUrlPrefix}/201601/da39c18f-18ed-4c66-b585-24dc61f6189d.gif', '海尔', '1', 'http://www.haier.net')
INSERT INTO Brand (id, createdDate, lastModifiedDate, version, orders, introduction, logo, name, type, url) VALUES ('18', to_date('${date?string("yyyy-MM-dd HH:mm:ss")}', 'yyyy-mm-dd hh24:mi:ss'), to_date('${date?string("yyyy-MM-dd HH:mm:ss")}', 'yyyy-mm-dd hh24:mi:ss'), '0', '18', '<p>美的集团（SZ.000333）是一家以家电制造业为主的大型综合性企业集团，于2013年9月18日在深交所上市，旗下拥有小天鹅（SZ000418）、威灵控股（HK00382）两家子上市公司。</p><p>1968年，美的创业，1980年，美的正式进入家电业，1981年注册美的品牌。目前，美的集团用工总数13万人，旗下拥有美的、小天鹅、威灵、华凌、安得、美芝等十余个品牌。集团在国内建有广东顺德、广州、中山；安徽合肥及芜湖；湖北武汉及荆州；江苏无锡、淮安、苏州及常州；重庆、山西临汾、江西贵溪、河北邯郸等15个生产基地，辐射华南、华东、华中、西南、华北五大区域；在越南、白俄罗斯、埃及、巴西、阿根廷、印度等6个国家建有生产基地。</p><p>主要家电产品有家用空调、商用空调、大型中央空调、冰箱、洗衣机、微波炉、风扇、洗碗机、电磁炉、电饭煲、电压力锅、豆浆机、饮水机、热水器、空气能热水机、吸尘器、取暖器、电水壶、烤箱、抽油烟机、净水设备、空气清新机、加湿器、灶具、消毒柜、照明等和空调压缩机、冰箱压缩机、电机、磁控管、变压器等家电配件产品。现拥有中国最完整的空调产业链、冰箱产业链、洗衣机产业链、微波炉产业链和洗碗机产业链；拥有中国最完整的小家电产品群和厨房家电产品群；在全球设有60多个海外分支机构，产品远销200多个国家和地区。</p><p>2013年，美的集团整体实现销售收入达1210亿元，其中外销销售收入达74亿美元。2014年前三季度，集团实现营业收入1091亿元。</p><p>2014年“中国最有价值品牌”评价中，美的品牌价值达到683.15亿元，名列全国最有价值品牌第5位。截至2013年，美的集团为社会公益事业累计捐赠超过6亿元。</p><p>从今年开始，美的提出未来发展规划的“333战略”：美的要用3年左右时间做好产品、夯实基础、巩固体质、进一步提升经营质量；用3年左右时间从中国家电行业三强中脱颖而出，成为行业领导者；用3年左右时间在世界家电行业中占有一席之地，实现全球经营。</p>', '${demoImageUrlPrefix}/201601/435aaaa9-093c-43da-af74-3d011be8b826.gif', '美的', '1', 'http://www.midea.com')
INSERT INTO Brand (id, createdDate, lastModifiedDate, version, orders, introduction, logo, name, type, url) VALUES ('19', to_date('${date?string("yyyy-MM-dd HH:mm:ss")}', 'yyyy-mm-dd hh24:mi:ss'), to_date('${date?string("yyyy-MM-dd HH:mm:ss")}', 'yyyy-mm-dd hh24:mi:ss'), '0', '19', '<p>珠海格力电器股份有限公司是目前全球最大的集研发、生产、销售、服务于一体的国有控股家电企业，是中国首家净利润、纳税双双超过百亿的家电企业，拥有格力、TOSOT、晶弘三大品牌家电产品，其产品包括家用空调、中央空调、空气能热水器、TOSOT生活电器、晶弘冰箱等。2014年格力官方商城重磅上线。</p><p>2012年格力电器实现营业总收入1001.10亿元，成为中国首家超过千亿的家电上市公司；2015年1月19日，格力电器发布2014年业绩快报。报告显示，公司2014年实现营业总收入1400.05亿元，同比增长16.63%；归属于上市公司股东的净利润为141.15亿元，同比增长29.84%，继续保持稳健的发展态势。</p><p>格力空调，是中国空调业唯一的“世界名牌”产品，业务遍及全球160多个国家和地区。家用空调年产能超过6000万台(套)，商用空调年产能550万台(套)；2005年至今，格力空调产销量连续10年领跑全球，用户超过3亿。</p><p>作为一家专注于空调产品的大型电器制造商，格力电器致力于为全球消费者提供技术领先、品质卓越的空调产品。在全球拥有珠海、重庆、合肥、郑州、武汉、石家庄、芜湖、巴西、巴基斯坦等9大生产基地，7万多名员工，至今已开发出包括家用空调、商用空调在内的20大类、400个系列、12700多个品种规格的产品，能充分满足不同消费群体的各种需求；累计申请技术专利14000多项，其中申请发明专利近5000项，自主研发的磁悬浮变频离心式制冷压缩机及冷水机组、光伏直驱变频离心机系统、双级变频压缩机、无稀土变频压缩机、R290环保冷媒空调、1赫兹变频空调、多功能地暖户式中央空调、永磁同步变频离心式冷水机组、超低温数码多联机组等一系列“国际领先”产品，填补了行业空白，改写了空调业百年历史。</p><p>在激烈的市场竞争中，格力空调先后中标2008年“北京奥运媒体村”、2010年南非“世界杯”主场馆及多个配套工程、2010年广州亚运会14个比赛场馆、2014年俄罗斯索契冬奥会配套工程等国际知名空调招标项目，在国际舞台上赢得了广泛的知名度和影响力，引领“中国制造”走向“中国创造”。</p><p>实干赢取未来，创新成就梦想。展望未来，格力电器将坚持专业化的发展战略，求真务实，开拓创新，以“缔造全球领先的空调企业，成就格力百年的世界品牌”为目标，为“中国梦”贡献更多的力量。</p>', '${demoImageUrlPrefix}/201601/6b6f1328-47dc-4570-bdfe-094eeb7e317b.gif', '格力', '1', 'http://www.gree.com.cn')
INSERT INTO Brand (id, createdDate, lastModifiedDate, version, orders, introduction, logo, name, type, url) VALUES ('20', to_date('${date?string("yyyy-MM-dd HH:mm:ss")}', 'yyyy-mm-dd hh24:mi:ss'), to_date('${date?string("yyyy-MM-dd HH:mm:ss")}', 'yyyy-mm-dd hh24:mi:ss'), '0', '20', '<p>海信坚持“技术立企、稳健经营”的发展战略，以优化产业结构为基础、技术创新为动力、资本运营为杠杆，持续健康发展。进入21世纪，海信以强大的全球研发人才组成的研发团队为后盾，以优秀的国际化经营管理团队为支撑，加快了产业扩张的速度，已形成了以数字多媒体技术、现代通信技术、智能信息系统技术、制冷技术为支撑，涵盖多媒体、家电、通信、智能信息系统和现代地产的产业格局。2013年海信实现销售收入932亿元，在中国电子信息百强企业中名列第六。</p><p>海信拥有海信电器（600060）和海信科龙电器（000921）两家在沪、深、港三地的上市公司，同时成为国内唯一一家持有海信（Hisense）、科龙（Kelon）和容声（Ronshen）三个中国著名商标的企业集团。海信电视、海信空调、海信冰箱、海信手机、科龙空调、容声冰箱全部当选中国名牌，海信电视、海信空调、海信冰箱全部被评为国家免检产品，海信电视首批获得国家出口免检资格。</p><p>海信是国家首批创新型企业，国家创新体系企业研发中心试点单位，中宣部、国务院国资委推举的全国十大国企典型，全国唯一一家两获“全国质量奖”的企业，拥有国家级企业技术中心、国家级博士后科研工作站、国家863成果产业化基地、国家火炬计划软件产业基地、数字多媒体技术国家重点实验室。海信在青岛、深圳、顺德、美国、欧洲等地建有研发中心，初步确立全球研发体系。科学高效的技术创新体系，使海信的技术创新工作始终走在国内同行的前列。</p>', '${demoImageUrlPrefix}/201601/64366d02-55e9-4427-a2ad-54ba020a7a5a.gif', '海信', '1', 'http://www.hisense.cn')
INSERT INTO Brand (id, createdDate, lastModifiedDate, version, orders, introduction, logo, name, type, url) VALUES ('21', to_date('${date?string("yyyy-MM-dd HH:mm:ss")}', 'yyyy-mm-dd hh24:mi:ss'), to_date('${date?string("yyyy-MM-dd HH:mm:ss")}', 'yyyy-mm-dd hh24:mi:ss'), '0', '21', '<p>创维成立于1988年，总部坐落在具有创新“硅谷”之称的深圳高新技术产业园，拥有3万5千多名员工。创维立足中国，面向全球，是以研发制造消费类电子、显示器件、数字机顶盒、安防监视器、网络通讯、半导体、冰洗、3C数码、LED照明等产品为主要产业的大型高科技集团公司，2000年在香港主板上市（HK00751）。经过26年发展，创维已跻身世界十大彩电品牌、中国显示行业领导品牌和中国电子百强第十三位，2013年创维品牌价值达485.07亿元。</p><p>创维坚持“核心产业做强，相关产业做大”战略，以香港创维数码控股有限公司为龙头，旗下设深圳创维-RGB电子公司、海外发展公司、数字技术公司、电器科技公司、群欣安防科技公司、液晶器件公司等十多家产业公司。拥有成都、南京、宜春三大物流中心；深圳石岩、深圳龙岗、广州、南京、内蒙古呼和浩特等生产基地；香港、深圳、北京、广州、南京等科研机构。国内彩电、数字机顶盒、安防监视器市场占有率，4K电视市场占有率，彩电行业持续盈利，年发明专利数量等六项行业第一。经过多年的布局和发展，逐步形成国际化经营模式，营销、服务分支机构遍布全球。在国内设有41个分公司、211个办事处，拥有超过2万个签约客户，缜密的分销、完善的服务体系渗透到县镇（乡）市场。</p><p>创维以品质为基石，倡导“彻底的产品主义”，坚持技术创新的发展理念，在核心产业彩电领域多次引领、推动产业转型升级，并在第三代显示技术OLED领域自主研发，不断续写彩电历史，奠定了创维在业界领导型品牌地位。创维以国际视野拓展业务，彩电、数字机顶盒等产品远销欧盟、美国、日本、俄罗斯以及东南亚、南美、中东等地区。</p><p>创维数字技术公司为中国最大机顶盒企业，年销量超2100万台，居国内业务第一，全球第四。旗下创维软件有限公司为国家规划布局重点软件企业。</p><p>创维群欣安防监视器、液晶器件、LED芯片、LED封装、半导体、汽车电子、精密模具、电冰箱、洗衣机、平板电脑等相关产业也进入发展的快车道，逐步做大做强，与彩电业务一起形成集团核心竞争力。</p><p>创维导入“诚信、共赢”之核心价值观及“成长价值观”，吸纳和培训各类优秀人才；众多的产业发展，为各类人才提供了广阔的舞台。</p><p>展望21世纪新十年，创维制定了五年实现500亿元、十年实现1000亿元营收的战略规划，打造数字消费电子纵深方向的产业链，为消费者提供完整的数字生活解决方案，令创维视听产品进入亿万家庭，让不同国家、不同民族的人们享受健康科技生活的美妙和乐趣，致力于成为“全球消费电子产业领导者”！</p>', '${demoImageUrlPrefix}/201601/e73abf6b-55e5-40b8-bd2c-3190e5978597.gif', '创维', '1', 'http://www.skyworth.com')
INSERT INTO Brand (id, createdDate, lastModifiedDate, version, orders, introduction, logo, name, type, url) VALUES ('22', to_date('${date?string("yyyy-MM-dd HH:mm:ss")}', 'yyyy-mm-dd hh24:mi:ss'), to_date('${date?string("yyyy-MM-dd HH:mm:ss")}', 'yyyy-mm-dd hh24:mi:ss'), '0', '22', '<p>先锋电子（中国）投资有限公司 是2001年4月16日由日本先锋株式会社出资成立。是日本先锋株式会社在中国、香港地区所投资的包括销售、研发、生产领域的14家公司之一。&nbsp;</p><p>先锋中国是先锋品牌在中国地区的统括公司，负责中国地区的统括业务及先锋相关产品的销售业务。本着&quot; 与更多人分享感动 &quot;的企业精神，不断推出高性能产品，努力创造永恒的视听奇迹，成为全球娱乐领域中的领航先锋。&nbsp;</p><p>先锋是全球影音娱乐及光盘技术的先驱，运用先进科技投入家用影音、车用影音以及商业用市场，展现对消费者的热情与娱乐事业的重视。&nbsp;</p><p>先锋中国所销售的产品包括家用影音产品、车用影音产品、车载导航产品及商用影视系统。家用影音产品包括DVD录像机、DVD影碟机、BD播放机、一体式家庭影院、分体式家庭影院、功率放大器、扬声器、耳机以及世界上先进的等离子电视机。车用影音产品有AV系统、CD播放机、扬声器系统、汽车音响功放系统等。AV一体化DVD车载导航产品将GPS导航、实时路况服务等先进信息导航功能与强势的影音播放娱乐功能结合在一起，为中国的车用多媒体领域开创了一个新的纪元。商业用产品包括IT相关产品以及CDJ调音系统等。先锋IT外围事业部不仅有效地整合了DVD产业的各项资源优势扶植全球DVD市场并以DVD技术、制造、与专业团队的优势，提供全球DVD-R/RW产品OEM市场、激光头等三大营运范畴。先锋的产品不仅拥有先进的功能，在外形设计上更是引导着消费新潮流。家用音视设备的Slim&amp;Smart化已成为同行业的典范。另外，有机显示技术在车用系统中的应用也已为驾车者提供了另一番时尚便捷、自由舒适娱乐天地。</p>', '${demoImageUrlPrefix}/201601/bc99341f-4e8c-46c6-b9eb-4652b8e2baa6.gif', '先锋', '1', 'http://www.pioneerchina.com')
INSERT INTO Brand (id, createdDate, lastModifiedDate, version, orders, introduction, logo, name, type, url) VALUES ('23', to_date('${date?string("yyyy-MM-dd HH:mm:ss")}', 'yyyy-mm-dd hh24:mi:ss'), to_date('${date?string("yyyy-MM-dd HH:mm:ss")}', 'yyyy-mm-dd hh24:mi:ss'), '0', '23', '<p>夏普（Sharp），是一家日本的电器及电子公司，创业于1912年，总公司设于日本大阪。夏普现已在世界25个国家，62个地区开展业务，是一个大型的综合性电子信息公司。2012年，夏普股价不断下跌，2012年9月27日，夏普宣布向日本国内的札幌证交所、名古屋证交所和福冈证交所提交退市申请。2013年4月23日据日本共同社报道，陷入经营困境的夏普公司2013财年（2013年4月至2014年3月）有望扭亏为盈，实现数十亿日元的净利润。这是由于夏普与国际巨头合作及在日元贬值的环境下，预计主要产品的液晶面板销量将增加。人员缩减等重组措施也将对改善业绩作出贡献。</p>', '${demoImageUrlPrefix}/201601/c3f708cf-1360-40f9-90f1-4696520f08e2.gif', '夏普', '1', 'http://www.sharp.cn')
INSERT INTO Brand (id, createdDate, lastModifiedDate, version, orders, introduction, logo, name, type, url) VALUES ('24', to_date('${date?string("yyyy-MM-dd HH:mm:ss")}', 'yyyy-mm-dd hh24:mi:ss'), to_date('${date?string("yyyy-MM-dd HH:mm:ss")}', 'yyyy-mm-dd hh24:mi:ss'), '0', '24', '<p>九阳股份有限公司成立于1994年，2008年5月28日在深圳证券交易所成功上市。是一家专注于健康厨房电器的研发、生产和销售的现代化企业。</p><p>九阳现有员工四千余人，平均年龄不超过30岁，其中管理层本科以上学历人员占90%以上，企业科技创新人员近千人。公司一直保持着健康、稳定、快速的发展已形成了跨区域的现代管理架构，在济南、杭州、苏州等地建有多个生产、研发基地，产品覆盖全国30多个省、市、自治区，并远销日本、美国、新加坡、印尼、泰国等二十多个国家和地区。</p><p>九阳公司在健康厨房电器领域不断拓展，新产品层出不穷，主要产品涵盖了豆浆机电压力煲、电磁炉、料理机、榨汁机、紫砂煲、开水煲、电饭煲、油烟机、燃气灶、消毒柜、热水器等十二大系列两百多个型号。</p><p>作为豆浆机行业的开创者和领导者，九阳持续引领新兴健康厨房电器的技术进步和发展，还积极把健康产业向上游延伸，开发了专供于酒店、写字楼的&quot;原磨豆浆&quot;商用豆浆机和出品自东北肥沃黑土的非转基因优质大豆&quot;阳光豆坊&quot;豆浆原料。2011年初，九阳斥巨资进军净水领域，推出九阳&quot;冰蓝&quot;系列净水机产品，全力打造&quot;好机+好豆+好水=好豆浆&quot;的健康产业链条。2012年，九阳成立大厨电事业部，“净吸王”油烟机、“爆炒王”燃气灶等系列产品上市，由此带来九阳健康产业的又一次升级。</p><p>九阳倡导健康饮食生活方式，致力于产品和服务的持续创新，为客户创造健康便捷、高品质的饮食解决方案。自1994年发明豆浆机至今，十七年来经历了11次重大技术革新，先后自主研发的文火慢熬、智能不粘等技术，攻克了制约豆浆机市场发展的诸多重大难题，带动了行业的崛起和大发展，引领豆浆机行业发展的方向。截止目前为止，公司拥有专利技术520项，其中发明专利27项，实用新型252项，外观专利241项，新增专利申请权230项，参与国家行业标准制修订超过30项， 2009年11月，由九阳担任组长的豆浆机国家标准审定通过，这是豆浆机行业发展的里程碑，豆浆机行业自此结束多年来鱼目混珠、无章可循的混乱局面。2010年10月，国际电工委员会(IEC)在西雅图召开了第76届IEC会议，九阳公司代表中国豆浆机行业提交了《豆浆机国际标准立案申请》并获得通过，代表着中国的豆浆机国家标准晋级&quot;国际标准&quot;取得了重要的突破。</p><p>健康和创新动态性的结合成为九阳DNA基因，带动九阳品牌和企业形象的建立。九阳现为国家知识产权试点企业、国家AAAA级标准化良好行为企业、国家商标战略实施示范企业、国家诚信典型示范企业，入选&quot;国家名片&quot;，九阳品牌被评为&quot;中国最有影响力的小家电品牌&quot;、&quot;国家重点保护品牌&quot;，九阳商标是中国驰名商标，九阳豆浆机是中国名牌产品，2010年&quot;九阳营养王豆浆机&quot;更荣获&quot;中国小家电原创奖&quot;行业最高殊荣。</p><p>未来，九阳将继续秉持&quot;健康、快乐、生活&quot;的理念，聚焦于健康厨房电器，走品牌和精品之路，以市场为导向，以健康为基因，以创新为手段，全面推进科技创新和产业化发展，实现健康厨房电器产品的多元化经营，持续为客户创造价值，将公司发展成为中国健康厨房电器行业的第一品牌。</p><p>九阳，创造健康生活！</p>', '${demoImageUrlPrefix}/201601/b150e04f-a831-4a3a-82f5-4abc29a1998c.gif', '九阳', '1', 'http://www.joyoung.com.cn')
INSERT INTO Brand (id, createdDate, lastModifiedDate, version, orders, introduction, logo, name, type, url) VALUES ('25', to_date('${date?string("yyyy-MM-dd HH:mm:ss")}', 'yyyy-mm-dd hh24:mi:ss'), to_date('${date?string("yyyy-MM-dd HH:mm:ss")}', 'yyyy-mm-dd hh24:mi:ss'), '0', '25', '<p>公司总部位于美国俄勒冈州Beaverton。公司生产的体育用品包罗万象，例如服装，鞋类，运动器材等。</p><p>耐克商标图案是个小钩子。耐克一直将激励全世界的每一位运动员并为其献上最好的产品视为光荣的任务。耐克首创的气垫技术给体育界带来了一场革命。运用这项技术制造出的运动鞋可以很好地保护运动员的膝盖.在其在作剧烈运动落地时减小对膝盖的影响。</p>', '${demoImageUrlPrefix}/201601/37406672-e5af-4bbc-81a4-20852726633f.gif', '耐克', '1', 'http://www.nike.com')
INSERT INTO Brand (id, createdDate, lastModifiedDate, version, orders, introduction, logo, name, type, url) VALUES ('26', to_date('${date?string("yyyy-MM-dd HH:mm:ss")}', 'yyyy-mm-dd hh24:mi:ss'), to_date('${date?string("yyyy-MM-dd HH:mm:ss")}', 'yyyy-mm-dd hh24:mi:ss'), '0', '26', '<p>特步（中国）有限公司系香港特步（国际）全额控股的有限责任公司，2008年6月3日在香港成功上市。企业创始于1987年， 2001年创立特步品牌，通过20多年的经营和发展，现有员工8000多人，集团旗下拥有北京、上海、厦门、安徽、湖南等分公司，系集鞋服配研发、制造、营销等为一体的体育用品专业运营商，企业年纳税超5亿元。</p>', '${demoImageUrlPrefix}/201601/c244049d-0463-4f98-88ec-f3b038f76706.gif', '特步', '1', 'http://www.xtep.com.cn')
INSERT INTO Brand (id, createdDate, lastModifiedDate, version, orders, introduction, logo, name, type, url) VALUES ('27', to_date('${date?string("yyyy-MM-dd HH:mm:ss")}', 'yyyy-mm-dd hh24:mi:ss'), to_date('${date?string("yyyy-MM-dd HH:mm:ss")}', 'yyyy-mm-dd hh24:mi:ss'), '0', '27', '<p>安踏体育用品有限公司(港交所：2020)，简称安踏体育、安踏，是中国一家知名的品牌体育用品企业，主要设计、开发、制造及销售运动服饰，包括“安踏”品牌的运动鞋类及服装。公司在1994年成立，总部设在泉州晋江市，主席为丁世忠先生。安踏体育在2007年于香港交易所上市，招股价$5 28港元，并获美国NBA篮球队休斯顿火箭班主Leslie Lee Alexander入股。首日上市收市价是$7 5港元，较招股价高42%。2009年，安踏体育向百丽国际收购FILA在中国、香港及澳门的分销商。</p>', '${demoImageUrlPrefix}/201601/06a5aab7-27a1-4ed7-848b-fc7c85df2a22.gif', '安踏', '1', 'http://www.anta.com')
INSERT INTO Brand (id, createdDate, lastModifiedDate, version, orders, introduction, logo, name, type, url) VALUES ('28', to_date('${date?string("yyyy-MM-dd HH:mm:ss")}', 'yyyy-mm-dd hh24:mi:ss'), to_date('${date?string("yyyy-MM-dd HH:mm:ss")}', 'yyyy-mm-dd hh24:mi:ss'), '0', '28', '<p>劲霸男装专注茄克35年，它用独特设计终结了茄克的单调，从而成为中国高级时尚茄克领先者，同时引领茄克及配套服饰的研发设计，让休闲装更时尚。</p><p>劲霸男装秉持 &quot;一个人一辈子能把一件事情做好就不得了&quot;的核心价值观，专注茄克34年的发展历程中，一直专心、专业、专注于以茄克为核心品类的男装市场，以&quot;款式设计领先&quot;和&quot;丰富版型经验&quot;获得消费者良好口碑，并通过精湛领先的产品研发设计，强而有力的品牌运营管理，稳健齐备的专卖销售体系，成为中国商务休闲男装的旗舰品牌。</p><p>劲霸男装现在全国拥有形象统一、规范管理的品牌专卖店3000多家。</p><p>2013年，连续10年入选&quot;中国500最具价值品牌&quot;的劲霸男装，以287.55亿元的品牌价值继续蝉联中国休闲男装第一价值品牌。</p><p>先后荣获&quot;中国名牌&quot;、&quot;国家免检产品&quot;，&quot;全国重合同守信用单位&quot;、&quot;中国休闲男装行业标志性品牌&quot;、&quot;中国品牌年度大奖&quot;、&quot;中国青年最喜爱品牌&quot;等多项殊荣。</p><p>劲霸男装是全国服装标准化技术委员会茄克标准制定工作组秘书企业，担负着茄克国标制修订的重任；劲霸男装与中国流行色协会共同设立&quot;中国茄克色彩研发基地&quot;，是中国茄克产业创新能力和时尚竞争力的孵化基地。</p><p>面向未来，面向世界，劲霸男装始终坚持&quot;一个人一辈子能把一件事情做好就不得了&quot;的核心价值观，始终坚持&quot;引领中国茄克走向世界&quot;品牌使命，全力打造&quot;中国男装第一品牌，世界茄克第一品牌&quot;，致力实现&quot;百年劲霸，基业长青&quot;的宏图伟愿。</p>', '${demoImageUrlPrefix}/201601/74ece407-1cea-4184-9cdf-c5d13759a0d1.gif', '劲霸', '1', 'http://www.k-boxing.com')
INSERT INTO Brand (id, createdDate, lastModifiedDate, version, orders, introduction, logo, name, type, url) VALUES ('29', to_date('${date?string("yyyy-MM-dd HH:mm:ss")}', 'yyyy-mm-dd hh24:mi:ss'), to_date('${date?string("yyyy-MM-dd HH:mm:ss")}', 'yyyy-mm-dd hh24:mi:ss'), '0', '29', '<p>福建柒牌集团有限公司始创于1979年，经过三十余载的创业、发展，现已成为一家以服饰研究、设计和制造为主、集销售为一体的综合性集团公司。目前企业净资产9.7亿元，公司占地面积200余亩，建筑面积22万平方米，拥有员工5000多名，拥有世界一流的服装生产设备，已在全国31个省、市（自治区）设立3000多家专卖店。自2001年以来连续11年产品销售收入、利润总额名列全国服装行业前十强。</p>', '${demoImageUrlPrefix}/201601/bbf66ea5-430b-43d3-987d-71ec5c60aca5.gif', '柒牌', '1', 'http://www.qipai.com')
INSERT INTO Brand (id, createdDate, lastModifiedDate, version, orders, introduction, logo, name, type, url) VALUES ('30', to_date('${date?string("yyyy-MM-dd HH:mm:ss")}', 'yyyy-mm-dd hh24:mi:ss'), to_date('${date?string("yyyy-MM-dd HH:mm:ss")}', 'yyyy-mm-dd hh24:mi:ss'), '0', '30', '<p>杉杉，1989年创建于浙江宁波，现总部位于上海。20多年来，杉杉从单一的服装企业，发展成为集科技、时尚、金融服务、城市综合体和贸易物流等五大产业于一体的多元化产业集群，旗下拥有“杉杉股份（600884）”,“中科英华（600110）”两家上市公司。2002年至今，杉杉连年荣登中国企业500强。</p><p>杉杉坚持“实业与投资并驾齐驱，产业和金融双轮驱动，技术和管理持续创新”的发展战略。通过积极创新经营模式强化人才战略，完善管控模式，杉杉正在成为产融结合、管理精细、稳健发展的中国旗舰型民营企业。</p><p>锂电材料是杉杉的支柱产业之一。作为国内首批进入锂离子电池材料行业的企业，经过十余年持续投入，杉杉已在上海、宁波、长沙、郴州、东莞、廊坊等地设有多家生产企业和1家研究院，并成为锂离子电池正极、负极及电解液领域国内最大、世界第二的锂电材料综合供应商。在技术先进性和规模化方面，杉杉迅速与三星、索尼等并驾齐驱，并进入奔驰、松下等国际知名公司供应链。</p><p>作为中国服装龙头企业，1996年杉杉成为中国服装行业第一家上市公司(杉杉股份：600884)，21世纪初，以“多品牌、国际化”战略成为国内最好的时尚品牌运营商，聚集20多个国际知名品牌。</p><p>杉杉依托实业优势，积极布局金融服务业，努力打造并逐步形成金融控股平台。目前，杉杉在银行、证券、基金、期货、保险、融资租赁等领域都有成功投资。</p><p>城市综合体是杉杉近年来新的重要发展引擎。杉杉先后与三井不动产等知名企业在宁波、哈尔滨、郑州等地成功投资开发奥特莱斯商业连锁服务项目，定位近郊型城市综合体。正在建设中的宁波中心集高端购物中心、四季酒店、国际高端写字楼、酒店式公寓及高端精装住宅于一体、建筑面积91万平方米，是杉杉大型城市综合体的成功力作典范。未来十年，杉杉还将在中国布局15-20家拥有国际标准的奥特莱斯广场。</p><p>杉杉稳健发展国际贸易和物流业务，致力于成为世界一流的大宗商品分销商，以整合产业链上下游优质资源，实现技工贸一体化，做大做强规模商贸产业。</p><p>杉杉秉承正直、负责、创新、奉献的共同价值观。作为一家积极承担企业公民社会责任的上市企业，杉杉持续与利益相关者沟通与反馈，积极参与地方经济发展，关爱员工健康与职业发展，关注和支持贫困弱势群体、青少年教育、自然环保等事业。在慈善、公益等方面杉杉累计向社会赞助、捐赠总价值逾3亿元，先后入选胡润中国企业慈善榜、《南方周末》中国企业社会贡献榜、社会责任榜。</p>', '${demoImageUrlPrefix}/201601/3e6d3100-0558-43cb-88c7-77a09e0ea8c7.gif', '杉杉', '1', 'http://www.shanshan.com')
INSERT INTO Brand (id, createdDate, lastModifiedDate, version, orders, introduction, logo, name, type, url) VALUES ('31', to_date('${date?string("yyyy-MM-dd HH:mm:ss")}', 'yyyy-mm-dd hh24:mi:ss'), to_date('${date?string("yyyy-MM-dd HH:mm:ss")}', 'yyyy-mm-dd hh24:mi:ss'), '0', '31', '<p>红豆集团是国务院120家深化改革试点企业之一，江苏省唯一一家由国家工商总局认定的商标战略实施示范企业。红豆集团党委是全国先进基层党组织，也是唯一一家由中组部发文号召全国企事单位学习的民营企业党组织。多年来，红豆以优异的销售业绩稳居中国服装业百强亚军。2013年集团营收同比增长11.2%，税缴增长26%。</p><p>红豆以创民族品牌为己任，从企业草创的1957年，到走出困境的1983年，再到目前产业相对多元化，并大力推进品牌建设，实现转型升级：由生产经营型向创造运营型转变、由资产经营型向产融结合型转变、由国内企业向跨国企业转变，并进行产业升级及竞争力升级。企业的产品也从最初的针织内衣，发展到服装、橡胶轮胎、生物制药、地产四大领域，经济总量居中国民营企业500强第45位。2001年1月，“红豆股份”在上交所交易，企业开始迈入资本经营。集团有12家子公司，包括两家上市公司，在柬埔寨建立了11.13平方公里的工业园，拥有美国纽约、洛杉矶两个境外分公司。“红豆”、“千里马”商标先后被国家工商局认定为中国驰名商标；企业通过ISO9001：2008质量体系认证，拥有多个“中国名牌”产品。</p><p>多年来，红豆集团荣获国家级荣誉500多项。2007年3月，“红豆”品牌荣获中国服装行业最高殊荣——成就大奖。2007年4月，红豆成为国内首家通过“CSC9000T企业社会责任”认证的企业。红豆集团因其推行卓越绩效管理取得的优异成绩，获得“2009度全国纺织实施卓越绩效模式先进企业”。2011年11月，红豆集团获得“CCTV中国年度品牌”。2012年5月，红豆集团技术中心被评为国家级技术中心，成为中国纺织服装行业较少拥有国家级技术中心的企业。集团党委书记、总裁周海江先后当选为党的十七大、十八大代表，2012年底当选为全国工商联副主席。</p><p>在努力发展经济的同时，红豆不断加大回馈社会的力度，多年来，对外捐款、捐物超3亿元，同时，集团也不断提高员工收入，使员工分享企业的发展成果。红豆建立的人才、技术、产品、管理、文化的创新机制，成为企业腾飞的强大助力。竞争上岗、制度选人等制度的推行，使企业充满活力。近几年，集团加速转型升级，加快品牌连锁专卖网络体系建设，使企业后劲十足。</p><p>今后，红豆将通过继续举办“红豆·七夕节”等活动，提升品牌文化含量，努力成为“中国第一文化品牌”，向“千亿红豆、美丽红豆、幸福红豆”和“打造百年跨国企业”的目标前进。</p>', '${demoImageUrlPrefix}/201601/1665e3a2-2051-4d63-80a5-8535d940cced.gif', '红豆', '1', 'http://www.hongdou.com')
INSERT INTO Brand (id, createdDate, lastModifiedDate, version, orders, introduction, logo, name, type, url) VALUES ('32', to_date('${date?string("yyyy-MM-dd HH:mm:ss")}', 'yyyy-mm-dd hh24:mi:ss'), to_date('${date?string("yyyy-MM-dd HH:mm:ss")}', 'yyyy-mm-dd hh24:mi:ss'), '0', '32', '<p>婷美内衣以塑形内衣启动了整个美体修形产业，成就了自己的内衣霸业。婷美内衣从中国女性“美体修形”这一实际需求出发，以四十多项专利保证，数十位各学科专家凝成一件看起来简单不过的内衣，开创出近百亿元规模的美体市场规模。 婷美品牌为北京市著名商标，是北京经济技术开发区&quot;每平方米土地税收最高内资企业&quot;、&quot;民营高新技术企业纳税大户&quot;，婷美集团更是北京市五十家重点联系民营企业之一。婷美集团属下公司多为高新技术企业 、婷美集团北京世纪诚通铭泰汽车销售连锁有限公司、婷美集团北京世纪婷美营销策划有限公司、婷美集团国际发展有限公司（香港）、婷美集团北京世纪婷悦美体科技发展有限公司、婷美集团北京婷悦化妆品有限公司、婷美集团北京世纪康婷美体医学技术研究中心、婷美集团上海世纪婷美保健技术有限公司、婷美集团天津华纳国际贸易有限公司），涉及女士内衣、保暖内衣、保健品、洗涤化妆品、消防器材、汽车配品及销售六大产业。</p>', '${demoImageUrlPrefix}/201601/20fab848-0260-4f0a-9827-fa1ab584f596.gif', '婷美', '1', 'http://www.timier.com')
INSERT INTO Brand (id, createdDate, lastModifiedDate, version, orders, introduction, logo, name, type, url) VALUES ('33', to_date('${date?string("yyyy-MM-dd HH:mm:ss")}', 'yyyy-mm-dd hh24:mi:ss'), to_date('${date?string("yyyy-MM-dd HH:mm:ss")}', 'yyyy-mm-dd hh24:mi:ss'), '0', '33', '<p>薇姿（VICHY）是全球专业敏感肌护肤领先品牌。欧莱雅集团旗下品牌，法国三大药妆品牌之一，薇姿一直关注于美丽，并倡导健康引导美丽，且不断探索创新。针对不同类型的皮肤，提供具有不同特点的系列产品，以达到绝佳效果。</p>', '${demoImageUrlPrefix}/201601/7cdf0912-0477-441a-95a9-5b1190fce7bb.gif', '薇姿', '1', 'http://www.vichy.com.cn')
INSERT INTO Brand (id, createdDate, lastModifiedDate, version, orders, introduction, logo, name, type, url) VALUES ('34', to_date('${date?string("yyyy-MM-dd HH:mm:ss")}', 'yyyy-mm-dd hh24:mi:ss'), to_date('${date?string("yyyy-MM-dd HH:mm:ss")}', 'yyyy-mm-dd hh24:mi:ss'), '0', '34', '<p>美即是一家存有信仰与理想的企业，一直以来都希望在塑造美丽的同时，也能在骤变的世界，唤醒人们心中的一份柔软，以此让人们能在现实的世界感知不一样的美好。信仰的坚持，企业公民责任的践行，让企业的理想逐渐被广泛传播与认同。2010年9月，美即在香港联合交易所成功上市，自此，美即控股国际有限公司成为中国日化行业7大上市企业之一。美即控股集团旗下有广州美即化妆品有限公司、广州美即生物科技有限公司、广州市中合美容化妆品有限公司、重庆朗禾化妆品有限公司、南京芊达化妆品有限公司等多家公司。</p><p>作为美即控股的核心企业，广州美即化妆品有限公司专注于面膜美容护肤领域，迄今拥有13个系列，超过170种面膜产品。公司已在全国23个省份、5个自治区和4个直辖市拥有200多家分销商及1万多个销售点（仍在增长中）。2009年至今，连续多年高居中国面膜市场占有率第一位，成为中国内地市场面膜品类领导企业。</p>', '${demoImageUrlPrefix}/201601/525ef662-0b21-40ee-b07e-2d07d8920372.gif', '美即', '1', 'http://www.mgmask.cn')
INSERT INTO Brand (id, createdDate, lastModifiedDate, version, orders, introduction, logo, name, type, url) VALUES ('35', to_date('${date?string("yyyy-MM-dd HH:mm:ss")}', 'yyyy-mm-dd hh24:mi:ss'), to_date('${date?string("yyyy-MM-dd HH:mm:ss")}', 'yyyy-mm-dd hh24:mi:ss'), '0', '35', '<p>从事美容行业将近50年历史的多芬是全球著名的女性品牌，是联合利华最有价值的品牌之一。40多年来，多芬一直用真人来做广告。就像多芬的英文名字Dove一样，这是一个象征着希望、快乐、和平以及所有积极事物的名字。其旗下产品包括护肤品，洗发膏等。</p>', '${demoImageUrlPrefix}/201601/7765842e-6de6-45b3-921f-8f38937d7e0b.gif', '多芬', '1', 'http://www.dove.com')
INSERT INTO Brand (id, createdDate, lastModifiedDate, version, orders, introduction, logo, name, type, url) VALUES ('36', to_date('${date?string("yyyy-MM-dd HH:mm:ss")}', 'yyyy-mm-dd hh24:mi:ss'), to_date('${date?string("yyyy-MM-dd HH:mm:ss")}', 'yyyy-mm-dd hh24:mi:ss'), '0', '36', '<p>沙宣是宝洁公司洗发水品牌中的后起之秀，他们请来国际著名美发专家维达·沙宣做自己的品牌形象大使，并用维达·沙宣本人的名字作为品牌，从而树立起专业洗发、护发的形象，而“我的光彩来自你的风采”则有画龙点睛之感。作为国际美发先锋，沙宣的灵感来自四面八方。从怀旧的摇滚到摩登的T台时装秀；从经典的建筑到耐人探索的星际，每一款都张扬着沙宣的创新精神。</p>', '${demoImageUrlPrefix}/201601/3f2afa1f-4f99-4cb8-a35b-1a2ccc3f1302.gif', '沙宣', '1', 'http://www.vs.com.cn')
INSERT INTO Brand (id, createdDate, lastModifiedDate, version, orders, introduction, logo, name, type, url) VALUES ('37', to_date('${date?string("yyyy-MM-dd HH:mm:ss")}', 'yyyy-mm-dd hh24:mi:ss'), to_date('${date?string("yyyy-MM-dd HH:mm:ss")}', 'yyyy-mm-dd hh24:mi:ss'), '0', '37', '<p>法国欧莱雅集团是世界上最大的化妆品公司，创办于1907年。</p><p>欧莱雅集团世界美妆品行业中的的领导者，经营范围遍及130多个国家和地区，在全球拥有283家分公司、42家工厂、100多个代理商，以及5万多名的员工，是总部设于法国旳跨国公司，也是财富全球500强企业之一。</p>', '${demoImageUrlPrefix}/201601/71329413-9c2d-4631-9e9a-62d85441e9e1.gif', '欧莱雅', '1', 'http://www.lorealparis.com.cn')
INSERT INTO Brand (id, createdDate, lastModifiedDate, version, orders, introduction, logo, name, type, url) VALUES ('38', to_date('${date?string("yyyy-MM-dd HH:mm:ss")}', 'yyyy-mm-dd hh24:mi:ss'), to_date('${date?string("yyyy-MM-dd HH:mm:ss")}', 'yyyy-mm-dd hh24:mi:ss'), '0', '38', '<p>Maybelline(美宝莲纽约)的名字是由他的妹妹的名字(Maybel)以及凡士林(Vaseline)的后半部分组成的。 美宝莲纽约于1917年成立之时，生产出了世界上第一支现代眼部化妆品：美宝莲纽约块状睫毛膏(Maybelline Cake Mascara)。 如今，美宝莲纽约已经成为了一个具有传奇色彩的全球化妆品先驱公司。世界90多个国家及城市中，美宝莲纽约已经成为第一个针对女性生产化妆及护肤品的公司。至今已经有了97年品牌历史。美宝莲纽约(Maybelline New York)提供包括专业脸部彩妆、眼部彩妆、唇部彩妆产品。</p><p>美宝莲纽约在中国出售的纯矿物油粉底销量雄踞第一，并建立第一条生产帮助改善皮肤的矿物粉底生产线。美宝莲纽约在纽约成立了城市肌肤研究所，旨在研究城市居住环境对女性肌肤的影响，同时针对城市肌肤，生产一系列将以种籽为配方的护肤产品，从大自然探寻到肌肤的净化力量，让肌肤保持自然美丽。</p><p>美宝莲纽约市公认的彩妆及美容时尚品牌，是纽约时装周以及其他大型时尚秀指定的彩妆产品美宝莲纽约还与来自中国的谭玉燕(Vivienne Tam)进行了紧密合作。</p>', '${demoImageUrlPrefix}/201601/95cb1387-25a6-43b5-97ff-f34aa2b92aa7.gif', '美宝莲', '1', 'http://www.maybellinechina.com')
INSERT INTO Brand (id, createdDate, lastModifiedDate, version, orders, introduction, logo, name, type, url) VALUES ('39', to_date('${date?string("yyyy-MM-dd HH:mm:ss")}', 'yyyy-mm-dd hh24:mi:ss'), to_date('${date?string("yyyy-MM-dd HH:mm:ss")}', 'yyyy-mm-dd hh24:mi:ss'), '0', '39', '<p>妮维雅（NIVEA) 是德国拜尔斯道夫公司所有的大型全球护肤品与身体护理品品牌。1911年拜耳斯道夫拥有EUCERIT的油基乳剂皮肤软膏后成立了该公司，该乳剂为同类产品中第一种稳定的乳剂。该公司所有人Oskar Troplowitz 将公司命名为NIVEA，其中的灵感来自于拉丁语niveus,-a,-um(雪白之意)。30年代，拜耳斯道夫开始生产防晒油，剃须膏，洗发水和面部护理产品。“NIVEA”商标在第二次世界大战后被许多国家没收，但是拜耳斯道夫最终于1997年购回所有商标权。</p><p>今天，在全球公认的最具权威性的肌肤及医学研究中心——BDF公司的PGU研究中心，有一百多位博士正在研发自然，高效的产品，其成果已使妮维雅(Nivea)成为全球最大的护肤用品品牌。其品牌形象——“妮维雅能给肌肤最温和的呵护”已深入人心。在欧洲，妮维雅(Nivea)更已成为皮肤保养的代名词。妮维雅(Nivea)产品在身体保养，脸部保养，防晒，唇部保养，个人清洁，男士护肤等品类已稳居欧洲市场排名第一。</p>', '${demoImageUrlPrefix}/201601/f7eab93f-a6e6-43b5-bda9-93dc7bf6b608.gif', '妮维雅', '1', 'http://www.nivea.com.cn')
INSERT INTO Brand (id, createdDate, lastModifiedDate, version, orders, introduction, logo, name, type, url) VALUES ('40', to_date('${date?string("yyyy-MM-dd HH:mm:ss")}', 'yyyy-mm-dd hh24:mi:ss'), to_date('${date?string("yyyy-MM-dd HH:mm:ss")}', 'yyyy-mm-dd hh24:mi:ss'), '0', '40', '<p>海飞丝（Head &amp; Shoulders）是宝洁公司（Procter &amp; Gamble）的一款洗发精产品，属于中档洗发品牌。1986年进入台湾，1991年进入中国大陆，以“去头皮屑”为其特点。</p><p>在中国大陆，海伦仙度丝被称为海飞丝，但台湾早年也由葡萄王企业公司推出过同名的洗发精，亦以去头皮屑为号召，但两者并无任何关系。</p><p>在中国大陆市场，海飞丝还有护发素，2006年换了全新的包装，护发素也全新升级。</p><p>海飞丝始创于1837年的宝洁公司，是世界最大的日用消费品公司之一。2003-2004财政年度，公司全年销售额为514亿美元。在《财富》杂志最新评选出的全球500家最大工业/服务业企业中，排名第86位。宝洁公司全球雇员近10万，在全球80多个国家设有工厂及分公司，所经营的300多个品牌的产品畅销160多个国家和地区，其中包括织物及家居护理、美发美容、婴儿及家庭护理、健康护理、食品及饮料等。著名护发品牌海飞丝奉献最新研究成果——活力锌。</p>', '${demoImageUrlPrefix}/201601/f33265cf-e732-4771-bc01-acf512053821.gif', '海飞丝', '1', 'http://www.head-shoulders.com.cn')
INSERT INTO Brand (id, createdDate, lastModifiedDate, version, orders, introduction, logo, name, type, url) VALUES ('41', to_date('${date?string("yyyy-MM-dd HH:mm:ss")}', 'yyyy-mm-dd hh24:mi:ss'), to_date('${date?string("yyyy-MM-dd HH:mm:ss")}', 'yyyy-mm-dd hh24:mi:ss'), '0', '41', '<p>欧普照明始于1996年，是一家集研发、生产和销售于一体的综合型照明企业。历经18年的发展，公司现有员工6000多人，拥有上海总部及中山工业园、吴江工业园等多个生产基地；公司产品涵盖LED及传统光源、灯具、电工电器、吊顶产品等领域。作为中国照明行业领先的整体照明解决方案提供者，欧普照明不仅致力于研究光的合理运用，提供贴心产品，还为消费者提供差异化整体照明解决方案等专业的配套服务，全面提升用户体验。针对不同场合，欧普提供的照明方案能满足人在不同时间、不同空间生理需求和心理需求的灯光。</p>', '${demoImageUrlPrefix}/201601/b405e453-c938-4f13-9f20-33d466ac9220.gif', '欧普', '1', 'http://www.opple.com.cn')
INSERT INTO Brand (id, createdDate, lastModifiedDate, version, orders, introduction, logo, name, type, url) VALUES ('42', to_date('${date?string("yyyy-MM-dd HH:mm:ss")}', 'yyyy-mm-dd hh24:mi:ss'), to_date('${date?string("yyyy-MM-dd HH:mm:ss")}', 'yyyy-mm-dd hh24:mi:ss'), '0', '42', '<p>公牛是一家致力于以创新科技、智能产品、优质服务为消费者提供全方位电源连接解决方案的电工集团。我们不断观察消费者的需求及渴望，竭力以创新科技为亿万家庭提供安全舒适的用电环境；我们不断引领行业升级革新，与智能、舒适、便捷的未来电气时代同行。</p><p>以客户需求为尊的可持续发展战略</p><p>我们以满足消费者的需求为使命，在以人为本的基础上进行多元化的开拓，不断在用电保护领域寻找安全、高效的答案，提升用户体验，打造出真正符合人们需要的新一代技术和产品。坚持绿色生产，注重可持续发展，打造低碳生活——绿色、智能、时尚，将是我们新一轮发展的关键词。</p><p>创新科技引领行业升级</p><p>科技创新是公牛作为一家国际化企业的发展命脉，凭借研发中心的一流人才资源和硬件资源，我们先进的研发体系一次次带动了行业创新与升级，先后获得159项产品外观专利、85项实用专利、9项发明专利，不断升级用电体验，实现您未曾敢想的种种可能。</p><p>以员工关怀为要的人本政策</p><p>人是公司的发展根本，我们愿与员工同发展，共筑梦。我们提供优厚合理的薪酬福利待遇和公平公正的选拔机制，这也让我们拥有了一批朝气蓬勃、对公牛事业充满热爱的年轻人，他们正如创始人阮立平当初在小小的作坊里制图、研发第一款公牛产品一样，怀揣着热情和梦想，准备放手一搏，大展宏图。</p><p>爱心回馈，践行企业社会责任</p><p>作为一家有社会责任心的企业，我们积极参与公益活动，用自己的力量影响大众，构建和谐社会。持续不断的付出，让人们看到一个充满爱心和社会影响力的品牌形象。我们相信企业对社会的价值创造，可以帮助人们拥有舒适智能的精彩生活，我们为之孜孜不倦，不断前行。</p><p>未来，公牛集团将在经营理念、发展战略、品牌建设、产品研发和业务模式方面坚持创新、不断超越，为消费者提供全方位电源连接解决方案，陪伴亿万家庭迈向智能、舒适、便捷的未来生活！</p>', '${demoImageUrlPrefix}/201601/d67715a4-b687-4138-91af-93d98785c906.gif', '公牛', '1', 'http://www.gongniu.cn')
INSERT INTO Brand (id, createdDate, lastModifiedDate, version, orders, introduction, logo, name, type, url) VALUES ('43', to_date('${date?string("yyyy-MM-dd HH:mm:ss")}', 'yyyy-mm-dd hh24:mi:ss'), to_date('${date?string("yyyy-MM-dd HH:mm:ss")}', 'yyyy-mm-dd hh24:mi:ss'), '0', '43', '<p>妙洁家用品来自于在台湾超过50年历史的脱普企业集团，在中国深耕已有22年。妙洁本着为中国现代化家庭提供更健康、方便、轻松的生活理念，不断推出最新最好的产品满足消费者更高的生活需求！&nbsp;</p><p>至今妙洁家用品已有保鲜膜、保鲜袋、拖把、手套、抹布、百洁布、一次性用品、垃圾袋、保鲜盒9大类两百余种的家用系列产品。</p>', '${demoImageUrlPrefix}/201601/f8c283db-468f-4415-8b09-45fbb53d593c.gif', '妙洁', '1', 'http://www.miaojie.com.cn')
INSERT INTO Brand (id, createdDate, lastModifiedDate, version, orders, introduction, logo, name, type, url) VALUES ('44', to_date('${date?string("yyyy-MM-dd HH:mm:ss")}', 'yyyy-mm-dd hh24:mi:ss'), to_date('${date?string("yyyy-MM-dd HH:mm:ss")}', 'yyyy-mm-dd hh24:mi:ss'), '0', '44', '<p>中宇建材集团有限公司位于中国原海上丝绸之路（陶瓷之路）起点——福建泉州，是中国最具实力的整体厨卫家居研发、生产、销售一体化大型股份制企业，中国最大的卫浴水暖产品及配件制造商之一，亚洲最具规模的水龙头及铜阀门配件出口企业之一，中国卫浴水暖产品多项国家标准主要起草单位之一。 &nbsp;</p><p>集团始建于1979年，历经三十多年坚实而稳健的发展，总资产超40亿元人民币的集团公司，并成功推动中宇卫浴（德国）股份有限公司成为首家在欧洲上市的中国卫浴企业。 &nbsp;</p><p>目前集团已拥有强大的整体卫浴生产系统，涵盖卫生陶瓷厂，浴室家具厂、花洒厂、淋浴房厂、浴缸厂、龙头五金厂等，公司引进10条行业先进的卫生陶瓷隧道窑生产线，届时将建成国内最大的卫生陶瓷制造生产基地之一，为自主品牌及世界级卫浴品牌提供服务，促进行业全球化高速发展。 &nbsp;</p><p>产品涵盖卫生陶瓷、浴室家具、龙头五金、淋浴花洒、浴缸、淋浴房、不锈钢水槽、浴室挂件及铜阀门、铜材产品等。 &nbsp;</p><p>获得过多项国内外权威认证，如ISO国际质量管理、环境管理、职业安全卫生管理体系认证，美国NSF、英国WRAS、欧洲CE、加拿大CASS等多项国际权威认证，产品畅销德国、英国、美国、加拿大、东南亚及中国等近30个国家。 &nbsp;</p><p>集团创立之初就确定自主品牌全球化经营战略，现拥有“JOYOU•中宇卫浴”品牌，实行内外销渠道同步发展道路。并于2009年与世界卫浴行业巨头德国（高仪）达成全球战略合作伙伴关系，2011年全面接管高仪（中国）品牌及市场业务，加强吸纳与消化东西方管理模式，从管理、技术、人才诸方面实现品牌资源优势互补，未来，集团将持续致力于为全球消费者创造舒适、健康、环保、时尚的卫浴家居产品， 把“JOYOU•中宇卫浴”打造成世界名牌。&nbsp;</p>', '${demoImageUrlPrefix}/201601/4a4fd5eb-8aa2-4d0c-92dd-468c843af3f6.gif', '中宇', '1', 'http://www.joyou.com.cn')
INSERT INTO Brand (id, createdDate, lastModifiedDate, version, orders, introduction, logo, name, type, url) VALUES ('45', to_date('${date?string("yyyy-MM-dd HH:mm:ss")}', 'yyyy-mm-dd hh24:mi:ss'), to_date('${date?string("yyyy-MM-dd HH:mm:ss")}', 'yyyy-mm-dd hh24:mi:ss'), '0', '45', '<p>多喜爱家纺股份有限公司为家用纺织品企业，自成立以来一直致力于以套件类产品（含枕套、被套、床单、床笠等）、芯类产品（含枕芯、被芯）为主的家纺用品的研发设计、外包生产、品牌推广、渠道建设和销售等业务，具备行业领先的自主研发设计能力、严格的供应商筛选机制、完善的生产控制体系、强大的渠道拓展能力及健全的销售服务体系。公司一直着力打造“时尚家纺”概念，注重产品设计风格，通过主题、色彩、花型等方式突出时尚、新潮的品牌内涵，并始终坚持对产品功能性的开发和提升，通过各种技术手段有效提高了产品的抗菌、防霉和保健等功能，对追求简约、时尚、个性的细分市场受众具有较强的品牌粘性，在广大消费者人群中获得了较高的美誉度。</p><p>“Dohia多喜爱”品牌注册于1999年，自公司成立以来，多喜爱商标多次被湖南省工商局认定为湖南省著名商标，2009年多喜爱品牌被湖南省商务局、湖南省国际知名品牌认定委员会授予湖南省国际知名品牌证书。</p><p>2007年“多喜爱”被认定为中国驰名商标。</p><p>2008年公司获得IS09001质量认证，同年被认定为高新技术企业。</p><p>2010年公司担任全国卫生产业企业管理协会抗菌产业分会理事单位，负责主持制订《含银抗菌溶液》行业标准。</p><p>2011年公司获得中国纺织工业协会2011年度产品开发贡献奖。</p><p>2011年公司获得清科集团颁发“中国最具投资价值企业50强”。</p><p>2012年公司获得湖南省科学技术进步二等奖。</p><p>公司现已成为家纺行业时尚的前沿品牌，公司产品设计以欧洲时尚简约风格为主，产品设计风格不但国内领先，也与世界时尚潮流同步，公司同时还代理美国华纳弟兄（WB）、美国3M等品牌的产品，近年来公司的高速成长已使公司成为家纺行业无法取代的新锐力量。</p>', '${demoImageUrlPrefix}/201601/51e0e307-7ade-47ea-ab92-c7260f1e4323.gif', '多喜爱', '1', 'http://www.dohia.com')
INSERT INTO Brand (id, createdDate, lastModifiedDate, version, orders, introduction, logo, name, type, url) VALUES ('46', to_date('${date?string("yyyy-MM-dd HH:mm:ss")}', 'yyyy-mm-dd hh24:mi:ss'), to_date('${date?string("yyyy-MM-dd HH:mm:ss")}', 'yyyy-mm-dd hh24:mi:ss'), '0', '46', '<p>&quot;北极绒&quot;属上海赛洋集团旗下品牌，诞生于1998年，是中国最早的保暖内衣龙头品牌之一。产品一经问世，依靠先进的科技理念、优良的品质、大众化消费，以一骑绝尘之势迅速占领市场。赵本山代言广告语&quot;怕冷就穿北极绒，地球人都知道&quot;，更是迅速传遍全国各地、街头巷尾，成为人们茶余饭后的谈资。北极绒也借此迅速蹿升为中国保暖内衣行业的重要领导品牌之一。</p>', '${demoImageUrlPrefix}/201601/e493a288-1385-44fd-a96d-c43439019fc9.gif', '北极绒', '1', 'http://www.bejirog.com')
INSERT INTO Brand (id, createdDate, lastModifiedDate, version, orders, introduction, logo, name, type, url) VALUES ('47', to_date('${date?string("yyyy-MM-dd HH:mm:ss")}', 'yyyy-mm-dd hh24:mi:ss'), to_date('${date?string("yyyy-MM-dd HH:mm:ss")}', 'yyyy-mm-dd hh24:mi:ss'), '0', '47', '<p>1989年，恒源祥（集团）有限公司正式将“恒源祥”字号注册为主商标。从1991年到现在，公司成功地探索实践出了一条品牌经营之路——通过实施品牌战略，充分利用品牌的无形资产调动和组合社会有形资产和资源，组成特许生产和特许经营的战略联盟，实现了规模经营和快速发展。</p><p>现今，恒源祥（集团）有限公司已经发展成为一家拥有15家子公司、国家级企业技术中心、近百家特许生产加盟工厂、近万家特许经销商、覆盖四大主要产业（绒线、家纺、服饰、针织）、年度品牌零售额近60亿元的现代服务型企业。在发展过程中，恒源祥（集团）有限公司十分注重提升品牌经营能力，不断挖掘品牌和文化的深刻内涵，在品牌和文化的理论和实践上不断突破和创新，真正实践出了一条通过实施品牌经营战略、可持续的现代服务型企业创新之路。</p><p>“持续为社会创造价值，推动人类社会的进步和发展”是公司对于社会责任的理解和承诺，公司确立了以使命、精神和价值观为核心的文化体系，正在努力探索和实践一个能生、能长(zhang)、能长(chang)的企业发展模式。</p>', '${demoImageUrlPrefix}/201601/b5511810-3d02-4457-9133-6c996ce05758.gif', '恒源祥', '1', 'http://www.hyx1927.com')
INSERT INTO Brand (id, createdDate, lastModifiedDate, version, orders, introduction, logo, name, type, url) VALUES ('48', to_date('${date?string("yyyy-MM-dd HH:mm:ss")}', 'yyyy-mm-dd hh24:mi:ss'), to_date('${date?string("yyyy-MM-dd HH:mm:ss")}', 'yyyy-mm-dd hh24:mi:ss'), '0', '48', '<p>深圳市富安娜家居用品股份有限公司，成立于1994年8月，于2009年12月在深圳A股成功上市（股票代码：002327），是一家集研发、设计、生产、销售于一体的综合型家纺龙头企业，产品现已涉及家居床品、饰品、居家用品等多个系列，为成千上万消费者引领了独特的艺术家居生活方式。</p><p>目前富安娜拥有“富安娜”、“维莎”、 “馨而乐”、“酷奇智”、“圣之花”五大品牌，并拥有300人的专职研发队伍，每年推出新款花型达200多种、新产品600多款，拥有发明专利1件，实用新型专利10件，美术作品著作权1050件，计算机软件著作权3件，是国内同行业中拥有自主知识产权最多的企业之一。</p><p>公司在全国各地布局了先进的生产物流基地，目前，富安娜拥有深圳龙华、江苏常熟、四川南充三大生产基地，并采用国际先进的ERP系统实施信息化管理。</p><p>富安娜拥有健全的营销服务体系，截止2013年底，在全国已拥有32家子公司，开设2200余家专卖店/柜，全面进驻全国一、二线城市知名商圈，确立了其在家纺行业的领导者品牌地位，从自营店销售的单一模式发展成为直营销售、加盟经销、电子商务、电购团购等多渠道营销推广模式。</p><p>作为家纺行业的领军企业，富安娜公司及其董事长林国芳先生一直勇于承担社会责任，共向社会捐赠超过1亿元，用于教育、医疗、扶贫济困等公益事业。</p><p>富安娜公司一直保持稳定发展，2013年的销售收入超过18亿元，净利润比上年增长近20%，奉献了家纺行业内最优的业绩表现。目前公司正在从单纯的产品品牌经营向大家居渠道品牌建设转变。</p>', '${demoImageUrlPrefix}/201601/65358ab6-405c-41d6-95fa-216a72dfae85.gif', '富安娜', '1', 'http://www.fuanna.com.cn')

INSERT INTO InstantMessage (id, createdDate, lastModifiedDate, version, orders, account, name, type, store_id) VALUES ('1', to_date('${date?string("yyyy-MM-dd HH:mm:ss")}', 'yyyy-mm-dd hh24:mi:ss'), to_date('${date?string("yyyy-MM-dd HH:mm:ss")}', 'yyyy-mm-dd hh24:mi:ss'), '0', '2', '88888888', 'QQ', '0', '1')
INSERT INTO InstantMessage (id, createdDate, lastModifiedDate, version, orders, account, name, type, store_id) VALUES ('2', to_date('${date?string("yyyy-MM-dd HH:mm:ss")}', 'yyyy-mm-dd hh24:mi:ss'), to_date('${date?string("yyyy-MM-dd HH:mm:ss")}', 'yyyy-mm-dd hh24:mi:ss'), '0', '1', '99999999', '旺旺', '1', '1')
INSERT INTO InstantMessage (id, createdDate, lastModifiedDate, version, orders, account, name, type, store_id) VALUES ('3', to_date('${date?string("yyyy-MM-dd HH:mm:ss")}', 'yyyy-mm-dd hh24:mi:ss'), to_date('${date?string("yyyy-MM-dd HH:mm:ss")}', 'yyyy-mm-dd hh24:mi:ss'), '0', '2', '888888888', 'QQ', '0', '2')
INSERT INTO InstantMessage (id, createdDate, lastModifiedDate, version, orders, account, name, type, store_id) VALUES ('4', to_date('${date?string("yyyy-MM-dd HH:mm:ss")}', 'yyyy-mm-dd hh24:mi:ss'), to_date('${date?string("yyyy-MM-dd HH:mm:ss")}', 'yyyy-mm-dd hh24:mi:ss'), '0', '1', '999999999', '旺旺', '1', '2')

INSERT INTO Parameter (id, createdDate, lastModifiedDate, version, orders, parameterGroup, names, productCategory_id) VALUES ('1', to_date('${date?string("yyyy-MM-dd HH:mm:ss")}', 'yyyy-mm-dd hh24:mi:ss'), to_date('${date?string("yyyy-MM-dd HH:mm:ss")}', 'yyyy-mm-dd hh24:mi:ss'), '0', '1', '基本参数', '["操作系统","CPU频率","核心数","电池类型","电池容量"]', '41')
INSERT INTO Parameter (id, createdDate, lastModifiedDate, version, orders, parameterGroup, names, productCategory_id) VALUES ('2', to_date('${date?string("yyyy-MM-dd HH:mm:ss")}', 'yyyy-mm-dd hh24:mi:ss'), to_date('${date?string("yyyy-MM-dd HH:mm:ss")}', 'yyyy-mm-dd hh24:mi:ss'), '0', '2', '显示', '["屏幕尺寸","触摸屏类型","分辨率"]', '41')
INSERT INTO Parameter (id, createdDate, lastModifiedDate, version, orders, parameterGroup, names, productCategory_id) VALUES ('3', to_date('${date?string("yyyy-MM-dd HH:mm:ss")}', 'yyyy-mm-dd hh24:mi:ss'), to_date('${date?string("yyyy-MM-dd HH:mm:ss")}', 'yyyy-mm-dd hh24:mi:ss'), '0', '3', '存储', '["运行内存","机身内存"]', '41')
INSERT INTO Parameter (id, createdDate, lastModifiedDate, version, orders, parameterGroup, names, productCategory_id) VALUES ('4', to_date('${date?string("yyyy-MM-dd HH:mm:ss")}', 'yyyy-mm-dd hh24:mi:ss'), to_date('${date?string("yyyy-MM-dd HH:mm:ss")}', 'yyyy-mm-dd hh24:mi:ss'), '0', '4', '基本参数', '["有效像素","显示屏尺寸","储存介质","电池类型","电池容量"]', '49')
INSERT INTO Parameter (id, createdDate, lastModifiedDate, version, orders, parameterGroup, names, productCategory_id) VALUES ('5', to_date('${date?string("yyyy-MM-dd HH:mm:ss")}', 'yyyy-mm-dd hh24:mi:ss'), to_date('${date?string("yyyy-MM-dd HH:mm:ss")}', 'yyyy-mm-dd hh24:mi:ss'), '0', '5', '镜头', '["镜头类型","变焦方式","对焦方式","焦距","微距"]', '49')
INSERT INTO Parameter (id, createdDate, lastModifiedDate, version, orders, parameterGroup, names, productCategory_id) VALUES ('6', to_date('${date?string("yyyy-MM-dd HH:mm:ss")}', 'yyyy-mm-dd hh24:mi:ss'), to_date('${date?string("yyyy-MM-dd HH:mm:ss")}', 'yyyy-mm-dd hh24:mi:ss'), '0', '6', '曝光', '["曝光模式","ISO感光度","白平衡模式","场景模式"]', '49')
INSERT INTO Parameter (id, createdDate, lastModifiedDate, version, orders, parameterGroup, names, productCategory_id) VALUES ('7', to_date('${date?string("yyyy-MM-dd HH:mm:ss")}', 'yyyy-mm-dd hh24:mi:ss'), to_date('${date?string("yyyy-MM-dd HH:mm:ss")}', 'yyyy-mm-dd hh24:mi:ss'), '0', '7', '显示', '["屏幕尺寸","显示比例","屏幕类型","分辨率"]', '79')
INSERT INTO Parameter (id, createdDate, lastModifiedDate, version, orders, parameterGroup, names, productCategory_id) VALUES ('8', to_date('${date?string("yyyy-MM-dd HH:mm:ss")}', 'yyyy-mm-dd hh24:mi:ss'), to_date('${date?string("yyyy-MM-dd HH:mm:ss")}', 'yyyy-mm-dd hh24:mi:ss'), '0', '8', 'CPU', '["CPU类型","CPU频率","CPU缓存"]', '79')
INSERT INTO Parameter (id, createdDate, lastModifiedDate, version, orders, parameterGroup, names, productCategory_id) VALUES ('9', to_date('${date?string("yyyy-MM-dd HH:mm:ss")}', 'yyyy-mm-dd hh24:mi:ss'), to_date('${date?string("yyyy-MM-dd HH:mm:ss")}', 'yyyy-mm-dd hh24:mi:ss'), '0', '9', '内存', '["内存容量","内存类型","最大支持容量"]', '79')
INSERT INTO Parameter (id, createdDate, lastModifiedDate, version, orders, parameterGroup, names, productCategory_id) VALUES ('10', to_date('${date?string("yyyy-MM-dd HH:mm:ss")}', 'yyyy-mm-dd hh24:mi:ss'), to_date('${date?string("yyyy-MM-dd HH:mm:ss")}', 'yyyy-mm-dd hh24:mi:ss'), '0', '10', '显示', '["屏幕尺寸","显示比例","屏幕类型","分辨率"]', '82')
INSERT INTO Parameter (id, createdDate, lastModifiedDate, version, orders, parameterGroup, names, productCategory_id) VALUES ('11', to_date('${date?string("yyyy-MM-dd HH:mm:ss")}', 'yyyy-mm-dd hh24:mi:ss'), to_date('${date?string("yyyy-MM-dd HH:mm:ss")}', 'yyyy-mm-dd hh24:mi:ss'), '0', '11', '连接', '["WiFi","3G","蓝牙"]', '82')
INSERT INTO Parameter (id, createdDate, lastModifiedDate, version, orders, parameterGroup, names, productCategory_id) VALUES ('12', to_date('${date?string("yyyy-MM-dd HH:mm:ss")}', 'yyyy-mm-dd hh24:mi:ss'), to_date('${date?string("yyyy-MM-dd HH:mm:ss")}', 'yyyy-mm-dd hh24:mi:ss'), '0', '12', '电池', '["电池类型","电池容量","续航时间"]', '82')
INSERT INTO Parameter (id, createdDate, lastModifiedDate, version, orders, parameterGroup, names, productCategory_id) VALUES ('13', to_date('${date?string("yyyy-MM-dd HH:mm:ss")}', 'yyyy-mm-dd hh24:mi:ss'), to_date('${date?string("yyyy-MM-dd HH:mm:ss")}', 'yyyy-mm-dd hh24:mi:ss'), '0', '13', '显示', '["屏幕尺寸","显示比例","屏幕类型","分辨率","响应时间"]', '145')
INSERT INTO Parameter (id, createdDate, lastModifiedDate, version, orders, parameterGroup, names, productCategory_id) VALUES ('14', to_date('${date?string("yyyy-MM-dd HH:mm:ss")}', 'yyyy-mm-dd hh24:mi:ss'), to_date('${date?string("yyyy-MM-dd HH:mm:ss")}', 'yyyy-mm-dd hh24:mi:ss'), '0', '14', '端口', '["USB","HDMI","光纤"]', '145')
INSERT INTO Parameter (id, createdDate, lastModifiedDate, version, orders, parameterGroup, names, productCategory_id) VALUES ('15', to_date('${date?string("yyyy-MM-dd HH:mm:ss")}', 'yyyy-mm-dd hh24:mi:ss'), to_date('${date?string("yyyy-MM-dd HH:mm:ss")}', 'yyyy-mm-dd hh24:mi:ss'), '0', '15', '功耗', '["电源功率","待机功率","工作电压"]', '145')
INSERT INTO Parameter (id, createdDate, lastModifiedDate, version, orders, parameterGroup, names, productCategory_id) VALUES ('16', to_date('${date?string("yyyy-MM-dd HH:mm:ss")}', 'yyyy-mm-dd hh24:mi:ss'), to_date('${date?string("yyyy-MM-dd HH:mm:ss")}', 'yyyy-mm-dd hh24:mi:ss'), '0', '16', '基本参数', '["制冷类型","工作方式","空调功率","能效等级","制冷量","制冷功率","制热量","制热功率"]', '150')
INSERT INTO Parameter (id, createdDate, lastModifiedDate, version, orders, parameterGroup, names, productCategory_id) VALUES ('17', to_date('${date?string("yyyy-MM-dd HH:mm:ss")}', 'yyyy-mm-dd hh24:mi:ss'), to_date('${date?string("yyyy-MM-dd HH:mm:ss")}', 'yyyy-mm-dd hh24:mi:ss'), '0', '17', '功能', '["静音设计","自动清洁","独立除湿","除甲醛"]', '150')
INSERT INTO Parameter (id, createdDate, lastModifiedDate, version, orders, parameterGroup, names, productCategory_id) VALUES ('18', to_date('${date?string("yyyy-MM-dd HH:mm:ss")}', 'yyyy-mm-dd hh24:mi:ss'), to_date('${date?string("yyyy-MM-dd HH:mm:ss")}', 'yyyy-mm-dd hh24:mi:ss'), '0', '18', '规格', '["内机尺寸","外机尺寸","内机重量","外机重量"]', '150')

INSERT INTO Product (id, createdDate, lastModifiedDate, version, attributeValue0, attributeValue1, attributeValue10, attributeValue11, attributeValue12, attributeValue13, attributeValue14, attributeValue15, attributeValue16, attributeValue17, attributeValue18, attributeValue19, attributeValue2, attributeValue3, attributeValue4, attributeValue5, attributeValue6, attributeValue7, attributeValue8, attributeValue9, caption, cost, hits, image, introduction, isActive, isDelivery, isList, isMarketable, isTop, keyword, marketPrice, memo, monthHits, monthHitsDate, monthSales, monthSalesDate, name, parameterValues, price, productImages, sales, score, scoreCount, sn, specificationItems, totalScore, type, unit, weekHits, weekHitsDate, weekSales, weekSalesDate, weight, brand_id, productCategory_id, store_id, storeProductCategory_id) VALUES ('1', to_date('${date?string("yyyy-MM-dd HH:mm:ss")}', 'yyyy-mm-dd hh24:mi:ss'), to_date('${date?string("yyyy-MM-dd HH:mm:ss")}', 'yyyy-mm-dd hh24:mi:ss'), '0', '4-5英寸', '移动4G', NULL, NULL, NULL, NULL, NULL, NULL, NULL, NULL, NULL, NULL, '单卡多模', 'iOS', NULL, NULL, NULL, NULL, NULL, NULL, '铝金属外壳，64位智能手机，畅享3G/4G网络', NULL, '0', '${demoImageUrlPrefix}/201601/e39f89ce-e08a-4546-8aee-67d4427e86e2-thumbnail.jpg', '<p><img src="${demoImageUrlPrefix}/201601/65feeba6-e840-486d-a617-7ebe77d1b244.png"/></p>', '1', '1', '1', '1', '1', '苹果,apple,iPhone,iPhone5s', '5040.000000', NULL, '0', to_date('${date?string("yyyy-MM-dd HH:mm:ss")}', 'yyyy-mm-dd hh24:mi:ss'), '0', to_date('${date?string("yyyy-MM-dd HH:mm:ss")}', 'yyyy-mm-dd hh24:mi:ss'), '苹果 iPhone 5s', '[{"group":"基本参数","entries":[{"name":"操作系统","value":"iOS"},{"name":"CPU频率","value":"1.3GHz"},{"name":"核心数","value":"双核"},{"name":"电池类型","value":"锂电池"}]},{"group":"显示","entries":[{"name":"屏幕尺寸","value":"4.0英寸"},{"name":"触摸屏类型","value":"电容屏、多点触控"},{"name":"分辨率","value":"1136 x 640"}]},{"group":"存储","entries":[{"name":"运行内存","value":"1GB"},{"name":"机身内存","value":"16GB"}]}]', '4200.000000', '[{"source":"${demoImageUrlPrefix}/201601/e39f89ce-e08a-4546-8aee-67d4427e86e2-source.jpg","large":"${demoImageUrlPrefix}/201601/e39f89ce-e08a-4546-8aee-67d4427e86e2-large.jpg","medium":"${demoImageUrlPrefix}/201601/e39f89ce-e08a-4546-8aee-67d4427e86e2-medium.jpg","thumbnail":"${demoImageUrlPrefix}/201601/e39f89ce-e08a-4546-8aee-67d4427e86e2-thumbnail.jpg","order":1},{"source":"${demoImageUrlPrefix}/201601/00705b09-2f7c-438b-b0a2-cbe236c1407d-source.jpg","large":"${demoImageUrlPrefix}/201601/00705b09-2f7c-438b-b0a2-cbe236c1407d-large.jpg","medium":"${demoImageUrlPrefix}/201601/00705b09-2f7c-438b-b0a2-cbe236c1407d-medium.jpg","thumbnail":"${demoImageUrlPrefix}/201601/00705b09-2f7c-438b-b0a2-cbe236c1407d-thumbnail.jpg","order":2}]', '0', '0', '0', '20160101101', '[{"name":"颜色","entries":[{"id":1,"value":"黑色","isSelected":false},{"id":2,"value":"白色","isSelected":false},{"id":3,"value":"银色","isSelected":true},{"id":4,"value":"灰色","isSelected":true},{"id":5,"value":"红色","isSelected":false},{"id":6,"value":"金色","isSelected":true}]},{"name":"内存容量","entries":[{"id":7,"value":"16GB","isSelected":true},{"id":8,"value":"32GB","isSelected":true},{"id":9,"value":"64GB","isSelected":true},{"id":10,"value":"128GB","isSelected":false}]}]', '0', '0', '台', '0', to_date('${date?string("yyyy-MM-dd HH:mm:ss")}', 'yyyy-mm-dd hh24:mi:ss'), '0', to_date('${date?string("yyyy-MM-dd HH:mm:ss")}', 'yyyy-mm-dd hh24:mi:ss'), '350', '1', '41', '1', '7')
INSERT INTO Product (id, createdDate, lastModifiedDate, version, attributeValue0, attributeValue1, attributeValue10, attributeValue11, attributeValue12, attributeValue13, attributeValue14, attributeValue15, attributeValue16, attributeValue17, attributeValue18, attributeValue19, attributeValue2, attributeValue3, attributeValue4, attributeValue5, attributeValue6, attributeValue7, attributeValue8, attributeValue9, caption, cost, hits, image, introduction, isActive, isDelivery, isList, isMarketable, isTop, keyword, marketPrice, memo, monthHits, monthHitsDate, monthSales, monthSalesDate, name, parameterValues, price, productImages, sales, score, scoreCount, sn, specificationItems, totalScore, type, unit, weekHits, weekHitsDate, weekSales, weekSalesDate, weight, brand_id, productCategory_id, store_id, storeProductCategory_id) VALUES ('2', to_date('${date?string("yyyy-MM-dd HH:mm:ss")}', 'yyyy-mm-dd hh24:mi:ss'), to_date('${date?string("yyyy-MM-dd HH:mm:ss")}', 'yyyy-mm-dd hh24:mi:ss'), '0', '4-5英寸', '移动4G', NULL, NULL, NULL, NULL, NULL, NULL, NULL, NULL, NULL, NULL, '单卡多模', 'iOS', NULL, NULL, NULL, NULL, NULL, NULL, '至大至薄，强劲动力', NULL, '0', '${demoImageUrlPrefix}/201601/d7f59d79-1958-4059-852c-0d6531788b48-thumbnail.jpg', '<p><img src="${demoImageUrlPrefix}/201601/655abfa9-49b1-419c-af87-ca8b950dc4fe.png"/></p>', '1', '1', '1', '1', '1', '苹果,apple,iPhone,iPhone6', '6240.000000', NULL, '0', to_date('${date?string("yyyy-MM-dd HH:mm:ss")}', 'yyyy-mm-dd hh24:mi:ss'), '0', to_date('${date?string("yyyy-MM-dd HH:mm:ss")}', 'yyyy-mm-dd hh24:mi:ss'), '苹果 iPhone 6', '[{"group":"基本参数","entries":[{"name":"操作系统","value":"iOS"},{"name":"电池类型","value":"锂电池"}]},{"group":"显示","entries":[{"name":"屏幕尺寸","value":"4.7英寸"},{"name":"触摸屏类型","value":"电容屏、多点触控"},{"name":"分辨率","value":"1334 x 750"}]}]', '5200.000000', '[{"source":"${demoImageUrlPrefix}/201601/d7f59d79-1958-4059-852c-0d6531788b48-source.jpg","large":"${demoImageUrlPrefix}/201601/d7f59d79-1958-4059-852c-0d6531788b48-large.jpg","medium":"${demoImageUrlPrefix}/201601/d7f59d79-1958-4059-852c-0d6531788b48-medium.jpg","thumbnail":"${demoImageUrlPrefix}/201601/d7f59d79-1958-4059-852c-0d6531788b48-thumbnail.jpg","order":1},{"source":"${demoImageUrlPrefix}/201601/4146d7e4-1be0-4341-8718-91dd553c696c-source.jpg","large":"${demoImageUrlPrefix}/201601/4146d7e4-1be0-4341-8718-91dd553c696c-large.jpg","medium":"${demoImageUrlPrefix}/201601/4146d7e4-1be0-4341-8718-91dd553c696c-medium.jpg","thumbnail":"${demoImageUrlPrefix}/201601/4146d7e4-1be0-4341-8718-91dd553c696c-thumbnail.jpg","order":2}]', '0', '0', '0', '20160101102', '[{"name":"颜色","entries":[{"id":0,"value":"黑色","isSelected":false},{"id":1,"value":"白色","isSelected":false},{"id":2,"value":"银色","isSelected":true},{"id":3,"value":"灰色","isSelected":true},{"id":4,"value":"红色","isSelected":false},{"id":5,"value":"金色","isSelected":true}]},{"name":"内存容量","entries":[{"id":6,"value":"16GB","isSelected":true},{"id":7,"value":"32GB","isSelected":false},{"id":8,"value":"64GB","isSelected":true},{"id":9,"value":"128GB","isSelected":true}]}]', '0', '0', '台', '0', to_date('${date?string("yyyy-MM-dd HH:mm:ss")}', 'yyyy-mm-dd hh24:mi:ss'), '0', to_date('${date?string("yyyy-MM-dd HH:mm:ss")}', 'yyyy-mm-dd hh24:mi:ss'), '400', '1', '41', '1', '7')
INSERT INTO Product (id, createdDate, lastModifiedDate, version, attributeValue0, attributeValue1, attributeValue10, attributeValue11, attributeValue12, attributeValue13, attributeValue14, attributeValue15, attributeValue16, attributeValue17, attributeValue18, attributeValue19, attributeValue2, attributeValue3, attributeValue4, attributeValue5, attributeValue6, attributeValue7, attributeValue8, attributeValue9, caption, cost, hits, image, introduction, isActive, isDelivery, isList, isMarketable, isTop, keyword, marketPrice, memo, monthHits, monthHitsDate, monthSales, monthSalesDate, name, parameterValues, price, productImages, sales, score, scoreCount, sn, specificationItems, totalScore, type, unit, weekHits, weekHitsDate, weekSales, weekSalesDate, weight, brand_id, productCategory_id, store_id, storeProductCategory_id) VALUES ('3', to_date('${date?string("yyyy-MM-dd HH:mm:ss")}', 'yyyy-mm-dd hh24:mi:ss'), to_date('${date?string("yyyy-MM-dd HH:mm:ss")}', 'yyyy-mm-dd hh24:mi:ss'), '0', '4-5英寸', '移动3G', NULL, NULL, NULL, NULL, NULL, NULL, NULL, NULL, NULL, NULL, '单卡多模', 'Android', NULL, NULL, NULL, NULL, NULL, NULL, '时尚便携，畅享3G网络', NULL, '0', '${demoImageUrlPrefix}/201601/031e30a4-6237-4650-a14c-5132aa126acd-thumbnail.jpg', '<p><img src="${demoImageUrlPrefix}/201601/43aa7db7-cc85-4d3e-b0eb-99b582b24fb3.png"/></p>', '1', '1', '1', '1', '1', '三星,samsung,三星G3818,G3818', '1440.000000', NULL, '0', to_date('${date?string("yyyy-MM-dd HH:mm:ss")}', 'yyyy-mm-dd hh24:mi:ss'), '0', to_date('${date?string("yyyy-MM-dd HH:mm:ss")}', 'yyyy-mm-dd hh24:mi:ss'), '三星 G3818', '[{"group":"基本参数","entries":[{"name":"操作系统","value":"Android"},{"name":"CPU频率","value":"1.2GHz"},{"name":"核心数","value":"四核"},{"name":"电池类型","value":"锂电池"},{"name":"电池容量","value":"2100mAh"}]},{"group":"显示","entries":[{"name":"屏幕尺寸","value":"4.5英寸"},{"name":"触摸屏类型","value":"电容屏、多点触控"},{"name":"分辨率","value":"960 x 540"}]},{"group":"存储","entries":[{"name":"运行内存","value":"1GB"},{"name":"机身内存","value":"4GB"}]}]', '1200.000000', '[{"source":"${demoImageUrlPrefix}/201601/031e30a4-6237-4650-a14c-5132aa126acd-source.jpg","large":"${demoImageUrlPrefix}/201601/031e30a4-6237-4650-a14c-5132aa126acd-large.jpg","medium":"${demoImageUrlPrefix}/201601/031e30a4-6237-4650-a14c-5132aa126acd-medium.jpg","thumbnail":"${demoImageUrlPrefix}/201601/031e30a4-6237-4650-a14c-5132aa126acd-thumbnail.jpg","order":1},{"source":"${demoImageUrlPrefix}/201601/75c56df2-e30c-4130-9ac1-2bdd764f61c7-source.jpg","large":"${demoImageUrlPrefix}/201601/75c56df2-e30c-4130-9ac1-2bdd764f61c7-large.jpg","medium":"${demoImageUrlPrefix}/201601/75c56df2-e30c-4130-9ac1-2bdd764f61c7-medium.jpg","thumbnail":"${demoImageUrlPrefix}/201601/75c56df2-e30c-4130-9ac1-2bdd764f61c7-thumbnail.jpg","order":2},{"source":"${demoImageUrlPrefix}/201601/a5bd8371-2f7e-48c2-814c-6231454ca0b2-source.jpg","large":"${demoImageUrlPrefix}/201601/a5bd8371-2f7e-48c2-814c-6231454ca0b2-large.jpg","medium":"${demoImageUrlPrefix}/201601/a5bd8371-2f7e-48c2-814c-6231454ca0b2-medium.jpg","thumbnail":"${demoImageUrlPrefix}/201601/a5bd8371-2f7e-48c2-814c-6231454ca0b2-thumbnail.jpg","order":3}]', '0', '0', '0', '20160101103', '[{"name":"颜色","entries":[{"id":0,"value":"黑色","isSelected":true},{"id":1,"value":"白色","isSelected":true},{"id":2,"value":"银色","isSelected":false},{"id":3,"value":"灰色","isSelected":false},{"id":4,"value":"红色","isSelected":false},{"id":5,"value":"金色","isSelected":false}]}]', '0', '0', '台', '0', to_date('${date?string("yyyy-MM-dd HH:mm:ss")}', 'yyyy-mm-dd hh24:mi:ss'), '0', to_date('${date?string("yyyy-MM-dd HH:mm:ss")}', 'yyyy-mm-dd hh24:mi:ss'), '300', '2', '41', '1', '9')
INSERT INTO Product (id, createdDate, lastModifiedDate, version, attributeValue0, attributeValue1, attributeValue10, attributeValue11, attributeValue12, attributeValue13, attributeValue14, attributeValue15, attributeValue16, attributeValue17, attributeValue18, attributeValue19, attributeValue2, attributeValue3, attributeValue4, attributeValue5, attributeValue6, attributeValue7, attributeValue8, attributeValue9, caption, cost, hits, image, introduction, isActive, isDelivery, isList, isMarketable, isTop, keyword, marketPrice, memo, monthHits, monthHitsDate, monthSales, monthSalesDate, name, parameterValues, price, productImages, sales, score, scoreCount, sn, specificationItems, totalScore, type, unit, weekHits, weekHitsDate, weekSales, weekSalesDate, weight, brand_id, productCategory_id, store_id, storeProductCategory_id) VALUES ('4', to_date('${date?string("yyyy-MM-dd HH:mm:ss")}', 'yyyy-mm-dd hh24:mi:ss'), to_date('${date?string("yyyy-MM-dd HH:mm:ss")}', 'yyyy-mm-dd hh24:mi:ss'), '0', '5-6英寸', '电信4G', NULL, NULL, NULL, NULL, NULL, NULL, NULL, NULL, NULL, NULL, '双卡多模', 'Android', NULL, NULL, NULL, NULL, NULL, NULL, 'IP67级防尘防水，超级续航，电力持久', NULL, '0', '${demoImageUrlPrefix}/201601/10ac8459-4110-47df-80f9-3a7d0486dd30-thumbnail.jpg', '<p><img src="${demoImageUrlPrefix}/201601/06185005-d60a-49c0-a1f0-466efb50fcdd.png"/></p>', '1', '1', '1', '1', '1', '三星,samsung,Galaxy S5 G9009W', '4560.000000', NULL, '0', to_date('${date?string("yyyy-MM-dd HH:mm:ss")}', 'yyyy-mm-dd hh24:mi:ss'), '0', to_date('${date?string("yyyy-MM-dd HH:mm:ss")}', 'yyyy-mm-dd hh24:mi:ss'), '三星 Galaxy S5 G9009W', '[{"group":"基本参数","entries":[{"name":"操作系统","value":"Android"},{"name":"CPU频率","value":"2.5GHz"},{"name":"核心数","value":"四核"},{"name":"电池类型","value":"锂电池"},{"name":"电池容量","value":"2800mAh"}]},{"group":"显示","entries":[{"name":"屏幕尺寸","value":"5.1英寸"},{"name":"触摸屏类型","value":"电容屏、多点触控"},{"name":"分辨率","value":"1920 x 1080"}]},{"group":"存储","entries":[{"name":"运行内存","value":"2GB"},{"name":"机身内存","value":"16GB"}]}]', '3800.000000', '[{"source":"${demoImageUrlPrefix}/201601/10ac8459-4110-47df-80f9-3a7d0486dd30-source.jpg","large":"${demoImageUrlPrefix}/201601/10ac8459-4110-47df-80f9-3a7d0486dd30-large.jpg","medium":"${demoImageUrlPrefix}/201601/10ac8459-4110-47df-80f9-3a7d0486dd30-medium.jpg","thumbnail":"${demoImageUrlPrefix}/201601/10ac8459-4110-47df-80f9-3a7d0486dd30-thumbnail.jpg","order":1},{"source":"${demoImageUrlPrefix}/201601/59c4693b-8601-4344-8c31-c94fa9b80d5c-source.jpg","large":"${demoImageUrlPrefix}/201601/59c4693b-8601-4344-8c31-c94fa9b80d5c-large.jpg","medium":"${demoImageUrlPrefix}/201601/59c4693b-8601-4344-8c31-c94fa9b80d5c-medium.jpg","thumbnail":"${demoImageUrlPrefix}/201601/59c4693b-8601-4344-8c31-c94fa9b80d5c-thumbnail.jpg","order":2},{"source":"${demoImageUrlPrefix}/201601/e81217d1-22d5-4e3d-b549-8f8a63db1439-source.jpg","large":"${demoImageUrlPrefix}/201601/e81217d1-22d5-4e3d-b549-8f8a63db1439-large.jpg","medium":"${demoImageUrlPrefix}/201601/e81217d1-22d5-4e3d-b549-8f8a63db1439-medium.jpg","thumbnail":"${demoImageUrlPrefix}/201601/e81217d1-22d5-4e3d-b549-8f8a63db1439-thumbnail.jpg","order":3},{"source":"${demoImageUrlPrefix}/201601/fb983ce1-ca9c-4276-9041-e0587f835201-source.jpg","large":"${demoImageUrlPrefix}/201601/fb983ce1-ca9c-4276-9041-e0587f835201-large.jpg","medium":"${demoImageUrlPrefix}/201601/fb983ce1-ca9c-4276-9041-e0587f835201-medium.jpg","thumbnail":"${demoImageUrlPrefix}/201601/fb983ce1-ca9c-4276-9041-e0587f835201-thumbnail.jpg","order":4},{"source":"${demoImageUrlPrefix}/201601/ddffe8ed-4f93-4d9a-bae5-07408f892804-source.jpg","large":"${demoImageUrlPrefix}/201601/ddffe8ed-4f93-4d9a-bae5-07408f892804-large.jpg","medium":"${demoImageUrlPrefix}/201601/ddffe8ed-4f93-4d9a-bae5-07408f892804-medium.jpg","thumbnail":"${demoImageUrlPrefix}/201601/ddffe8ed-4f93-4d9a-bae5-07408f892804-thumbnail.jpg","order":5}]', '0', '0', '0', '20160101104', '[{"name":"颜色","entries":[{"id":0,"value":"黑色","isSelected":true},{"id":1,"value":"白色","isSelected":true},{"id":2,"value":"银色","isSelected":false},{"id":3,"value":"灰色","isSelected":false},{"id":4,"value":"红色","isSelected":false},{"id":5,"value":"金色","isSelected":false}]}]', '0', '0', '台', '0', to_date('${date?string("yyyy-MM-dd HH:mm:ss")}', 'yyyy-mm-dd hh24:mi:ss'), '0', to_date('${date?string("yyyy-MM-dd HH:mm:ss")}', 'yyyy-mm-dd hh24:mi:ss'), '400', '2', '41', '1', '9')
INSERT INTO Product (id, createdDate, lastModifiedDate, version, attributeValue0, attributeValue1, attributeValue10, attributeValue11, attributeValue12, attributeValue13, attributeValue14, attributeValue15, attributeValue16, attributeValue17, attributeValue18, attributeValue19, attributeValue2, attributeValue3, attributeValue4, attributeValue5, attributeValue6, attributeValue7, attributeValue8, attributeValue9, caption, cost, hits, image, introduction, isActive, isDelivery, isList, isMarketable, isTop, keyword, marketPrice, memo, monthHits, monthHitsDate, monthSales, monthSalesDate, name, parameterValues, price, productImages, sales, score, scoreCount, sn, specificationItems, totalScore, type, unit, weekHits, weekHitsDate, weekSales, weekSalesDate, weight, brand_id, productCategory_id, store_id, storeProductCategory_id) VALUES ('5', to_date('${date?string("yyyy-MM-dd HH:mm:ss")}', 'yyyy-mm-dd hh24:mi:ss'), to_date('${date?string("yyyy-MM-dd HH:mm:ss")}', 'yyyy-mm-dd hh24:mi:ss'), '0', '5-6英寸', '移动4G', NULL, NULL, NULL, NULL, NULL, NULL, NULL, NULL, NULL, NULL, '双卡多模', 'Android', NULL, NULL, NULL, NULL, NULL, NULL, '一体化设计，尖端工艺', NULL, '1', '${demoImageUrlPrefix}/201601/198bc691-83e8-42f5-9595-5a54367911c3-thumbnail.jpg', '<p><img src="${demoImageUrlPrefix}/201601/25606c77-73d6-4bf4-befc-d4721000b300.png"/></p>', '1', '1', '1', '1', '1', '华为,huawei', '2280.000000', NULL, '1', to_date('${date?string("yyyy-MM-dd HH:mm:ss")}', 'yyyy-mm-dd hh24:mi:ss'), '0', to_date('${date?string("yyyy-MM-dd HH:mm:ss")}', 'yyyy-mm-dd hh24:mi:ss'), '华为 Ascend G7', '[{"group":"基本参数","entries":[{"name":"操作系统","value":"Android"},{"name":"CPU频率","value":"1.2GHz"},{"name":"核心数","value":"四核"},{"name":"电池类型","value":"锂电池"},{"name":"电池容量","value":"3000mAh"}]},{"group":"显示","entries":[{"name":"屏幕尺寸","value":"5.5英寸"},{"name":"触摸屏类型","value":"电容屏、多点触控"},{"name":"分辨率","value":"1280 x 720"}]},{"group":"存储","entries":[{"name":"运行内存","value":"2GB"},{"name":"机身内存","value":"16GB"}]}]', '1900.000000', '[{"source":"${demoImageUrlPrefix}/201601/198bc691-83e8-42f5-9595-5a54367911c3-source.jpg","large":"${demoImageUrlPrefix}/201601/198bc691-83e8-42f5-9595-5a54367911c3-large.jpg","medium":"${demoImageUrlPrefix}/201601/198bc691-83e8-42f5-9595-5a54367911c3-medium.jpg","thumbnail":"${demoImageUrlPrefix}/201601/198bc691-83e8-42f5-9595-5a54367911c3-thumbnail.jpg","order":1},{"source":"${demoImageUrlPrefix}/201601/36522eab-9938-4b55-90bf-345cdb329157-source.jpg","large":"${demoImageUrlPrefix}/201601/36522eab-9938-4b55-90bf-345cdb329157-large.jpg","medium":"${demoImageUrlPrefix}/201601/36522eab-9938-4b55-90bf-345cdb329157-medium.jpg","thumbnail":"${demoImageUrlPrefix}/201601/36522eab-9938-4b55-90bf-345cdb329157-thumbnail.jpg","order":2}]', '0', '0', '0', '20160101105', '[]', '0', '0', '台', '1', to_date('${date?string("yyyy-MM-dd HH:mm:ss")}', 'yyyy-mm-dd hh24:mi:ss'), '0', to_date('${date?string("yyyy-MM-dd HH:mm:ss")}', 'yyyy-mm-dd hh24:mi:ss'), '450', '4', '41', '1', '10')
INSERT INTO Product (id, createdDate, lastModifiedDate, version, attributeValue0, attributeValue1, attributeValue10, attributeValue11, attributeValue12, attributeValue13, attributeValue14, attributeValue15, attributeValue16, attributeValue17, attributeValue18, attributeValue19, attributeValue2, attributeValue3, attributeValue4, attributeValue5, attributeValue6, attributeValue7, attributeValue8, attributeValue9, caption, cost, hits, image, introduction, isActive, isDelivery, isList, isMarketable, isTop, keyword, marketPrice, memo, monthHits, monthHitsDate, monthSales, monthSalesDate, name, parameterValues, price, productImages, sales, score, scoreCount, sn, specificationItems, totalScore, type, unit, weekHits, weekHitsDate, weekSales, weekSalesDate, weight, brand_id, productCategory_id, store_id, storeProductCategory_id) VALUES ('6', to_date('${date?string("yyyy-MM-dd HH:mm:ss")}', 'yyyy-mm-dd hh24:mi:ss'), to_date('${date?string("yyyy-MM-dd HH:mm:ss")}', 'yyyy-mm-dd hh24:mi:ss'), '0', '6-7英寸', '移动4G', NULL, NULL, NULL, NULL, NULL, NULL, NULL, NULL, NULL, NULL, '单卡多模', 'Android', NULL, NULL, NULL, NULL, NULL, NULL, '极速4G网络，一触即连', NULL, '0', '${demoImageUrlPrefix}/201601/5a9fbec8-b801-45f1-80a8-62205a2aff8c-thumbnail.jpg', '<p><img src="${demoImageUrlPrefix}/201601/2db01fed-3b55-4cfa-b981-2220e2c57e12.png"/></p>', '1', '1', '1', '1', '0', '华为,huawei', '1920.000000', NULL, '0', to_date('${date?string("yyyy-MM-dd HH:mm:ss")}', 'yyyy-mm-dd hh24:mi:ss'), '0', to_date('${date?string("yyyy-MM-dd HH:mm:ss")}', 'yyyy-mm-dd hh24:mi:ss'), '华为 Mate2-L01', '[{"group":"基本参数","entries":[{"name":"操作系统","value":"Android"},{"name":"CPU频率","value":"1.6GHz"},{"name":"核心数","value":"四核"},{"name":"电池类型","value":"锂电池"},{"name":"电池容量","value":"4050mAh"}]},{"group":"显示","entries":[{"name":"屏幕尺寸","value":"6.1英寸"},{"name":"触摸屏类型","value":"电容屏、多点触控"},{"name":"分辨率","value":"1280 x 720"}]},{"group":"存储","entries":[{"name":"运行内存","value":"2GB"},{"name":"机身内存","value":"16GB"}]}]', '1600.000000', '[{"source":"${demoImageUrlPrefix}/201601/5a9fbec8-b801-45f1-80a8-62205a2aff8c-source.jpg","large":"${demoImageUrlPrefix}/201601/5a9fbec8-b801-45f1-80a8-62205a2aff8c-large.jpg","medium":"${demoImageUrlPrefix}/201601/5a9fbec8-b801-45f1-80a8-62205a2aff8c-medium.jpg","thumbnail":"${demoImageUrlPrefix}/201601/5a9fbec8-b801-45f1-80a8-62205a2aff8c-thumbnail.jpg","order":1},{"source":"${demoImageUrlPrefix}/201601/7bcd1589-ac7a-4aac-aeb0-6d4af0f4929c-source.jpg","large":"${demoImageUrlPrefix}/201601/7bcd1589-ac7a-4aac-aeb0-6d4af0f4929c-large.jpg","medium":"${demoImageUrlPrefix}/201601/7bcd1589-ac7a-4aac-aeb0-6d4af0f4929c-medium.jpg","thumbnail":"${demoImageUrlPrefix}/201601/7bcd1589-ac7a-4aac-aeb0-6d4af0f4929c-thumbnail.jpg","order":2},{"source":"${demoImageUrlPrefix}/201601/6ad1e1f2-da6d-4e50-95c0-fab3cea27028-source.jpg","large":"${demoImageUrlPrefix}/201601/6ad1e1f2-da6d-4e50-95c0-fab3cea27028-large.jpg","medium":"${demoImageUrlPrefix}/201601/6ad1e1f2-da6d-4e50-95c0-fab3cea27028-medium.jpg","thumbnail":"${demoImageUrlPrefix}/201601/6ad1e1f2-da6d-4e50-95c0-fab3cea27028-thumbnail.jpg","order":3}]', '0', '0', '0', '20160101106', '[]', '0', '0', '台', '0', to_date('${date?string("yyyy-MM-dd HH:mm:ss")}', 'yyyy-mm-dd hh24:mi:ss'), '0', to_date('${date?string("yyyy-MM-dd HH:mm:ss")}', 'yyyy-mm-dd hh24:mi:ss'), '500', '4', '41', '1', '10')
INSERT INTO Product (id, createdDate, lastModifiedDate, version, attributeValue0, attributeValue1, attributeValue10, attributeValue11, attributeValue12, attributeValue13, attributeValue14, attributeValue15, attributeValue16, attributeValue17, attributeValue18, attributeValue19, attributeValue2, attributeValue3, attributeValue4, attributeValue5, attributeValue6, attributeValue7, attributeValue8, attributeValue9, caption, cost, hits, image, introduction, isActive, isDelivery, isList, isMarketable, isTop, keyword, marketPrice, memo, monthHits, monthHitsDate, monthSales, monthSalesDate, name, parameterValues, price, productImages, sales, score, scoreCount, sn, specificationItems, totalScore, type, unit, weekHits, weekHitsDate, weekSales, weekSalesDate, weight, brand_id, productCategory_id, store_id, storeProductCategory_id) VALUES ('7', to_date('${date?string("yyyy-MM-dd HH:mm:ss")}', 'yyyy-mm-dd hh24:mi:ss'), to_date('${date?string("yyyy-MM-dd HH:mm:ss")}', 'yyyy-mm-dd hh24:mi:ss'), '0', '4-5英寸', '联通3G', NULL, NULL, NULL, NULL, NULL, NULL, NULL, NULL, NULL, NULL, '单卡多模', 'Android', NULL, NULL, NULL, NULL, NULL, NULL, '超视网膜屏幕，单玻璃一体化贴合', NULL, '0', '${demoImageUrlPrefix}/201601/b3c89b0a-ebc4-4a05-94f2-e087078a1b54-thumbnail.jpg', '<p><img src="${demoImageUrlPrefix}/201601/def38c63-113b-4fc1-bac9-2683495c9352.png"/></p>', '1', '1', '1', '1', '0', 'meizu', '1200.000000', NULL, '0', to_date('${date?string("yyyy-MM-dd HH:mm:ss")}', 'yyyy-mm-dd hh24:mi:ss'), '0', to_date('${date?string("yyyy-MM-dd HH:mm:ss")}', 'yyyy-mm-dd hh24:mi:ss'), '魅族 MX2', '[{"group":"基本参数","entries":[{"name":"操作系统","value":"Android"},{"name":"CPU频率","value":"1.6GHz"},{"name":"核心数","value":"四核"},{"name":"电池类型","value":"锂电池"},{"name":"电池容量","value":"1900mAh"}]},{"group":"显示","entries":[{"name":"屏幕尺寸","value":"4.4英寸"},{"name":"触摸屏类型","value":"电容屏、多点触控"},{"name":"分辨率","value":"1280 x 800"}]},{"group":"存储","entries":[{"name":"运行内存","value":"2GB"},{"name":"机身内存","value":"16GB"}]}]', '1000.000000', '[{"source":"${demoImageUrlPrefix}/201601/b3c89b0a-ebc4-4a05-94f2-e087078a1b54-source.jpg","large":"${demoImageUrlPrefix}/201601/b3c89b0a-ebc4-4a05-94f2-e087078a1b54-large.jpg","medium":"${demoImageUrlPrefix}/201601/b3c89b0a-ebc4-4a05-94f2-e087078a1b54-medium.jpg","thumbnail":"${demoImageUrlPrefix}/201601/b3c89b0a-ebc4-4a05-94f2-e087078a1b54-thumbnail.jpg","order":1},{"source":"${demoImageUrlPrefix}/201601/ddfd4218-5b14-4003-833e-06ccfa4f0d38-source.jpg","large":"${demoImageUrlPrefix}/201601/ddfd4218-5b14-4003-833e-06ccfa4f0d38-large.jpg","medium":"${demoImageUrlPrefix}/201601/ddfd4218-5b14-4003-833e-06ccfa4f0d38-medium.jpg","thumbnail":"${demoImageUrlPrefix}/201601/ddfd4218-5b14-4003-833e-06ccfa4f0d38-thumbnail.jpg","order":2},{"source":"${demoImageUrlPrefix}/201601/9770078a-68e7-4138-88f1-6c9b11adbdb1-source.jpg","large":"${demoImageUrlPrefix}/201601/9770078a-68e7-4138-88f1-6c9b11adbdb1-large.jpg","medium":"${demoImageUrlPrefix}/201601/9770078a-68e7-4138-88f1-6c9b11adbdb1-medium.jpg","thumbnail":"${demoImageUrlPrefix}/201601/9770078a-68e7-4138-88f1-6c9b11adbdb1-thumbnail.jpg","order":3}]', '0', '0', '0', '20160101107', '[]', '0', '0', '台', '0', to_date('${date?string("yyyy-MM-dd HH:mm:ss")}', 'yyyy-mm-dd hh24:mi:ss'), '0', to_date('${date?string("yyyy-MM-dd HH:mm:ss")}', 'yyyy-mm-dd hh24:mi:ss'), '420', '5', '41', '1', '12')
INSERT INTO Product (id, createdDate, lastModifiedDate, version, attributeValue0, attributeValue1, attributeValue10, attributeValue11, attributeValue12, attributeValue13, attributeValue14, attributeValue15, attributeValue16, attributeValue17, attributeValue18, attributeValue19, attributeValue2, attributeValue3, attributeValue4, attributeValue5, attributeValue6, attributeValue7, attributeValue8, attributeValue9, caption, cost, hits, image, introduction, isActive, isDelivery, isList, isMarketable, isTop, keyword, marketPrice, memo, monthHits, monthHitsDate, monthSales, monthSalesDate, name, parameterValues, price, productImages, sales, score, scoreCount, sn, specificationItems, totalScore, type, unit, weekHits, weekHitsDate, weekSales, weekSalesDate, weight, brand_id, productCategory_id, store_id, storeProductCategory_id) VALUES ('8', to_date('${date?string("yyyy-MM-dd HH:mm:ss")}', 'yyyy-mm-dd hh24:mi:ss'), to_date('${date?string("yyyy-MM-dd HH:mm:ss")}', 'yyyy-mm-dd hh24:mi:ss'), '0', '5-6英寸', '移动3G', NULL, NULL, NULL, NULL, NULL, NULL, NULL, NULL, NULL, NULL, '单卡多模', 'Android', NULL, NULL, NULL, NULL, NULL, NULL, '八核处理器，大容量电池', NULL, '0', '${demoImageUrlPrefix}/201601/6f62e931-2436-4f58-9d43-e8b5dcb4a89b-thumbnail.jpg', '<p><img src="${demoImageUrlPrefix}/201601/0ab08b76-ca01-4d62-8077-0aa0d6d7b390.png"/></p>', '1', '1', '1', '1', '0', 'meizu', '2160.000000', NULL, '0', to_date('${date?string("yyyy-MM-dd HH:mm:ss")}', 'yyyy-mm-dd hh24:mi:ss'), '0', to_date('${date?string("yyyy-MM-dd HH:mm:ss")}', 'yyyy-mm-dd hh24:mi:ss'), '魅族 MX3', '[{"group":"基本参数","entries":[{"name":"操作系统","value":"Android"},{"name":"CPU频率","value":"1.6GHz"},{"name":"核心数","value":"八核"},{"name":"电池类型","value":"锂电池"},{"name":"电池容量","value":"2400mAh"}]},{"group":"显示","entries":[{"name":"屏幕尺寸","value":"5.1英寸"},{"name":"触摸屏类型","value":"电容屏、多点触控"},{"name":"分辨率","value":"1800 x 1080"}]},{"group":"存储","entries":[{"name":"运行内存","value":"2GB"},{"name":"机身内存","value":"16GB"}]}]', '1800.000000', '[{"source":"${demoImageUrlPrefix}/201601/6f62e931-2436-4f58-9d43-e8b5dcb4a89b-source.jpg","large":"${demoImageUrlPrefix}/201601/6f62e931-2436-4f58-9d43-e8b5dcb4a89b-large.jpg","medium":"${demoImageUrlPrefix}/201601/6f62e931-2436-4f58-9d43-e8b5dcb4a89b-medium.jpg","thumbnail":"${demoImageUrlPrefix}/201601/6f62e931-2436-4f58-9d43-e8b5dcb4a89b-thumbnail.jpg","order":1},{"source":"${demoImageUrlPrefix}/201601/a0530c45-e0f7-4a53-a5cd-b8101bfc7795-source.jpg","large":"${demoImageUrlPrefix}/201601/a0530c45-e0f7-4a53-a5cd-b8101bfc7795-large.jpg","medium":"${demoImageUrlPrefix}/201601/a0530c45-e0f7-4a53-a5cd-b8101bfc7795-medium.jpg","thumbnail":"${demoImageUrlPrefix}/201601/a0530c45-e0f7-4a53-a5cd-b8101bfc7795-thumbnail.jpg","order":2},{"source":"${demoImageUrlPrefix}/201601/afd843a4-e02b-4ad0-b722-4ae1ed8eaed6-source.jpg","large":"${demoImageUrlPrefix}/201601/afd843a4-e02b-4ad0-b722-4ae1ed8eaed6-large.jpg","medium":"${demoImageUrlPrefix}/201601/afd843a4-e02b-4ad0-b722-4ae1ed8eaed6-medium.jpg","thumbnail":"${demoImageUrlPrefix}/201601/afd843a4-e02b-4ad0-b722-4ae1ed8eaed6-thumbnail.jpg","order":3}]', '0', '0', '0', '20160101108', '[]', '0', '0', '台', '0', to_date('${date?string("yyyy-MM-dd HH:mm:ss")}', 'yyyy-mm-dd hh24:mi:ss'), '0', to_date('${date?string("yyyy-MM-dd HH:mm:ss")}', 'yyyy-mm-dd hh24:mi:ss'), '600', '5', '41', '1', '12')
INSERT INTO Product (id, createdDate, lastModifiedDate, version, attributeValue0, attributeValue1, attributeValue10, attributeValue11, attributeValue12, attributeValue13, attributeValue14, attributeValue15, attributeValue16, attributeValue17, attributeValue18, attributeValue19, attributeValue2, attributeValue3, attributeValue4, attributeValue5, attributeValue6, attributeValue7, attributeValue8, attributeValue9, caption, cost, hits, image, introduction, isActive, isDelivery, isList, isMarketable, isTop, keyword, marketPrice, memo, monthHits, monthHitsDate, monthSales, monthSalesDate, name, parameterValues, price, productImages, sales, score, scoreCount, sn, specificationItems, totalScore, type, unit, weekHits, weekHitsDate, weekSales, weekSalesDate, weight, brand_id, productCategory_id, store_id, storeProductCategory_id) VALUES ('9', to_date('${date?string("yyyy-MM-dd HH:mm:ss")}', 'yyyy-mm-dd hh24:mi:ss'), to_date('${date?string("yyyy-MM-dd HH:mm:ss")}', 'yyyy-mm-dd hh24:mi:ss'), '0', '5-6英寸', '移动4G', NULL, NULL, NULL, NULL, NULL, NULL, NULL, NULL, NULL, NULL, '单卡多模', 'Android', NULL, NULL, NULL, NULL, NULL, NULL, '支持移动4G网络，更智能更省电', NULL, '0', '${demoImageUrlPrefix}/201601/94e4e7aa-655f-4496-9563-147ce6037eb7-thumbnail.jpg', '<p><img src="${demoImageUrlPrefix}/201601/efc7c2ab-1570-49d4-b0ba-2e990dc222a3.png"/></p>', '1', '1', '1', '1', '0', 'meizu', '2400.000000', NULL, '0', to_date('${date?string("yyyy-MM-dd HH:mm:ss")}', 'yyyy-mm-dd hh24:mi:ss'), '0', to_date('${date?string("yyyy-MM-dd HH:mm:ss")}', 'yyyy-mm-dd hh24:mi:ss'), '魅族 MX4', '[{"group":"基本参数","entries":[{"name":"操作系统","value":"Android"},{"name":"CPU频率","value":"2.2GHz"},{"name":"核心数","value":"八核"},{"name":"电池类型","value":"锂电池"},{"name":"电池容量","value":"3100mAh"}]},{"group":"显示","entries":[{"name":"屏幕尺寸","value":"5.3英寸"},{"name":"触摸屏类型","value":"电容屏、多点触控"},{"name":"分辨率","value":"1920 x 1152"}]},{"group":"存储","entries":[{"name":"运行内存","value":"2GB"},{"name":"机身内存","value":"16GB"}]}]', '2000.000000', '[{"source":"${demoImageUrlPrefix}/201601/94e4e7aa-655f-4496-9563-147ce6037eb7-source.jpg","large":"${demoImageUrlPrefix}/201601/94e4e7aa-655f-4496-9563-147ce6037eb7-large.jpg","medium":"${demoImageUrlPrefix}/201601/94e4e7aa-655f-4496-9563-147ce6037eb7-medium.jpg","thumbnail":"${demoImageUrlPrefix}/201601/94e4e7aa-655f-4496-9563-147ce6037eb7-thumbnail.jpg","order":1},{"source":"${demoImageUrlPrefix}/201601/2532572a-3d65-475c-b2ef-d913763b6e38-source.jpg","large":"${demoImageUrlPrefix}/201601/2532572a-3d65-475c-b2ef-d913763b6e38-large.jpg","medium":"${demoImageUrlPrefix}/201601/2532572a-3d65-475c-b2ef-d913763b6e38-medium.jpg","thumbnail":"${demoImageUrlPrefix}/201601/2532572a-3d65-475c-b2ef-d913763b6e38-thumbnail.jpg","order":2},{"source":"${demoImageUrlPrefix}/201601/90d7d1df-daf9-46a9-9aab-3c8c6b3bbc7b-source.jpg","large":"${demoImageUrlPrefix}/201601/90d7d1df-daf9-46a9-9aab-3c8c6b3bbc7b-large.jpg","medium":"${demoImageUrlPrefix}/201601/90d7d1df-daf9-46a9-9aab-3c8c6b3bbc7b-medium.jpg","thumbnail":"${demoImageUrlPrefix}/201601/90d7d1df-daf9-46a9-9aab-3c8c6b3bbc7b-thumbnail.jpg","order":3},{"source":"${demoImageUrlPrefix}/201601/938d18fc-94ce-4937-93b3-d6a5442a2acb-source.jpg","large":"${demoImageUrlPrefix}/201601/938d18fc-94ce-4937-93b3-d6a5442a2acb-large.jpg","medium":"${demoImageUrlPrefix}/201601/938d18fc-94ce-4937-93b3-d6a5442a2acb-medium.jpg","thumbnail":"${demoImageUrlPrefix}/201601/938d18fc-94ce-4937-93b3-d6a5442a2acb-thumbnail.jpg","order":4}]', '0', '0', '0', '20160101109', '[]', '0', '0', '台', '0', to_date('${date?string("yyyy-MM-dd HH:mm:ss")}', 'yyyy-mm-dd hh24:mi:ss'), '0', to_date('${date?string("yyyy-MM-dd HH:mm:ss")}', 'yyyy-mm-dd hh24:mi:ss'), '380', '5', '41', '1', '12')
INSERT INTO Product (id, createdDate, lastModifiedDate, version, attributeValue0, attributeValue1, attributeValue10, attributeValue11, attributeValue12, attributeValue13, attributeValue14, attributeValue15, attributeValue16, attributeValue17, attributeValue18, attributeValue19, attributeValue2, attributeValue3, attributeValue4, attributeValue5, attributeValue6, attributeValue7, attributeValue8, attributeValue9, caption, cost, hits, image, introduction, isActive, isDelivery, isList, isMarketable, isTop, keyword, marketPrice, memo, monthHits, monthHitsDate, monthSales, monthSalesDate, name, parameterValues, price, productImages, sales, score, scoreCount, sn, specificationItems, totalScore, type, unit, weekHits, weekHitsDate, weekSales, weekSalesDate, weight, brand_id, productCategory_id, store_id, storeProductCategory_id) VALUES ('10', to_date('${date?string("yyyy-MM-dd HH:mm:ss")}', 'yyyy-mm-dd hh24:mi:ss'), to_date('${date?string("yyyy-MM-dd HH:mm:ss")}', 'yyyy-mm-dd hh24:mi:ss'), '0', '5-6英寸', '电信3G', NULL, NULL, NULL, NULL, NULL, NULL, NULL, NULL, NULL, NULL, '单卡多模', 'Android', NULL, NULL, NULL, NULL, NULL, NULL, '四核处理器，超强游戏性能', NULL, '0', '${demoImageUrlPrefix}/201601/7b01f6f9-df7e-40d8-aa6b-a3b43d84a46a-thumbnail.jpg', '<p><img src="${demoImageUrlPrefix}/201601/ee29deb3-a6e2-42e6-aa4c-69a7cfe181e0.png"/></p>', '1', '1', '1', '1', '0', 'mi', '2760.000000', NULL, '0', to_date('${date?string("yyyy-MM-dd HH:mm:ss")}', 'yyyy-mm-dd hh24:mi:ss'), '0', to_date('${date?string("yyyy-MM-dd HH:mm:ss")}', 'yyyy-mm-dd hh24:mi:ss'), '小米4', '[{"group":"基本参数","entries":[{"name":"操作系统","value":"Android"},{"name":"CPU频率","value":"2.5GHz"},{"name":"核心数","value":"四核"},{"name":"电池类型","value":"锂电池"},{"name":"电池容量","value":"3080mAh"}]},{"group":"显示","entries":[{"name":"屏幕尺寸","value":"5.0英寸"},{"name":"触摸屏类型","value":"电容屏、多点触控"},{"name":"分辨率","value":"1920 x 1080"}]},{"group":"存储","entries":[{"name":"运行内存","value":"3GB"},{"name":"机身内存","value":"16GB"}]}]', '2300.000000', '[{"source":"${demoImageUrlPrefix}/201601/7b01f6f9-df7e-40d8-aa6b-a3b43d84a46a-source.jpg","large":"${demoImageUrlPrefix}/201601/7b01f6f9-df7e-40d8-aa6b-a3b43d84a46a-large.jpg","medium":"${demoImageUrlPrefix}/201601/7b01f6f9-df7e-40d8-aa6b-a3b43d84a46a-medium.jpg","thumbnail":"${demoImageUrlPrefix}/201601/7b01f6f9-df7e-40d8-aa6b-a3b43d84a46a-thumbnail.jpg","order":1},{"source":"${demoImageUrlPrefix}/201601/0ff55e61-f88c-4406-90ea-971aaed6ad96-source.jpg","large":"${demoImageUrlPrefix}/201601/0ff55e61-f88c-4406-90ea-971aaed6ad96-large.jpg","medium":"${demoImageUrlPrefix}/201601/0ff55e61-f88c-4406-90ea-971aaed6ad96-medium.jpg","thumbnail":"${demoImageUrlPrefix}/201601/0ff55e61-f88c-4406-90ea-971aaed6ad96-thumbnail.jpg","order":2}]', '0', '0', '0', '20160101110', '[]', '0', '0', '台', '0', to_date('${date?string("yyyy-MM-dd HH:mm:ss")}', 'yyyy-mm-dd hh24:mi:ss'), '0', to_date('${date?string("yyyy-MM-dd HH:mm:ss")}', 'yyyy-mm-dd hh24:mi:ss'), '400', NULL, '41', '1', '11')
INSERT INTO Product (id, createdDate, lastModifiedDate, version, attributeValue0, attributeValue1, attributeValue10, attributeValue11, attributeValue12, attributeValue13, attributeValue14, attributeValue15, attributeValue16, attributeValue17, attributeValue18, attributeValue19, attributeValue2, attributeValue3, attributeValue4, attributeValue5, attributeValue6, attributeValue7, attributeValue8, attributeValue9, caption, cost, hits, image, introduction, isActive, isDelivery, isList, isMarketable, isTop, keyword, marketPrice, memo, monthHits, monthHitsDate, monthSales, monthSalesDate, name, parameterValues, price, productImages, sales, score, scoreCount, sn, specificationItems, totalScore, type, unit, weekHits, weekHitsDate, weekSales, weekSalesDate, weight, brand_id, productCategory_id, store_id, storeProductCategory_id) VALUES ('11', to_date('${date?string("yyyy-MM-dd HH:mm:ss")}', 'yyyy-mm-dd hh24:mi:ss'), to_date('${date?string("yyyy-MM-dd HH:mm:ss")}', 'yyyy-mm-dd hh24:mi:ss'), '0', '5-6英寸', '移动3G', NULL, NULL, NULL, NULL, NULL, NULL, NULL, NULL, NULL, NULL, '双卡双模', 'Android', NULL, NULL, NULL, NULL, NULL, NULL, '八核处理器，1300万堆栈式摄像头', NULL, '0', '${demoImageUrlPrefix}/201601/e127d29f-9874-4d9b-a25d-02861d23c68b-thumbnail.jpg', '<p><img src="${demoImageUrlPrefix}/201601/969dc4e0-2d18-4a5e-8b89-42f473897241.png"/></p>', '1', '1', '1', '1', '0', 'huawei', '1440.000000', NULL, '0', to_date('${date?string("yyyy-MM-dd HH:mm:ss")}', 'yyyy-mm-dd hh24:mi:ss'), '0', to_date('${date?string("yyyy-MM-dd HH:mm:ss")}', 'yyyy-mm-dd hh24:mi:ss'), '华为 荣耀', '[{"group":"基本参数","entries":[{"name":"操作系统","value":"Android"},{"name":"CPU频率","value":"1.4GHz"},{"name":"核心数","value":"八核"},{"name":"电池类型","value":"锂电池"},{"name":"电池容量","value":"3000mAh"}]},{"group":"显示","entries":[{"name":"屏幕尺寸","value":"5.5英寸"},{"name":"触摸屏类型","value":"电容屏、多点触控"},{"name":"分辨率","value":"1280 x 720"}]},{"group":"存储","entries":[{"name":"运行内存","value":"2GB"},{"name":"机身内存","value":"8GB"}]}]', '1200.000000', '[{"source":"${demoImageUrlPrefix}/201601/e127d29f-9874-4d9b-a25d-02861d23c68b-source.jpg","large":"${demoImageUrlPrefix}/201601/e127d29f-9874-4d9b-a25d-02861d23c68b-large.jpg","medium":"${demoImageUrlPrefix}/201601/e127d29f-9874-4d9b-a25d-02861d23c68b-medium.jpg","thumbnail":"${demoImageUrlPrefix}/201601/e127d29f-9874-4d9b-a25d-02861d23c68b-thumbnail.jpg","order":1},{"source":"${demoImageUrlPrefix}/201601/409af325-8507-4490-b8c5-ca42e7fe6923-source.jpg","large":"${demoImageUrlPrefix}/201601/409af325-8507-4490-b8c5-ca42e7fe6923-large.jpg","medium":"${demoImageUrlPrefix}/201601/409af325-8507-4490-b8c5-ca42e7fe6923-medium.jpg","thumbnail":"${demoImageUrlPrefix}/201601/409af325-8507-4490-b8c5-ca42e7fe6923-thumbnail.jpg","order":2},{"source":"${demoImageUrlPrefix}/201601/14fe3b1f-7a24-4df7-aef4-e119e2810272-source.jpg","large":"${demoImageUrlPrefix}/201601/14fe3b1f-7a24-4df7-aef4-e119e2810272-large.jpg","medium":"${demoImageUrlPrefix}/201601/14fe3b1f-7a24-4df7-aef4-e119e2810272-medium.jpg","thumbnail":"${demoImageUrlPrefix}/201601/14fe3b1f-7a24-4df7-aef4-e119e2810272-thumbnail.jpg","order":3},{"source":"${demoImageUrlPrefix}/201601/c83d5945-201f-458a-bb59-5a6d7504971b-source.jpg","large":"${demoImageUrlPrefix}/201601/c83d5945-201f-458a-bb59-5a6d7504971b-large.jpg","medium":"${demoImageUrlPrefix}/201601/c83d5945-201f-458a-bb59-5a6d7504971b-medium.jpg","thumbnail":"${demoImageUrlPrefix}/201601/c83d5945-201f-458a-bb59-5a6d7504971b-thumbnail.jpg","order":4}]', '0', '0', '0', '20160101111', '[]', '0', '0', '台', '0', to_date('${date?string("yyyy-MM-dd HH:mm:ss")}', 'yyyy-mm-dd hh24:mi:ss'), '0', to_date('${date?string("yyyy-MM-dd HH:mm:ss")}', 'yyyy-mm-dd hh24:mi:ss'), '380', '4', '41', '1', '10')
INSERT INTO Product (id, createdDate, lastModifiedDate, version, attributeValue0, attributeValue1, attributeValue10, attributeValue11, attributeValue12, attributeValue13, attributeValue14, attributeValue15, attributeValue16, attributeValue17, attributeValue18, attributeValue19, attributeValue2, attributeValue3, attributeValue4, attributeValue5, attributeValue6, attributeValue7, attributeValue8, attributeValue9, caption, cost, hits, image, introduction, isActive, isDelivery, isList, isMarketable, isTop, keyword, marketPrice, memo, monthHits, monthHitsDate, monthSales, monthSalesDate, name, parameterValues, price, productImages, sales, score, scoreCount, sn, specificationItems, totalScore, type, unit, weekHits, weekHitsDate, weekSales, weekSalesDate, weight, brand_id, productCategory_id, store_id, storeProductCategory_id) VALUES ('12', to_date('${date?string("yyyy-MM-dd HH:mm:ss")}', 'yyyy-mm-dd hh24:mi:ss'), to_date('${date?string("yyyy-MM-dd HH:mm:ss")}', 'yyyy-mm-dd hh24:mi:ss'), '0', '5-6英寸', '电信4G', NULL, NULL, NULL, NULL, NULL, NULL, NULL, NULL, NULL, NULL, '双卡多模', 'Android', NULL, NULL, NULL, NULL, NULL, NULL, '4G极速芯片，7层镀膜复合工艺', NULL, '0', '${demoImageUrlPrefix}/201601/fa45c26a-9bde-4be0-8bfb-fd254511dea1-thumbnail.jpg', '<p><img src="${demoImageUrlPrefix}/201601/2ebb327f-f034-4276-877b-5277e527707e.png"/></p>', '1', '1', '1', '1', '0', 'huawei', '3000.000000', NULL, '0', to_date('${date?string("yyyy-MM-dd HH:mm:ss")}', 'yyyy-mm-dd hh24:mi:ss'), '0', to_date('${date?string("yyyy-MM-dd HH:mm:ss")}', 'yyyy-mm-dd hh24:mi:ss'), '华为 Ascend P7-L09', '[{"group":"基本参数","entries":[{"name":"操作系统","value":"Android"},{"name":"CPU频率","value":"1.8GHz"},{"name":"核心数","value":"四核"},{"name":"电池类型","value":"锂电池"},{"name":"电池容量","value":"2500mAh"}]},{"group":"显示","entries":[{"name":"屏幕尺寸","value":"5.0英寸"},{"name":"触摸屏类型","value":"电容屏、多点触控"},{"name":"分辨率","value":"1920 x 1080"}]},{"group":"存储","entries":[{"name":"运行内存","value":"2GB"},{"name":"机身内存","value":"16GB"}]}]', '2500.000000', '[{"source":"${demoImageUrlPrefix}/201601/fa45c26a-9bde-4be0-8bfb-fd254511dea1-source.jpg","large":"${demoImageUrlPrefix}/201601/fa45c26a-9bde-4be0-8bfb-fd254511dea1-large.jpg","medium":"${demoImageUrlPrefix}/201601/fa45c26a-9bde-4be0-8bfb-fd254511dea1-medium.jpg","thumbnail":"${demoImageUrlPrefix}/201601/fa45c26a-9bde-4be0-8bfb-fd254511dea1-thumbnail.jpg","order":1},{"source":"${demoImageUrlPrefix}/201601/84c71364-4420-4fb7-9267-c32a129b08f4-source.jpg","large":"${demoImageUrlPrefix}/201601/84c71364-4420-4fb7-9267-c32a129b08f4-large.jpg","medium":"${demoImageUrlPrefix}/201601/84c71364-4420-4fb7-9267-c32a129b08f4-medium.jpg","thumbnail":"${demoImageUrlPrefix}/201601/84c71364-4420-4fb7-9267-c32a129b08f4-thumbnail.jpg","order":2},{"source":"${demoImageUrlPrefix}/201601/6d7ffcc4-fc5e-4930-a063-e637edfef3d5-source.jpg","large":"${demoImageUrlPrefix}/201601/6d7ffcc4-fc5e-4930-a063-e637edfef3d5-large.jpg","medium":"${demoImageUrlPrefix}/201601/6d7ffcc4-fc5e-4930-a063-e637edfef3d5-medium.jpg","thumbnail":"${demoImageUrlPrefix}/201601/6d7ffcc4-fc5e-4930-a063-e637edfef3d5-thumbnail.jpg","order":3}]', '0', '0', '0', '20160101112', '[]', '0', '0', '台', '0', to_date('${date?string("yyyy-MM-dd HH:mm:ss")}', 'yyyy-mm-dd hh24:mi:ss'), '0', to_date('${date?string("yyyy-MM-dd HH:mm:ss")}', 'yyyy-mm-dd hh24:mi:ss'), '150', '4', '41', '1', '10')
INSERT INTO Product (id, createdDate, lastModifiedDate, version, attributeValue0, attributeValue1, attributeValue10, attributeValue11, attributeValue12, attributeValue13, attributeValue14, attributeValue15, attributeValue16, attributeValue17, attributeValue18, attributeValue19, attributeValue2, attributeValue3, attributeValue4, attributeValue5, attributeValue6, attributeValue7, attributeValue8, attributeValue9, caption, cost, hits, image, introduction, isActive, isDelivery, isList, isMarketable, isTop, keyword, marketPrice, memo, monthHits, monthHitsDate, monthSales, monthSalesDate, name, parameterValues, price, productImages, sales, score, scoreCount, sn, specificationItems, totalScore, type, unit, weekHits, weekHitsDate, weekSales, weekSalesDate, weight, brand_id, productCategory_id, store_id, storeProductCategory_id) VALUES ('13', to_date('${date?string("yyyy-MM-dd HH:mm:ss")}', 'yyyy-mm-dd hh24:mi:ss'), to_date('${date?string("yyyy-MM-dd HH:mm:ss")}', 'yyyy-mm-dd hh24:mi:ss'), '0', '4-5英寸', '电信3G', NULL, NULL, NULL, NULL, NULL, NULL, NULL, NULL, NULL, NULL, '单卡多模', 'Android', NULL, NULL, NULL, NULL, NULL, NULL, '时尚外观设计，4.5英寸显示屏', NULL, '0', '${demoImageUrlPrefix}/201601/8ad872a6-55f9-49b2-9575-1d079cd9aed6-thumbnail.jpg', '<p><img src="${demoImageUrlPrefix}/201601/bbbe4b80-0210-46d3-8323-a1e602b90399.png"/></p>', '1', '1', '1', '1', '0', NULL, '720.000000', NULL, '0', to_date('${date?string("yyyy-MM-dd HH:mm:ss")}', 'yyyy-mm-dd hh24:mi:ss'), '0', to_date('${date?string("yyyy-MM-dd HH:mm:ss")}', 'yyyy-mm-dd hh24:mi:ss'), '三星 G3559', '[{"group":"基本参数","entries":[{"name":"操作系统","value":"Android"},{"name":"核心数","value":"双核"},{"name":"电池类型","value":"锂电池"}]},{"group":"显示","entries":[{"name":"屏幕尺寸","value":"4.5英寸"},{"name":"触摸屏类型","value":"电容屏、多点触控"},{"name":"分辨率","value":"480 x 800"}]},{"group":"存储","entries":[{"name":"运行内存","value":"512MB"},{"name":"机身内存","value":"4GB"}]}]', '600.000000', '[{"source":"${demoImageUrlPrefix}/201601/8ad872a6-55f9-49b2-9575-1d079cd9aed6-source.jpg","large":"${demoImageUrlPrefix}/201601/8ad872a6-55f9-49b2-9575-1d079cd9aed6-large.jpg","medium":"${demoImageUrlPrefix}/201601/8ad872a6-55f9-49b2-9575-1d079cd9aed6-medium.jpg","thumbnail":"${demoImageUrlPrefix}/201601/8ad872a6-55f9-49b2-9575-1d079cd9aed6-thumbnail.jpg","order":1},{"source":"${demoImageUrlPrefix}/201601/10d2e612-34c0-4598-96e7-5b75ad99d788-source.jpg","large":"${demoImageUrlPrefix}/201601/10d2e612-34c0-4598-96e7-5b75ad99d788-large.jpg","medium":"${demoImageUrlPrefix}/201601/10d2e612-34c0-4598-96e7-5b75ad99d788-medium.jpg","thumbnail":"${demoImageUrlPrefix}/201601/10d2e612-34c0-4598-96e7-5b75ad99d788-thumbnail.jpg","order":2}]', '0', '0', '0', '20160101113', '[]', '0', '0', '台', '0', to_date('${date?string("yyyy-MM-dd HH:mm:ss")}', 'yyyy-mm-dd hh24:mi:ss'), '0', to_date('${date?string("yyyy-MM-dd HH:mm:ss")}', 'yyyy-mm-dd hh24:mi:ss'), '280', '2', '41', '1', '9')
INSERT INTO Product (id, createdDate, lastModifiedDate, version, attributeValue0, attributeValue1, attributeValue10, attributeValue11, attributeValue12, attributeValue13, attributeValue14, attributeValue15, attributeValue16, attributeValue17, attributeValue18, attributeValue19, attributeValue2, attributeValue3, attributeValue4, attributeValue5, attributeValue6, attributeValue7, attributeValue8, attributeValue9, caption, cost, hits, image, introduction, isActive, isDelivery, isList, isMarketable, isTop, keyword, marketPrice, memo, monthHits, monthHitsDate, monthSales, monthSalesDate, name, parameterValues, price, productImages, sales, score, scoreCount, sn, specificationItems, totalScore, type, unit, weekHits, weekHitsDate, weekSales, weekSalesDate, weight, brand_id, productCategory_id, store_id, storeProductCategory_id) VALUES ('14', to_date('${date?string("yyyy-MM-dd HH:mm:ss")}', 'yyyy-mm-dd hh24:mi:ss'), to_date('${date?string("yyyy-MM-dd HH:mm:ss")}', 'yyyy-mm-dd hh24:mi:ss'), '0', '5-6英寸', '联通4G', NULL, NULL, NULL, NULL, NULL, NULL, NULL, NULL, NULL, NULL, '单卡多模', 'Android', NULL, NULL, NULL, NULL, NULL, NULL, '手势感应，动态照片', NULL, '0', '${demoImageUrlPrefix}/201601/7d70f669-8373-41fe-b386-939a121c54b2-thumbnail.jpg', '<p><img src="${demoImageUrlPrefix}/201601/2783ccbd-19da-43a6-bf84-9a7599edfcac.png"/></p>', '1', '1', '1', '1', '0', NULL, '2398.000000', NULL, '0', to_date('${date?string("yyyy-MM-dd HH:mm:ss")}', 'yyyy-mm-dd hh24:mi:ss'), '0', to_date('${date?string("yyyy-MM-dd HH:mm:ss")}', 'yyyy-mm-dd hh24:mi:ss'), '三星 Galaxy S4 I9507V', '[{"group":"基本参数","entries":[{"name":"操作系统","value":"Android"},{"name":"CPU频率","value":"1.9GHz"},{"name":"核心数","value":"四核"},{"name":"电池类型","value":"锂电池"},{"name":"电池容量","value":"2600mAh"}]},{"group":"显示","entries":[{"name":"屏幕尺寸","value":"5.0英寸"},{"name":"触摸屏类型","value":"电容屏、多点触控"},{"name":"分辨率","value":"1920 x 1080"}]},{"group":"存储","entries":[{"name":"运行内存","value":"2GB"},{"name":"机身内存","value":"16GB"}]}]', '1999.000000', '[{"source":"${demoImageUrlPrefix}/201601/7d70f669-8373-41fe-b386-939a121c54b2-source.jpg","large":"${demoImageUrlPrefix}/201601/7d70f669-8373-41fe-b386-939a121c54b2-large.jpg","medium":"${demoImageUrlPrefix}/201601/7d70f669-8373-41fe-b386-939a121c54b2-medium.jpg","thumbnail":"${demoImageUrlPrefix}/201601/7d70f669-8373-41fe-b386-939a121c54b2-thumbnail.jpg","order":1},{"source":"${demoImageUrlPrefix}/201601/b4b1f101-ae14-4ded-8064-01b56357de46-source.jpg","large":"${demoImageUrlPrefix}/201601/b4b1f101-ae14-4ded-8064-01b56357de46-large.jpg","medium":"${demoImageUrlPrefix}/201601/b4b1f101-ae14-4ded-8064-01b56357de46-medium.jpg","thumbnail":"${demoImageUrlPrefix}/201601/b4b1f101-ae14-4ded-8064-01b56357de46-thumbnail.jpg","order":2},{"source":"${demoImageUrlPrefix}/201601/b8307215-f3a1-47b0-afb9-cf1fbad7c2f3-source.jpg","large":"${demoImageUrlPrefix}/201601/b8307215-f3a1-47b0-afb9-cf1fbad7c2f3-large.jpg","medium":"${demoImageUrlPrefix}/201601/b8307215-f3a1-47b0-afb9-cf1fbad7c2f3-medium.jpg","thumbnail":"${demoImageUrlPrefix}/201601/b8307215-f3a1-47b0-afb9-cf1fbad7c2f3-thumbnail.jpg","order":3}]', '0', '0', '0', '20160101114', '[]', '0', '0', '台', '0', to_date('${date?string("yyyy-MM-dd HH:mm:ss")}', 'yyyy-mm-dd hh24:mi:ss'), '0', to_date('${date?string("yyyy-MM-dd HH:mm:ss")}', 'yyyy-mm-dd hh24:mi:ss'), '380', '2', '41', '1', '9')
INSERT INTO Product (id, createdDate, lastModifiedDate, version, attributeValue0, attributeValue1, attributeValue10, attributeValue11, attributeValue12, attributeValue13, attributeValue14, attributeValue15, attributeValue16, attributeValue17, attributeValue18, attributeValue19, attributeValue2, attributeValue3, attributeValue4, attributeValue5, attributeValue6, attributeValue7, attributeValue8, attributeValue9, caption, cost, hits, image, introduction, isActive, isDelivery, isList, isMarketable, isTop, keyword, marketPrice, memo, monthHits, monthHitsDate, monthSales, monthSalesDate, name, parameterValues, price, productImages, sales, score, scoreCount, sn, specificationItems, totalScore, type, unit, weekHits, weekHitsDate, weekSales, weekSalesDate, weight, brand_id, productCategory_id, store_id, storeProductCategory_id) VALUES ('15', to_date('${date?string("yyyy-MM-dd HH:mm:ss")}', 'yyyy-mm-dd hh24:mi:ss'), to_date('${date?string("yyyy-MM-dd HH:mm:ss")}', 'yyyy-mm-dd hh24:mi:ss'), '0', '5-6英寸', '移动4G', NULL, NULL, NULL, NULL, NULL, NULL, NULL, NULL, NULL, NULL, '单卡单模', 'Android', NULL, NULL, NULL, NULL, NULL, NULL, '纤薄轻盈，流光镜面，极至美学', NULL, '0', '${demoImageUrlPrefix}/201601/d61e4a9e-ee3f-4508-ba8f-cd07539c4072-thumbnail.jpg', '<p><img src="${demoImageUrlPrefix}/201601/dfd20cb3-6fa4-4cb6-b520-fce24ff56808.png"/></p>', '1', '1', '1', '1', '0', NULL, '3120.000000', NULL, '0', to_date('${date?string("yyyy-MM-dd HH:mm:ss")}', 'yyyy-mm-dd hh24:mi:ss'), '0', to_date('${date?string("yyyy-MM-dd HH:mm:ss")}', 'yyyy-mm-dd hh24:mi:ss'), 'OPPO R8007 R1S', '[{"group":"基本参数","entries":[{"name":"操作系统","value":"Android"},{"name":"CPU频率","value":"1.6GHz"},{"name":"核心数","value":"四核"},{"name":"电池类型","value":"锂电池"},{"name":"电池容量","value":"2410mAh"}]},{"group":"显示","entries":[{"name":"屏幕尺寸","value":"5.0英寸"},{"name":"触摸屏类型","value":"电容屏、多点触控"},{"name":"分辨率","value":"1280 x 720"}]},{"group":"存储","entries":[{"name":"运行内存","value":"1GB"},{"name":"机身内存","value":"16GB"}]}]', '2600.000000', '[{"source":"${demoImageUrlPrefix}/201601/d61e4a9e-ee3f-4508-ba8f-cd07539c4072-source.jpg","large":"${demoImageUrlPrefix}/201601/d61e4a9e-ee3f-4508-ba8f-cd07539c4072-large.jpg","medium":"${demoImageUrlPrefix}/201601/d61e4a9e-ee3f-4508-ba8f-cd07539c4072-medium.jpg","thumbnail":"${demoImageUrlPrefix}/201601/d61e4a9e-ee3f-4508-ba8f-cd07539c4072-thumbnail.jpg","order":1},{"source":"${demoImageUrlPrefix}/201601/b2096975-ae1b-43d6-9a14-fd3b2a07b8e0-source.jpg","large":"${demoImageUrlPrefix}/201601/b2096975-ae1b-43d6-9a14-fd3b2a07b8e0-large.jpg","medium":"${demoImageUrlPrefix}/201601/b2096975-ae1b-43d6-9a14-fd3b2a07b8e0-medium.jpg","thumbnail":"${demoImageUrlPrefix}/201601/b2096975-ae1b-43d6-9a14-fd3b2a07b8e0-thumbnail.jpg","order":2},{"source":"${demoImageUrlPrefix}/201601/a5a3dd31-7f89-4030-91bf-a9eae461ef70-source.jpg","large":"${demoImageUrlPrefix}/201601/a5a3dd31-7f89-4030-91bf-a9eae461ef70-large.jpg","medium":"${demoImageUrlPrefix}/201601/a5a3dd31-7f89-4030-91bf-a9eae461ef70-medium.jpg","thumbnail":"${demoImageUrlPrefix}/201601/a5a3dd31-7f89-4030-91bf-a9eae461ef70-thumbnail.jpg","order":3}]', '0', '0', '0', '20160101115', '[]', '0', '0', '台', '0', to_date('${date?string("yyyy-MM-dd HH:mm:ss")}', 'yyyy-mm-dd hh24:mi:ss'), '0', to_date('${date?string("yyyy-MM-dd HH:mm:ss")}', 'yyyy-mm-dd hh24:mi:ss'), '380', NULL, '41', '1', '8')
INSERT INTO Product (id, createdDate, lastModifiedDate, version, attributeValue0, attributeValue1, attributeValue10, attributeValue11, attributeValue12, attributeValue13, attributeValue14, attributeValue15, attributeValue16, attributeValue17, attributeValue18, attributeValue19, attributeValue2, attributeValue3, attributeValue4, attributeValue5, attributeValue6, attributeValue7, attributeValue8, attributeValue9, caption, cost, hits, image, introduction, isActive, isDelivery, isList, isMarketable, isTop, keyword, marketPrice, memo, monthHits, monthHitsDate, monthSales, monthSalesDate, name, parameterValues, price, productImages, sales, score, scoreCount, sn, specificationItems, totalScore, type, unit, weekHits, weekHitsDate, weekSales, weekSalesDate, weight, brand_id, productCategory_id, store_id, storeProductCategory_id) VALUES ('16', to_date('${date?string("yyyy-MM-dd HH:mm:ss")}', 'yyyy-mm-dd hh24:mi:ss'), to_date('${date?string("yyyy-MM-dd HH:mm:ss")}', 'yyyy-mm-dd hh24:mi:ss'), '0', '5-6英寸', '电信4G', NULL, NULL, NULL, NULL, NULL, NULL, NULL, NULL, NULL, NULL, '双卡双模', 'Android', NULL, NULL, NULL, NULL, NULL, NULL, '至薄时尚外观，超强拍摄体验', NULL, '0', '${demoImageUrlPrefix}/201601/eb929582-aa50-4835-a3fd-bf518724b011-thumbnail.jpg', '<p><img src="${demoImageUrlPrefix}/201601/a0cd9b85-fe25-4069-89e0-a21700f8ce36.png"/></p>', '1', '1', '1', '1', '0', NULL, '1920.000000', NULL, '0', to_date('${date?string("yyyy-MM-dd HH:mm:ss")}', 'yyyy-mm-dd hh24:mi:ss'), '0', to_date('${date?string("yyyy-MM-dd HH:mm:ss")}', 'yyyy-mm-dd hh24:mi:ss'), 'HTC Desire 816v', '[{"group":"基本参数","entries":[{"name":"操作系统","value":"Android"},{"name":"CPU频率","value":"1.6GHz"},{"name":"核心数","value":"四核"},{"name":"电池类型","value":"锂电池"},{"name":"电池容量","value":"2600mAh"}]},{"group":"显示","entries":[{"name":"屏幕尺寸","value":"5.5英寸"},{"name":"触摸屏类型","value":"电容屏、多点触控"},{"name":"分辨率","value":"1280 x 720"}]},{"group":"存储","entries":[{"name":"运行内存","value":"1.5GB"},{"name":"机身内存","value":"8GB"}]}]', '1600.000000', '[{"source":"${demoImageUrlPrefix}/201601/eb929582-aa50-4835-a3fd-bf518724b011-source.jpg","large":"${demoImageUrlPrefix}/201601/eb929582-aa50-4835-a3fd-bf518724b011-large.jpg","medium":"${demoImageUrlPrefix}/201601/eb929582-aa50-4835-a3fd-bf518724b011-medium.jpg","thumbnail":"${demoImageUrlPrefix}/201601/eb929582-aa50-4835-a3fd-bf518724b011-thumbnail.jpg","order":1},{"source":"${demoImageUrlPrefix}/201601/7a8b02b1-461d-4456-b006-405b3fdfa443-source.jpg","large":"${demoImageUrlPrefix}/201601/7a8b02b1-461d-4456-b006-405b3fdfa443-large.jpg","medium":"${demoImageUrlPrefix}/201601/7a8b02b1-461d-4456-b006-405b3fdfa443-medium.jpg","thumbnail":"${demoImageUrlPrefix}/201601/7a8b02b1-461d-4456-b006-405b3fdfa443-thumbnail.jpg","order":2}]', '0', '0', '0', '20160101116', '[]', '0', '0', '台', '0', to_date('${date?string("yyyy-MM-dd HH:mm:ss")}', 'yyyy-mm-dd hh24:mi:ss'), '0', to_date('${date?string("yyyy-MM-dd HH:mm:ss")}', 'yyyy-mm-dd hh24:mi:ss'), '380', NULL, '41', '1', '15')
INSERT INTO Product (id, createdDate, lastModifiedDate, version, attributeValue0, attributeValue1, attributeValue10, attributeValue11, attributeValue12, attributeValue13, attributeValue14, attributeValue15, attributeValue16, attributeValue17, attributeValue18, attributeValue19, attributeValue2, attributeValue3, attributeValue4, attributeValue5, attributeValue6, attributeValue7, attributeValue8, attributeValue9, caption, cost, hits, image, introduction, isActive, isDelivery, isList, isMarketable, isTop, keyword, marketPrice, memo, monthHits, monthHitsDate, monthSales, monthSalesDate, name, parameterValues, price, productImages, sales, score, scoreCount, sn, specificationItems, totalScore, type, unit, weekHits, weekHitsDate, weekSales, weekSalesDate, weight, brand_id, productCategory_id, store_id, storeProductCategory_id) VALUES ('17', to_date('${date?string("yyyy-MM-dd HH:mm:ss")}', 'yyyy-mm-dd hh24:mi:ss'), to_date('${date?string("yyyy-MM-dd HH:mm:ss")}', 'yyyy-mm-dd hh24:mi:ss'), '0', '5-6英寸', '联通4G', NULL, NULL, NULL, NULL, NULL, NULL, NULL, NULL, NULL, NULL, '双卡多模', 'Android', NULL, NULL, NULL, NULL, NULL, NULL, '4G双网双通全兼容，5.5英寸高清屏幕', NULL, '0', '${demoImageUrlPrefix}/201601/296785e4-1b10-4676-bc20-7b4d76a6f86a-thumbnail.jpg', '<p><img src="${demoImageUrlPrefix}/201601/ff51ac5c-ffca-408a-983d-7d6de462d314.png"/></p>', '1', '1', '1', '1', '0', NULL, '2160.000000', NULL, '0', to_date('${date?string("yyyy-MM-dd HH:mm:ss")}', 'yyyy-mm-dd hh24:mi:ss'), '0', to_date('${date?string("yyyy-MM-dd HH:mm:ss")}', 'yyyy-mm-dd hh24:mi:ss'), 'HTC Desire 820u', '[{"group":"基本参数","entries":[{"name":"操作系统","value":"Android"},{"name":"CPU频率","value":"1.5GHz"},{"name":"核心数","value":"八核"},{"name":"电池类型","value":"锂电池"},{"name":"电池容量","value":"2600mAh"}]},{"group":"显示","entries":[{"name":"屏幕尺寸","value":"5.5英寸"},{"name":"触摸屏类型","value":"电容屏、多点触控"},{"name":"分辨率","value":"1280 x 720"}]},{"group":"存储","entries":[{"name":"运行内存","value":"2GB"},{"name":"机身内存","value":"16GB"}]}]', '1800.000000', '[{"source":"${demoImageUrlPrefix}/201601/296785e4-1b10-4676-bc20-7b4d76a6f86a-source.jpg","large":"${demoImageUrlPrefix}/201601/296785e4-1b10-4676-bc20-7b4d76a6f86a-large.jpg","medium":"${demoImageUrlPrefix}/201601/296785e4-1b10-4676-bc20-7b4d76a6f86a-medium.jpg","thumbnail":"${demoImageUrlPrefix}/201601/296785e4-1b10-4676-bc20-7b4d76a6f86a-thumbnail.jpg","order":1},{"source":"${demoImageUrlPrefix}/201601/b3fdf430-9d7f-4ab8-81b8-e941f15d0da9-source.jpg","large":"${demoImageUrlPrefix}/201601/b3fdf430-9d7f-4ab8-81b8-e941f15d0da9-large.jpg","medium":"${demoImageUrlPrefix}/201601/b3fdf430-9d7f-4ab8-81b8-e941f15d0da9-medium.jpg","thumbnail":"${demoImageUrlPrefix}/201601/b3fdf430-9d7f-4ab8-81b8-e941f15d0da9-thumbnail.jpg","order":2}]', '0', '0', '0', '20160101117', '[]', '0', '0', '台', '0', to_date('${date?string("yyyy-MM-dd HH:mm:ss")}', 'yyyy-mm-dd hh24:mi:ss'), '0', to_date('${date?string("yyyy-MM-dd HH:mm:ss")}', 'yyyy-mm-dd hh24:mi:ss'), '340', NULL, '41', '1', '15')
INSERT INTO Product (id, createdDate, lastModifiedDate, version, attributeValue0, attributeValue1, attributeValue10, attributeValue11, attributeValue12, attributeValue13, attributeValue14, attributeValue15, attributeValue16, attributeValue17, attributeValue18, attributeValue19, attributeValue2, attributeValue3, attributeValue4, attributeValue5, attributeValue6, attributeValue7, attributeValue8, attributeValue9, caption, cost, hits, image, introduction, isActive, isDelivery, isList, isMarketable, isTop, keyword, marketPrice, memo, monthHits, monthHitsDate, monthSales, monthSalesDate, name, parameterValues, price, productImages, sales, score, scoreCount, sn, specificationItems, totalScore, type, unit, weekHits, weekHitsDate, weekSales, weekSalesDate, weight, brand_id, productCategory_id, store_id, storeProductCategory_id) VALUES ('18', to_date('${date?string("yyyy-MM-dd HH:mm:ss")}', 'yyyy-mm-dd hh24:mi:ss'), to_date('${date?string("yyyy-MM-dd HH:mm:ss")}', 'yyyy-mm-dd hh24:mi:ss'), '0', '5-6英寸', '移动3G', NULL, NULL, NULL, NULL, NULL, NULL, NULL, NULL, NULL, NULL, '双卡多模', 'Android', NULL, NULL, NULL, NULL, NULL, NULL, '智能、便捷、人性化', NULL, '0', '${demoImageUrlPrefix}/201601/d959ab2a-caf9-4a5e-94ff-193d6e561a4d-thumbnail.jpg', '<p><img src="${demoImageUrlPrefix}/201601/95ec584e-a469-4c03-acba-c2b58f6a3529.png"/></p>', '1', '1', '1', '1', '0', NULL, '720.000000', NULL, '0', to_date('${date?string("yyyy-MM-dd HH:mm:ss")}', 'yyyy-mm-dd hh24:mi:ss'), '0', to_date('${date?string("yyyy-MM-dd HH:mm:ss")}', 'yyyy-mm-dd hh24:mi:ss'), '酷派 8670', '[{"group":"基本参数","entries":[{"name":"操作系统","value":"Android"},{"name":"CPU频率","value":"1.2GHz"},{"name":"核心数","value":"四核"},{"name":"电池类型","value":"锂电池"},{"name":"电池容量","value":"2500mAh"}]},{"group":"显示","entries":[{"name":"屏幕尺寸","value":"5.5英寸"},{"name":"触摸屏类型","value":"电容屏、多点触控"},{"name":"分辨率","value":"960 x 540"}]},{"group":"存储","entries":[{"name":"运行内存","value":"1GB"},{"name":"机身内存","value":"4GB"}]}]', '600.000000', '[{"source":"${demoImageUrlPrefix}/201601/d959ab2a-caf9-4a5e-94ff-193d6e561a4d-source.jpg","large":"${demoImageUrlPrefix}/201601/d959ab2a-caf9-4a5e-94ff-193d6e561a4d-large.jpg","medium":"${demoImageUrlPrefix}/201601/d959ab2a-caf9-4a5e-94ff-193d6e561a4d-medium.jpg","thumbnail":"${demoImageUrlPrefix}/201601/d959ab2a-caf9-4a5e-94ff-193d6e561a4d-thumbnail.jpg","order":1},{"source":"${demoImageUrlPrefix}/201601/4c4c6bca-dbc7-45b7-990d-3939196170ba-source.jpg","large":"${demoImageUrlPrefix}/201601/4c4c6bca-dbc7-45b7-990d-3939196170ba-large.jpg","medium":"${demoImageUrlPrefix}/201601/4c4c6bca-dbc7-45b7-990d-3939196170ba-medium.jpg","thumbnail":"${demoImageUrlPrefix}/201601/4c4c6bca-dbc7-45b7-990d-3939196170ba-thumbnail.jpg","order":2},{"source":"${demoImageUrlPrefix}/201601/2eaf7a6b-6ef1-496d-a9e9-18028252d5a9-source.jpg","large":"${demoImageUrlPrefix}/201601/2eaf7a6b-6ef1-496d-a9e9-18028252d5a9-large.jpg","medium":"${demoImageUrlPrefix}/201601/2eaf7a6b-6ef1-496d-a9e9-18028252d5a9-medium.jpg","thumbnail":"${demoImageUrlPrefix}/201601/2eaf7a6b-6ef1-496d-a9e9-18028252d5a9-thumbnail.jpg","order":3},{"source":"${demoImageUrlPrefix}/201601/602eb249-afdb-4e8e-8d27-d1e26e828f41-source.jpg","large":"${demoImageUrlPrefix}/201601/602eb249-afdb-4e8e-8d27-d1e26e828f41-large.jpg","medium":"${demoImageUrlPrefix}/201601/602eb249-afdb-4e8e-8d27-d1e26e828f41-medium.jpg","thumbnail":"${demoImageUrlPrefix}/201601/602eb249-afdb-4e8e-8d27-d1e26e828f41-thumbnail.jpg","order":4}]', '0', '0', '0', '20160101118', '[]', '0', '0', '台', '0', to_date('${date?string("yyyy-MM-dd HH:mm:ss")}', 'yyyy-mm-dd hh24:mi:ss'), '0', to_date('${date?string("yyyy-MM-dd HH:mm:ss")}', 'yyyy-mm-dd hh24:mi:ss'), '460', NULL, '41', '1', '13')
INSERT INTO Product (id, createdDate, lastModifiedDate, version, attributeValue0, attributeValue1, attributeValue10, attributeValue11, attributeValue12, attributeValue13, attributeValue14, attributeValue15, attributeValue16, attributeValue17, attributeValue18, attributeValue19, attributeValue2, attributeValue3, attributeValue4, attributeValue5, attributeValue6, attributeValue7, attributeValue8, attributeValue9, caption, cost, hits, image, introduction, isActive, isDelivery, isList, isMarketable, isTop, keyword, marketPrice, memo, monthHits, monthHitsDate, monthSales, monthSalesDate, name, parameterValues, price, productImages, sales, score, scoreCount, sn, specificationItems, totalScore, type, unit, weekHits, weekHitsDate, weekSales, weekSalesDate, weight, brand_id, productCategory_id, store_id, storeProductCategory_id) VALUES ('19', to_date('${date?string("yyyy-MM-dd HH:mm:ss")}', 'yyyy-mm-dd hh24:mi:ss'), to_date('${date?string("yyyy-MM-dd HH:mm:ss")}', 'yyyy-mm-dd hh24:mi:ss'), '0', '4-5英寸', '移动3G', NULL, NULL, NULL, NULL, NULL, NULL, NULL, NULL, NULL, NULL, '双卡双模', 'Android', NULL, NULL, NULL, NULL, NULL, NULL, '1300万堆栈式摄像头，丰富拍照功能', NULL, '0', '${demoImageUrlPrefix}/201601/36191a74-0fc6-400e-8b1c-0e5cc6f4ed88-thumbnail.jpg', '<p><img src="${demoImageUrlPrefix}/201601/fc56c593-98a6-49e7-8716-3ffe10b38c32.png"/></p>', '1', '1', '1', '1', '0', NULL, '960.000000', NULL, '0', to_date('${date?string("yyyy-MM-dd HH:mm:ss")}', 'yyyy-mm-dd hh24:mi:ss'), '0', to_date('${date?string("yyyy-MM-dd HH:mm:ss")}', 'yyyy-mm-dd hh24:mi:ss'), '酷派 8908', '[{"group":"基本参数","entries":[{"name":"操作系统","value":"Android"},{"name":"CPU频率","value":"1.2GHz"},{"name":"核心数","value":"四核"},{"name":"电池类型","value":"锂电池"},{"name":"电池容量","value":"1720mAh"}]},{"group":"显示","entries":[{"name":"屏幕尺寸","value":"4.5英寸"},{"name":"触摸屏类型","value":"电容屏、多点触控"},{"name":"分辨率","value":"1280 x 720"}]},{"group":"存储","entries":[{"name":"运行内存","value":"1GB"},{"name":"机身内存","value":"16GB"}]}]', '800.000000', '[{"source":"${demoImageUrlPrefix}/201601/36191a74-0fc6-400e-8b1c-0e5cc6f4ed88-source.jpg","large":"${demoImageUrlPrefix}/201601/36191a74-0fc6-400e-8b1c-0e5cc6f4ed88-large.jpg","medium":"${demoImageUrlPrefix}/201601/36191a74-0fc6-400e-8b1c-0e5cc6f4ed88-medium.jpg","thumbnail":"${demoImageUrlPrefix}/201601/36191a74-0fc6-400e-8b1c-0e5cc6f4ed88-thumbnail.jpg","order":1},{"source":"${demoImageUrlPrefix}/201601/51e99884-48d1-486b-8217-773108b1bf0f-source.jpg","large":"${demoImageUrlPrefix}/201601/51e99884-48d1-486b-8217-773108b1bf0f-large.jpg","medium":"${demoImageUrlPrefix}/201601/51e99884-48d1-486b-8217-773108b1bf0f-medium.jpg","thumbnail":"${demoImageUrlPrefix}/201601/51e99884-48d1-486b-8217-773108b1bf0f-thumbnail.jpg","order":2}]', '0', '0', '0', '20160101119', '[]', '0', '0', '台', '0', to_date('${date?string("yyyy-MM-dd HH:mm:ss")}', 'yyyy-mm-dd hh24:mi:ss'), '0', to_date('${date?string("yyyy-MM-dd HH:mm:ss")}', 'yyyy-mm-dd hh24:mi:ss'), '500', NULL, '41', '1', '13')
INSERT INTO Product (id, createdDate, lastModifiedDate, version, attributeValue0, attributeValue1, attributeValue10, attributeValue11, attributeValue12, attributeValue13, attributeValue14, attributeValue15, attributeValue16, attributeValue17, attributeValue18, attributeValue19, attributeValue2, attributeValue3, attributeValue4, attributeValue5, attributeValue6, attributeValue7, attributeValue8, attributeValue9, caption, cost, hits, image, introduction, isActive, isDelivery, isList, isMarketable, isTop, keyword, marketPrice, memo, monthHits, monthHitsDate, monthSales, monthSalesDate, name, parameterValues, price, productImages, sales, score, scoreCount, sn, specificationItems, totalScore, type, unit, weekHits, weekHitsDate, weekSales, weekSalesDate, weight, brand_id, productCategory_id, store_id, storeProductCategory_id) VALUES ('20', to_date('${date?string("yyyy-MM-dd HH:mm:ss")}', 'yyyy-mm-dd hh24:mi:ss'), to_date('${date?string("yyyy-MM-dd HH:mm:ss")}', 'yyyy-mm-dd hh24:mi:ss'), '0', '5-6英寸', '联通4G', NULL, NULL, NULL, NULL, NULL, NULL, NULL, NULL, NULL, NULL, '双卡多模', 'Android', NULL, NULL, NULL, NULL, NULL, NULL, '64位处理理，性能强劲', NULL, '0', '${demoImageUrlPrefix}/201601/c06f23b9-699a-4582-80b0-72b1f7542dcc-thumbnail.jpg', '<p><img src="${demoImageUrlPrefix}/201601/1f648178-fa9a-4be8-81cb-53b4de76a525.png"/></p>', '1', '1', '1', '1', '0', 'zte', '1198.800000', NULL, '0', to_date('${date?string("yyyy-MM-dd HH:mm:ss")}', 'yyyy-mm-dd hh24:mi:ss'), '0', to_date('${date?string("yyyy-MM-dd HH:mm:ss")}', 'yyyy-mm-dd hh24:mi:ss'), '中兴 V5 Max', '[{"group":"基本参数","entries":[{"name":"操作系统","value":"Android"},{"name":"CPU频率","value":"1.2GHz"},{"name":"核心数","value":"四核"},{"name":"电池类型","value":"锂电池"},{"name":"电池容量","value":"3100mAh"}]},{"group":"显示","entries":[{"name":"屏幕尺寸","value":"5.5英寸"},{"name":"触摸屏类型","value":"电容屏、多点触控"},{"name":"分辨率","value":"1280 x 720"}]},{"group":"存储","entries":[{"name":"运行内存","value":"2GB"},{"name":"机身内存","value":"16GB"}]}]', '999.000000', '[{"source":"${demoImageUrlPrefix}/201601/c06f23b9-699a-4582-80b0-72b1f7542dcc-source.jpg","large":"${demoImageUrlPrefix}/201601/c06f23b9-699a-4582-80b0-72b1f7542dcc-large.jpg","medium":"${demoImageUrlPrefix}/201601/c06f23b9-699a-4582-80b0-72b1f7542dcc-medium.jpg","thumbnail":"${demoImageUrlPrefix}/201601/c06f23b9-699a-4582-80b0-72b1f7542dcc-thumbnail.jpg","order":1},{"source":"${demoImageUrlPrefix}/201601/b42c6794-b8fa-4d2a-9611-1dbc2cbe5a7a-source.jpg","large":"${demoImageUrlPrefix}/201601/b42c6794-b8fa-4d2a-9611-1dbc2cbe5a7a-large.jpg","medium":"${demoImageUrlPrefix}/201601/b42c6794-b8fa-4d2a-9611-1dbc2cbe5a7a-medium.jpg","thumbnail":"${demoImageUrlPrefix}/201601/b42c6794-b8fa-4d2a-9611-1dbc2cbe5a7a-thumbnail.jpg","order":2}]', '0', '0', '0', '20160101120', '[]', '0', '0', '台', '0', to_date('${date?string("yyyy-MM-dd HH:mm:ss")}', 'yyyy-mm-dd hh24:mi:ss'), '0', to_date('${date?string("yyyy-MM-dd HH:mm:ss")}', 'yyyy-mm-dd hh24:mi:ss'), '340', NULL, '41', '1', '14')
INSERT INTO Product (id, createdDate, lastModifiedDate, version, attributeValue0, attributeValue1, attributeValue10, attributeValue11, attributeValue12, attributeValue13, attributeValue14, attributeValue15, attributeValue16, attributeValue17, attributeValue18, attributeValue19, attributeValue2, attributeValue3, attributeValue4, attributeValue5, attributeValue6, attributeValue7, attributeValue8, attributeValue9, caption, cost, hits, image, introduction, isActive, isDelivery, isList, isMarketable, isTop, keyword, marketPrice, memo, monthHits, monthHitsDate, monthSales, monthSalesDate, name, parameterValues, price, productImages, sales, score, scoreCount, sn, specificationItems, totalScore, type, unit, weekHits, weekHitsDate, weekSales, weekSalesDate, weight, brand_id, productCategory_id, store_id, storeProductCategory_id) VALUES ('21', to_date('${date?string("yyyy-MM-dd HH:mm:ss")}', 'yyyy-mm-dd hh24:mi:ss'), to_date('${date?string("yyyy-MM-dd HH:mm:ss")}', 'yyyy-mm-dd hh24:mi:ss'), '0', '1500-1800万', '10倍', NULL, NULL, NULL, NULL, NULL, NULL, NULL, NULL, NULL, NULL, '光学防抖', '伸缩式', NULL, NULL, NULL, NULL, NULL, NULL, '2000万有效像素，24mm广角', NULL, '0', '${demoImageUrlPrefix}/201601/44cbbe8b-dcae-46d1-9606-746455b61905-thumbnail.jpg', '<p><img src="${demoImageUrlPrefix}/201601/8323e424-8660-4713-817b-e551fae2cc26.png"/></p>', '1', '1', '1', '1', '0', 'canon', '1078.000000', NULL, '0', to_date('${date?string("yyyy-MM-dd HH:mm:ss")}', 'yyyy-mm-dd hh24:mi:ss'), '0', to_date('${date?string("yyyy-MM-dd HH:mm:ss")}', 'yyyy-mm-dd hh24:mi:ss'), '佳能 IXUS 155', '[{"group":"基本参数","entries":[{"name":"有效像素","value":"1600万"},{"name":"显示屏尺寸","value":"2.7英寸"},{"name":"储存介质","value":"SD、SDHC、SDXC"},{"name":"电池类型","value":"锂电池"}]},{"group":"镜头","entries":[{"name":"镜头类型","value":"伸缩式"},{"name":"变焦方式","value":"光学变焦"},{"name":"对焦方式","value":"自动对焦"},{"name":"焦距","value":"24 - 240mm"}]},{"group":"曝光","entries":[{"name":"曝光模式","value":"自动曝光"},{"name":"ISO感光度","value":"自动、ISO100 - ISO1600"},{"name":"白平衡模式","value":"自动"},{"name":"场景模式","value":"自动/程序/实时显示控制/人像/面部优先自拍/低光照/鱼眼效果/微缩景观"}]}]', '899.000000', '[{"source":"${demoImageUrlPrefix}/201601/44cbbe8b-dcae-46d1-9606-746455b61905-source.jpg","large":"${demoImageUrlPrefix}/201601/44cbbe8b-dcae-46d1-9606-746455b61905-large.jpg","medium":"${demoImageUrlPrefix}/201601/44cbbe8b-dcae-46d1-9606-746455b61905-medium.jpg","thumbnail":"${demoImageUrlPrefix}/201601/44cbbe8b-dcae-46d1-9606-746455b61905-thumbnail.jpg","order":1},{"source":"${demoImageUrlPrefix}/201601/d282068c-7d49-438f-a5e2-2649c82e9efd-source.jpg","large":"${demoImageUrlPrefix}/201601/d282068c-7d49-438f-a5e2-2649c82e9efd-large.jpg","medium":"${demoImageUrlPrefix}/201601/d282068c-7d49-438f-a5e2-2649c82e9efd-medium.jpg","thumbnail":"${demoImageUrlPrefix}/201601/d282068c-7d49-438f-a5e2-2649c82e9efd-thumbnail.jpg","order":2}]', '0', '0', '0', '20160101121', '[]', '0', '0', '台', '0', to_date('${date?string("yyyy-MM-dd HH:mm:ss")}', 'yyyy-mm-dd hh24:mi:ss'), '0', to_date('${date?string("yyyy-MM-dd HH:mm:ss")}', 'yyyy-mm-dd hh24:mi:ss'), '400', '6', '49', '2', '20')
INSERT INTO Product (id, createdDate, lastModifiedDate, version, attributeValue0, attributeValue1, attributeValue10, attributeValue11, attributeValue12, attributeValue13, attributeValue14, attributeValue15, attributeValue16, attributeValue17, attributeValue18, attributeValue19, attributeValue2, attributeValue3, attributeValue4, attributeValue5, attributeValue6, attributeValue7, attributeValue8, attributeValue9, caption, cost, hits, image, introduction, isActive, isDelivery, isList, isMarketable, isTop, keyword, marketPrice, memo, monthHits, monthHitsDate, monthSales, monthSalesDate, name, parameterValues, price, productImages, sales, score, scoreCount, sn, specificationItems, totalScore, type, unit, weekHits, weekHitsDate, weekSales, weekSalesDate, weight, brand_id, productCategory_id, store_id, storeProductCategory_id) VALUES ('22', to_date('${date?string("yyyy-MM-dd HH:mm:ss")}', 'yyyy-mm-dd hh24:mi:ss'), to_date('${date?string("yyyy-MM-dd HH:mm:ss")}', 'yyyy-mm-dd hh24:mi:ss'), '0', '1500-1800万', '12倍', NULL, NULL, NULL, NULL, NULL, NULL, NULL, NULL, NULL, NULL, '光学防抖', '伸缩式', NULL, NULL, NULL, NULL, NULL, NULL, '高速自动对焦，遥控拍摄', NULL, '0', '${demoImageUrlPrefix}/201601/b773a9c1-8fef-4e48-ba82-ef433924b712-thumbnail.jpg', '<p><img src="${demoImageUrlPrefix}/201601/1b805236-ef7c-4e56-b6ac-afbbd775b43c.png"/></p>', '1', '1', '1', '1', '0', 'canon', '1198.000000', NULL, '0', to_date('${date?string("yyyy-MM-dd HH:mm:ss")}', 'yyyy-mm-dd hh24:mi:ss'), '0', to_date('${date?string("yyyy-MM-dd HH:mm:ss")}', 'yyyy-mm-dd hh24:mi:ss'), '佳能 IXUS 265', '[{"group":"基本参数","entries":[{"name":"有效像素","value":"1600万"},{"name":"显示屏尺寸","value":"3.0英寸"},{"name":"储存介质","value":"SD、SDHC、SDXC"},{"name":"电池类型","value":"锂电池"}]},{"group":"镜头","entries":[{"name":"镜头类型","value":"伸缩式"},{"name":"变焦方式","value":"光学变焦"},{"name":"对焦方式","value":"自动对焦"},{"name":"焦距","value":"25 - 300mm"},{"name":"微距","value":"1 -50cm"}]},{"group":"曝光","entries":[{"name":"ISO感光度","value":"自动、ISO100 - ISO3200"},{"name":"白平衡模式","value":"自动"},{"name":"场景模式","value":"自动/混合式自动/程序/创意拍摄/人像/自动快门（笑脸/眨眼自拍/面部优先 自拍）/高速连拍/手持拍夜景/低光照/鱼眼效果/微缩景观效果/玩具相机 效果/单色/极鲜艳色彩/海报效果/雪景/焰火/慢速快门"}]}]', '999.000000', '[{"source":"${demoImageUrlPrefix}/201601/b773a9c1-8fef-4e48-ba82-ef433924b712-source.jpg","large":"${demoImageUrlPrefix}/201601/b773a9c1-8fef-4e48-ba82-ef433924b712-large.jpg","medium":"${demoImageUrlPrefix}/201601/b773a9c1-8fef-4e48-ba82-ef433924b712-medium.jpg","thumbnail":"${demoImageUrlPrefix}/201601/b773a9c1-8fef-4e48-ba82-ef433924b712-thumbnail.jpg","order":1}]', '0', '0', '0', '20160101122', '[]', '0', '0', '台', '0', to_date('${date?string("yyyy-MM-dd HH:mm:ss")}', 'yyyy-mm-dd hh24:mi:ss'), '0', to_date('${date?string("yyyy-MM-dd HH:mm:ss")}', 'yyyy-mm-dd hh24:mi:ss'), '390', '6', '49', '2', '20')
INSERT INTO Product (id, createdDate, lastModifiedDate, version, attributeValue0, attributeValue1, attributeValue10, attributeValue11, attributeValue12, attributeValue13, attributeValue14, attributeValue15, attributeValue16, attributeValue17, attributeValue18, attributeValue19, attributeValue2, attributeValue3, attributeValue4, attributeValue5, attributeValue6, attributeValue7, attributeValue8, attributeValue9, caption, cost, hits, image, introduction, isActive, isDelivery, isList, isMarketable, isTop, keyword, marketPrice, memo, monthHits, monthHitsDate, monthSales, monthSalesDate, name, parameterValues, price, productImages, sales, score, scoreCount, sn, specificationItems, totalScore, type, unit, weekHits, weekHitsDate, weekSales, weekSalesDate, weight, brand_id, productCategory_id, store_id, storeProductCategory_id) VALUES ('23', to_date('${date?string("yyyy-MM-dd HH:mm:ss")}', 'yyyy-mm-dd hh24:mi:ss'), to_date('${date?string("yyyy-MM-dd HH:mm:ss")}', 'yyyy-mm-dd hh24:mi:ss'), '0', '1500-1800万', '12倍', NULL, NULL, NULL, NULL, NULL, NULL, NULL, NULL, NULL, NULL, '光学防抖', '伸缩式', NULL, NULL, NULL, NULL, NULL, NULL, '12倍光学变焦，24mm超广角', NULL, '0', '${demoImageUrlPrefix}/201601/842d4ce2-18dc-4065-9eef-dad06da9bef4-thumbnail.jpg', '<p><img src="${demoImageUrlPrefix}/201601/ba851690-002b-479b-96e9-59b0c93cf05d.png"/></p>', '1', '1', '1', '1', '0', 'samsung', '1078.000000', NULL, '0', to_date('${date?string("yyyy-MM-dd HH:mm:ss")}', 'yyyy-mm-dd hh24:mi:ss'), '0', to_date('${date?string("yyyy-MM-dd HH:mm:ss")}', 'yyyy-mm-dd hh24:mi:ss'), '三星 WB35F', '[{"group":"基本参数","entries":[{"name":"有效像素","value":"1600万"},{"name":"显示屏尺寸","value":"2.7英寸"},{"name":"储存介质","value":"SDSC、SDHC、SDXC"},{"name":"电池类型","value":"锂电池"}]},{"group":"镜头","entries":[{"name":"镜头类型","value":"伸缩式"},{"name":"变焦方式","value":"光学变焦"},{"name":"对焦方式","value":"自动对焦"},{"name":"焦距","value":"4.3 - 51.6mm"},{"name":"微距","value":"5cm - 无限(广角)、 130cm - 无限(长焦)"}]},{"group":"曝光","entries":[{"name":"曝光模式","value":"程序AE"},{"name":"ISO感光度","value":"自动、80、100、200、400、800、1600、3200"},{"name":"白平衡模式","value":"自动"}]}]', '899.000000', '[{"source":"${demoImageUrlPrefix}/201601/842d4ce2-18dc-4065-9eef-dad06da9bef4-source.jpg","large":"${demoImageUrlPrefix}/201601/842d4ce2-18dc-4065-9eef-dad06da9bef4-large.jpg","medium":"${demoImageUrlPrefix}/201601/842d4ce2-18dc-4065-9eef-dad06da9bef4-medium.jpg","thumbnail":"${demoImageUrlPrefix}/201601/842d4ce2-18dc-4065-9eef-dad06da9bef4-thumbnail.jpg","order":1}]', '0', '0', '0', '20160101123', '[]', '0', '0', '台', '0', to_date('${date?string("yyyy-MM-dd HH:mm:ss")}', 'yyyy-mm-dd hh24:mi:ss'), '0', to_date('${date?string("yyyy-MM-dd HH:mm:ss")}', 'yyyy-mm-dd hh24:mi:ss'), '310', '2', '49', '2', '20')
INSERT INTO Product (id, createdDate, lastModifiedDate, version, attributeValue0, attributeValue1, attributeValue10, attributeValue11, attributeValue12, attributeValue13, attributeValue14, attributeValue15, attributeValue16, attributeValue17, attributeValue18, attributeValue19, attributeValue2, attributeValue3, attributeValue4, attributeValue5, attributeValue6, attributeValue7, attributeValue8, attributeValue9, caption, cost, hits, image, introduction, isActive, isDelivery, isList, isMarketable, isTop, keyword, marketPrice, memo, monthHits, monthHitsDate, monthSales, monthSalesDate, name, parameterValues, price, productImages, sales, score, scoreCount, sn, specificationItems, totalScore, type, unit, weekHits, weekHitsDate, weekSales, weekSalesDate, weight, brand_id, productCategory_id, store_id, storeProductCategory_id) VALUES ('24', to_date('${date?string("yyyy-MM-dd HH:mm:ss")}', 'yyyy-mm-dd hh24:mi:ss'), to_date('${date?string("yyyy-MM-dd HH:mm:ss")}', 'yyyy-mm-dd hh24:mi:ss'), '0', '1500-1800万', '20倍', NULL, NULL, NULL, NULL, NULL, NULL, NULL, NULL, NULL, NULL, '光学防抖', '伸缩式', NULL, NULL, NULL, NULL, NULL, NULL, '时尚设计，便捷操作', NULL, '0', '${demoImageUrlPrefix}/201601/8f5b4f02-f716-4737-afa6-70606793ffc5-thumbnail.jpg', '<p><img src="${demoImageUrlPrefix}/201601/1d34a4c5-4639-4394-8a86-cb88210719ef.png"/></p>', '1', '1', '1', '1', '0', 'samsung', '1800.000000', NULL, '0', to_date('${date?string("yyyy-MM-dd HH:mm:ss")}', 'yyyy-mm-dd hh24:mi:ss'), '0', to_date('${date?string("yyyy-MM-dd HH:mm:ss")}', 'yyyy-mm-dd hh24:mi:ss'), '三星 WB351F', '[{"group":"基本参数","entries":[{"name":"有效像素","value":"1630万"},{"name":"显示屏尺寸","value":"3.0英寸"},{"name":"储存介质","value":"SD"},{"name":"电池类型","value":"充电电池"}]},{"group":"镜头","entries":[{"name":"镜头类型","value":"伸缩式"},{"name":"变焦方式","value":"光学变焦"},{"name":"对焦方式","value":"自动对焦"},{"name":"焦距","value":"4.1 - 86.1mm"},{"name":"微距","value":"10 - 80cm(广角)、150 - 350cm(长焦)"}]},{"group":"曝光","entries":[{"name":"曝光模式","value":"程序AE、光圈优先AE、快门优先AE、手动曝光"},{"name":"ISO感光度","value":"自动、80、100、200、400、800、1600、3200"},{"name":"白平衡模式","value":"自动"}]}]', '1500.000000', '[{"source":"${demoImageUrlPrefix}/201601/8f5b4f02-f716-4737-afa6-70606793ffc5-source.jpg","large":"${demoImageUrlPrefix}/201601/8f5b4f02-f716-4737-afa6-70606793ffc5-large.jpg","medium":"${demoImageUrlPrefix}/201601/8f5b4f02-f716-4737-afa6-70606793ffc5-medium.jpg","thumbnail":"${demoImageUrlPrefix}/201601/8f5b4f02-f716-4737-afa6-70606793ffc5-thumbnail.jpg","order":1},{"source":"${demoImageUrlPrefix}/201601/0d8153c0-ff73-4c8a-889c-7ce8d1913f83-source.jpg","large":"${demoImageUrlPrefix}/201601/0d8153c0-ff73-4c8a-889c-7ce8d1913f83-large.jpg","medium":"${demoImageUrlPrefix}/201601/0d8153c0-ff73-4c8a-889c-7ce8d1913f83-medium.jpg","thumbnail":"${demoImageUrlPrefix}/201601/0d8153c0-ff73-4c8a-889c-7ce8d1913f83-thumbnail.jpg","order":2}]', '0', '0', '0', '20160101124', '[]', '0', '0', '台', '0', to_date('${date?string("yyyy-MM-dd HH:mm:ss")}', 'yyyy-mm-dd hh24:mi:ss'), '0', to_date('${date?string("yyyy-MM-dd HH:mm:ss")}', 'yyyy-mm-dd hh24:mi:ss'), '400', '2', '49', '2', '20')
INSERT INTO Product (id, createdDate, lastModifiedDate, version, attributeValue0, attributeValue1, attributeValue10, attributeValue11, attributeValue12, attributeValue13, attributeValue14, attributeValue15, attributeValue16, attributeValue17, attributeValue18, attributeValue19, attributeValue2, attributeValue3, attributeValue4, attributeValue5, attributeValue6, attributeValue7, attributeValue8, attributeValue9, caption, cost, hits, image, introduction, isActive, isDelivery, isList, isMarketable, isTop, keyword, marketPrice, memo, monthHits, monthHitsDate, monthSales, monthSalesDate, name, parameterValues, price, productImages, sales, score, scoreCount, sn, specificationItems, totalScore, type, unit, weekHits, weekHitsDate, weekSales, weekSalesDate, weight, brand_id, productCategory_id, store_id, storeProductCategory_id) VALUES ('25', to_date('${date?string("yyyy-MM-dd HH:mm:ss")}', 'yyyy-mm-dd hh24:mi:ss'), to_date('${date?string("yyyy-MM-dd HH:mm:ss")}', 'yyyy-mm-dd hh24:mi:ss'), '0', '2000万以上', '6倍', NULL, NULL, NULL, NULL, NULL, NULL, NULL, NULL, NULL, NULL, '光学防抖', '伸缩式', NULL, NULL, NULL, NULL, NULL, NULL, '2010万有效像素，6倍光学变焦', NULL, '1', '${demoImageUrlPrefix}/201601/e44bc02b-e142-4fce-b88e-02b4ee8f392e-thumbnail.jpg', '<p><img src="${demoImageUrlPrefix}/201601/697fa3da-33ab-41a3-b8e5-92fed87c9f5c.png"/></p>', '1', '1', '1', '1', '0', 'sony', '838.000000', NULL, '1', to_date('${date?string("yyyy-MM-dd HH:mm:ss")}', 'yyyy-mm-dd hh24:mi:ss'), '0', to_date('${date?string("yyyy-MM-dd HH:mm:ss")}', 'yyyy-mm-dd hh24:mi:ss'), '索尼 DSC-W810', '[{"group":"基本参数","entries":[{"name":"有效像素","value":"2010万"},{"name":"显示屏尺寸","value":"2.7英寸"},{"name":"电池类型","value":"锂电池"}]},{"group":"镜头","entries":[{"name":"镜头类型","value":"伸缩式"},{"name":"变焦方式","value":"光学变焦"},{"name":"对焦方式","value":"自动对焦"}]}]', '699.000000', '[{"source":"${demoImageUrlPrefix}/201601/e44bc02b-e142-4fce-b88e-02b4ee8f392e-source.jpg","large":"${demoImageUrlPrefix}/201601/e44bc02b-e142-4fce-b88e-02b4ee8f392e-large.jpg","medium":"${demoImageUrlPrefix}/201601/e44bc02b-e142-4fce-b88e-02b4ee8f392e-medium.jpg","thumbnail":"${demoImageUrlPrefix}/201601/e44bc02b-e142-4fce-b88e-02b4ee8f392e-thumbnail.jpg","order":1}]', '0', '0', '0', '20160101125', '[]', '0', '0', '台', '1', to_date('${date?string("yyyy-MM-dd HH:mm:ss")}', 'yyyy-mm-dd hh24:mi:ss'), '0', to_date('${date?string("yyyy-MM-dd HH:mm:ss")}', 'yyyy-mm-dd hh24:mi:ss'), '280', '3', '49', '2', '20')
INSERT INTO Product (id, createdDate, lastModifiedDate, version, attributeValue0, attributeValue1, attributeValue10, attributeValue11, attributeValue12, attributeValue13, attributeValue14, attributeValue15, attributeValue16, attributeValue17, attributeValue18, attributeValue19, attributeValue2, attributeValue3, attributeValue4, attributeValue5, attributeValue6, attributeValue7, attributeValue8, attributeValue9, caption, cost, hits, image, introduction, isActive, isDelivery, isList, isMarketable, isTop, keyword, marketPrice, memo, monthHits, monthHitsDate, monthSales, monthSalesDate, name, parameterValues, price, productImages, sales, score, scoreCount, sn, specificationItems, totalScore, type, unit, weekHits, weekHitsDate, weekSales, weekSalesDate, weight, brand_id, productCategory_id, store_id, storeProductCategory_id) VALUES ('26', to_date('${date?string("yyyy-MM-dd HH:mm:ss")}', 'yyyy-mm-dd hh24:mi:ss'), to_date('${date?string("yyyy-MM-dd HH:mm:ss")}', 'yyyy-mm-dd hh24:mi:ss'), '0', '11-12英寸', '128GB', NULL, NULL, NULL, NULL, NULL, NULL, NULL, NULL, NULL, NULL, '4GB', '非触摸屏', NULL, NULL, NULL, NULL, NULL, NULL, '超长电池使用时间，强劲性能', NULL, '0', '${demoImageUrlPrefix}/201601/0eb9dcf8-57fe-499a-aa59-73bfb8f4c1cb-thumbnail.jpg', '<p><img src="${demoImageUrlPrefix}/201601/5a6f5130-c729-41a8-a058-1e5ab8c53632.png"/></p>', '1', '1', '1', '1', '1', 'apple', '6960.000000', NULL, '0', to_date('${date?string("yyyy-MM-dd HH:mm:ss")}', 'yyyy-mm-dd hh24:mi:ss'), '0', to_date('${date?string("yyyy-MM-dd HH:mm:ss")}', 'yyyy-mm-dd hh24:mi:ss'), '苹果 MacBook Air MD711CH', '[{"group":"显示","entries":[{"name":"屏幕尺寸","value":"11英寸"},{"name":"显示比例","value":"16:9"},{"name":"屏幕类型","value":"LED"},{"name":"分辨率","value":"1366 x 768"}]},{"group":"CPU","entries":[{"name":"CPU类型","value":"Intel Core i5"},{"name":"CPU频率","value":"1.4GHz"},{"name":"CPU缓存","value":"3MB"}]},{"group":"内存","entries":[{"name":"内存容量","value":"4GB"},{"name":"内存类型","value":"DDR3 1600"},{"name":"最大支持容量","value":"8GB"}]}]', '5800.000000', '[{"source":"${demoImageUrlPrefix}/201601/0eb9dcf8-57fe-499a-aa59-73bfb8f4c1cb-source.jpg","large":"${demoImageUrlPrefix}/201601/0eb9dcf8-57fe-499a-aa59-73bfb8f4c1cb-large.jpg","medium":"${demoImageUrlPrefix}/201601/0eb9dcf8-57fe-499a-aa59-73bfb8f4c1cb-medium.jpg","thumbnail":"${demoImageUrlPrefix}/201601/0eb9dcf8-57fe-499a-aa59-73bfb8f4c1cb-thumbnail.jpg","order":1},{"source":"${demoImageUrlPrefix}/201601/9f51971f-1c7a-4423-8333-a8d4205c0938-source.jpg","large":"${demoImageUrlPrefix}/201601/9f51971f-1c7a-4423-8333-a8d4205c0938-large.jpg","medium":"${demoImageUrlPrefix}/201601/9f51971f-1c7a-4423-8333-a8d4205c0938-medium.jpg","thumbnail":"${demoImageUrlPrefix}/201601/9f51971f-1c7a-4423-8333-a8d4205c0938-thumbnail.jpg","order":2},{"source":"${demoImageUrlPrefix}/201601/bb546580-73b4-4401-b425-d3ddc543a2f7-source.jpg","large":"${demoImageUrlPrefix}/201601/bb546580-73b4-4401-b425-d3ddc543a2f7-large.jpg","medium":"${demoImageUrlPrefix}/201601/bb546580-73b4-4401-b425-d3ddc543a2f7-medium.jpg","thumbnail":"${demoImageUrlPrefix}/201601/bb546580-73b4-4401-b425-d3ddc543a2f7-thumbnail.jpg","order":3}]', '0', '0', '0', '20160101126', '[]', '0', '0', '台', '0', to_date('${date?string("yyyy-MM-dd HH:mm:ss")}', 'yyyy-mm-dd hh24:mi:ss'), '0', to_date('${date?string("yyyy-MM-dd HH:mm:ss")}', 'yyyy-mm-dd hh24:mi:ss'), '2600', '1', '79', '2', '17')
INSERT INTO Product (id, createdDate, lastModifiedDate, version, attributeValue0, attributeValue1, attributeValue10, attributeValue11, attributeValue12, attributeValue13, attributeValue14, attributeValue15, attributeValue16, attributeValue17, attributeValue18, attributeValue19, attributeValue2, attributeValue3, attributeValue4, attributeValue5, attributeValue6, attributeValue7, attributeValue8, attributeValue9, caption, cost, hits, image, introduction, isActive, isDelivery, isList, isMarketable, isTop, keyword, marketPrice, memo, monthHits, monthHitsDate, monthSales, monthSalesDate, name, parameterValues, price, productImages, sales, score, scoreCount, sn, specificationItems, totalScore, type, unit, weekHits, weekHitsDate, weekSales, weekSalesDate, weight, brand_id, productCategory_id, store_id, storeProductCategory_id) VALUES ('27', to_date('${date?string("yyyy-MM-dd HH:mm:ss")}', 'yyyy-mm-dd hh24:mi:ss'), to_date('${date?string("yyyy-MM-dd HH:mm:ss")}', 'yyyy-mm-dd hh24:mi:ss'), '0', '15-16英寸', '256GB', NULL, NULL, NULL, NULL, NULL, NULL, NULL, NULL, NULL, NULL, '16GB', '非触摸屏', NULL, NULL, NULL, NULL, NULL, NULL, '绚丽夺目，超强性能表现', NULL, '0', '${demoImageUrlPrefix}/201601/ee8f0d59-a38f-4e7b-8972-53a4f0349d24-thumbnail.jpg', '<p><img src="${demoImageUrlPrefix}/201601/e71742ca-8596-4247-8624-0b1de6c24e3a.png"/></p>', '1', '1', '1', '1', '1', 'apple', '16560.000000', NULL, '0', to_date('${date?string("yyyy-MM-dd HH:mm:ss")}', 'yyyy-mm-dd hh24:mi:ss'), '0', to_date('${date?string("yyyy-MM-dd HH:mm:ss")}', 'yyyy-mm-dd hh24:mi:ss'), '苹果 MacBook Pro MGXA2CH', '[{"group":"显示","entries":[{"name":"屏幕尺寸","value":"15.4英寸"},{"name":"显示比例","value":"16:10"},{"name":"屏幕类型","value":"LED"},{"name":"分辨率","value":"2880 x 1800"}]},{"group":"CPU","entries":[{"name":"CPU类型","value":"Intel Core i7"},{"name":"CPU频率","value":"2.2GHz"},{"name":"CPU缓存","value":"6MB"}]},{"group":"内存","entries":[{"name":"内存容量","value":"16GB"},{"name":"内存类型","value":"DDR3 1600"},{"name":"最大支持容量","value":"16GB"}]}]', '13800.000000', '[{"source":"${demoImageUrlPrefix}/201601/ee8f0d59-a38f-4e7b-8972-53a4f0349d24-source.jpg","large":"${demoImageUrlPrefix}/201601/ee8f0d59-a38f-4e7b-8972-53a4f0349d24-large.jpg","medium":"${demoImageUrlPrefix}/201601/ee8f0d59-a38f-4e7b-8972-53a4f0349d24-medium.jpg","thumbnail":"${demoImageUrlPrefix}/201601/ee8f0d59-a38f-4e7b-8972-53a4f0349d24-thumbnail.jpg","order":1},{"source":"${demoImageUrlPrefix}/201601/1c0123f6-8cf7-49a7-a971-fbf45750e4d7-source.jpg","large":"${demoImageUrlPrefix}/201601/1c0123f6-8cf7-49a7-a971-fbf45750e4d7-large.jpg","medium":"${demoImageUrlPrefix}/201601/1c0123f6-8cf7-49a7-a971-fbf45750e4d7-medium.jpg","thumbnail":"${demoImageUrlPrefix}/201601/1c0123f6-8cf7-49a7-a971-fbf45750e4d7-thumbnail.jpg","order":2}]', '0', '0', '0', '20160101127', '[]', '0', '0', '台', '0', to_date('${date?string("yyyy-MM-dd HH:mm:ss")}', 'yyyy-mm-dd hh24:mi:ss'), '0', to_date('${date?string("yyyy-MM-dd HH:mm:ss")}', 'yyyy-mm-dd hh24:mi:ss'), '3900', '1', '79', '2', '17')
INSERT INTO Product (id, createdDate, lastModifiedDate, version, attributeValue0, attributeValue1, attributeValue10, attributeValue11, attributeValue12, attributeValue13, attributeValue14, attributeValue15, attributeValue16, attributeValue17, attributeValue18, attributeValue19, attributeValue2, attributeValue3, attributeValue4, attributeValue5, attributeValue6, attributeValue7, attributeValue8, attributeValue9, caption, cost, hits, image, introduction, isActive, isDelivery, isList, isMarketable, isTop, keyword, marketPrice, memo, monthHits, monthHitsDate, monthSales, monthSalesDate, name, parameterValues, price, productImages, sales, score, scoreCount, sn, specificationItems, totalScore, type, unit, weekHits, weekHitsDate, weekSales, weekSalesDate, weight, brand_id, productCategory_id, store_id, storeProductCategory_id) VALUES ('28', to_date('${date?string("yyyy-MM-dd HH:mm:ss")}', 'yyyy-mm-dd hh24:mi:ss'), to_date('${date?string("yyyy-MM-dd HH:mm:ss")}', 'yyyy-mm-dd hh24:mi:ss'), '0', '15-16英寸', '1TB', NULL, NULL, NULL, NULL, NULL, NULL, NULL, NULL, NULL, NULL, '4GB', '触摸屏', NULL, NULL, NULL, NULL, NULL, NULL, '工艺精湛，360度自由翻转', NULL, '0', '${demoImageUrlPrefix}/201601/9da8b878-da95-4d48-9f0b-c6562dd8793a-thumbnail.jpg', '<p><img src="${demoImageUrlPrefix}/201601/dd61c5b7-0113-400b-8541-4d7284ec3310.png"/></p>', '1', '1', '1', '1', '1', 'asus', '8160.000000', NULL, '0', to_date('${date?string("yyyy-MM-dd HH:mm:ss")}', 'yyyy-mm-dd hh24:mi:ss'), '0', to_date('${date?string("yyyy-MM-dd HH:mm:ss")}', 'yyyy-mm-dd hh24:mi:ss'), '华硕 TP500LN', '[{"group":"显示","entries":[{"name":"屏幕尺寸","value":"15.6英寸"},{"name":"显示比例","value":"16:9"},{"name":"屏幕类型","value":"LED"},{"name":"分辨率","value":"1920 x 1080"}]},{"group":"CPU","entries":[{"name":"CPU类型","value":"Intel Core i7"},{"name":"CPU频率","value":"2.0GHz"},{"name":"CPU缓存","value":"4MB"}]},{"group":"内存","entries":[{"name":"内存容量","value":"4GB"},{"name":"最大支持容量","value":"12GB"}]}]', '6800.000000', '[{"source":"${demoImageUrlPrefix}/201601/9da8b878-da95-4d48-9f0b-c6562dd8793a-source.jpg","large":"${demoImageUrlPrefix}/201601/9da8b878-da95-4d48-9f0b-c6562dd8793a-large.jpg","medium":"${demoImageUrlPrefix}/201601/9da8b878-da95-4d48-9f0b-c6562dd8793a-medium.jpg","thumbnail":"${demoImageUrlPrefix}/201601/9da8b878-da95-4d48-9f0b-c6562dd8793a-thumbnail.jpg","order":1},{"source":"${demoImageUrlPrefix}/201601/4cc372f5-9729-41e5-bea3-c6f4eec3625b-source.jpg","large":"${demoImageUrlPrefix}/201601/4cc372f5-9729-41e5-bea3-c6f4eec3625b-large.jpg","medium":"${demoImageUrlPrefix}/201601/4cc372f5-9729-41e5-bea3-c6f4eec3625b-medium.jpg","thumbnail":"${demoImageUrlPrefix}/201601/4cc372f5-9729-41e5-bea3-c6f4eec3625b-thumbnail.jpg","order":2},{"source":"${demoImageUrlPrefix}/201601/154c6bff-9814-46b1-aaf1-2efacb1e96f0-source.jpg","large":"${demoImageUrlPrefix}/201601/154c6bff-9814-46b1-aaf1-2efacb1e96f0-large.jpg","medium":"${demoImageUrlPrefix}/201601/154c6bff-9814-46b1-aaf1-2efacb1e96f0-medium.jpg","thumbnail":"${demoImageUrlPrefix}/201601/154c6bff-9814-46b1-aaf1-2efacb1e96f0-thumbnail.jpg","order":3},{"source":"${demoImageUrlPrefix}/201601/49225d9c-181b-484b-aa63-becb6d3f9a2b-source.jpg","large":"${demoImageUrlPrefix}/201601/49225d9c-181b-484b-aa63-becb6d3f9a2b-large.jpg","medium":"${demoImageUrlPrefix}/201601/49225d9c-181b-484b-aa63-becb6d3f9a2b-medium.jpg","thumbnail":"${demoImageUrlPrefix}/201601/49225d9c-181b-484b-aa63-becb6d3f9a2b-thumbnail.jpg","order":4}]', '0', '0', '0', '20160101128', '[]', '0', '0', '台', '0', to_date('${date?string("yyyy-MM-dd HH:mm:ss")}', 'yyyy-mm-dd hh24:mi:ss'), '0', to_date('${date?string("yyyy-MM-dd HH:mm:ss")}', 'yyyy-mm-dd hh24:mi:ss'), '3400', '11', '79', '2', '17')
INSERT INTO Product (id, createdDate, lastModifiedDate, version, attributeValue0, attributeValue1, attributeValue10, attributeValue11, attributeValue12, attributeValue13, attributeValue14, attributeValue15, attributeValue16, attributeValue17, attributeValue18, attributeValue19, attributeValue2, attributeValue3, attributeValue4, attributeValue5, attributeValue6, attributeValue7, attributeValue8, attributeValue9, caption, cost, hits, image, introduction, isActive, isDelivery, isList, isMarketable, isTop, keyword, marketPrice, memo, monthHits, monthHitsDate, monthSales, monthSalesDate, name, parameterValues, price, productImages, sales, score, scoreCount, sn, specificationItems, totalScore, type, unit, weekHits, weekHitsDate, weekSales, weekSalesDate, weight, brand_id, productCategory_id, store_id, storeProductCategory_id) VALUES ('29', to_date('${date?string("yyyy-MM-dd HH:mm:ss")}', 'yyyy-mm-dd hh24:mi:ss'), to_date('${date?string("yyyy-MM-dd HH:mm:ss")}', 'yyyy-mm-dd hh24:mi:ss'), '0', '15-16英寸', '128GB', NULL, NULL, NULL, NULL, NULL, NULL, NULL, NULL, NULL, NULL, '8GB', '非触摸屏', NULL, NULL, NULL, NULL, NULL, NULL, '轻薄设计，强劲续航', NULL, '0', '${demoImageUrlPrefix}/201601/bf15b3cc-77fd-44b8-b5ca-6ef070cc6d8d-thumbnail.jpg', '<p><img src="${demoImageUrlPrefix}/201601/7d89a6cb-f0d1-4941-b55f-70ff01ab9d28.png"/></p>', '1', '1', '1', '1', '1', 'samsung', '14400.000000', NULL, '0', to_date('${date?string("yyyy-MM-dd HH:mm:ss")}', 'yyyy-mm-dd hh24:mi:ss'), '0', to_date('${date?string("yyyy-MM-dd HH:mm:ss")}', 'yyyy-mm-dd hh24:mi:ss'), '三星 NP930X5J', '[{"group":"显示","entries":[{"name":"屏幕尺寸","value":"15英寸"},{"name":"显示比例","value":"16:9"},{"name":"屏幕类型","value":"LED"},{"name":"分辨率","value":"1920 x 1080"}]},{"group":"CPU","entries":[{"name":"CPU类型","value":"Intel Core i5"},{"name":"CPU频率","value":"1.6GHz"},{"name":"CPU缓存","value":"3MB"}]},{"group":"内存","entries":[{"name":"内存容量","value":"8GB"}]}]', '12000.000000', '[{"source":"${demoImageUrlPrefix}/201601/bf15b3cc-77fd-44b8-b5ca-6ef070cc6d8d-source.jpg","large":"${demoImageUrlPrefix}/201601/bf15b3cc-77fd-44b8-b5ca-6ef070cc6d8d-large.jpg","medium":"${demoImageUrlPrefix}/201601/bf15b3cc-77fd-44b8-b5ca-6ef070cc6d8d-medium.jpg","thumbnail":"${demoImageUrlPrefix}/201601/bf15b3cc-77fd-44b8-b5ca-6ef070cc6d8d-thumbnail.jpg","order":1},{"source":"${demoImageUrlPrefix}/201601/1d088b13-7a3d-450a-be35-f40013ef1304-source.jpg","large":"${demoImageUrlPrefix}/201601/1d088b13-7a3d-450a-be35-f40013ef1304-large.jpg","medium":"${demoImageUrlPrefix}/201601/1d088b13-7a3d-450a-be35-f40013ef1304-medium.jpg","thumbnail":"${demoImageUrlPrefix}/201601/1d088b13-7a3d-450a-be35-f40013ef1304-thumbnail.jpg","order":2},{"source":"${demoImageUrlPrefix}/201601/c34ecf32-0917-4bd6-8f22-264ea8d4dde7-source.jpg","large":"${demoImageUrlPrefix}/201601/c34ecf32-0917-4bd6-8f22-264ea8d4dde7-large.jpg","medium":"${demoImageUrlPrefix}/201601/c34ecf32-0917-4bd6-8f22-264ea8d4dde7-medium.jpg","thumbnail":"${demoImageUrlPrefix}/201601/c34ecf32-0917-4bd6-8f22-264ea8d4dde7-thumbnail.jpg","order":3}]', '0', '0', '0', '20160101129', '[]', '0', '0', '台', '0', to_date('${date?string("yyyy-MM-dd HH:mm:ss")}', 'yyyy-mm-dd hh24:mi:ss'), '0', to_date('${date?string("yyyy-MM-dd HH:mm:ss")}', 'yyyy-mm-dd hh24:mi:ss'), '3000', '2', '79', '2', '17')
INSERT INTO Product (id, createdDate, lastModifiedDate, version, attributeValue0, attributeValue1, attributeValue10, attributeValue11, attributeValue12, attributeValue13, attributeValue14, attributeValue15, attributeValue16, attributeValue17, attributeValue18, attributeValue19, attributeValue2, attributeValue3, attributeValue4, attributeValue5, attributeValue6, attributeValue7, attributeValue8, attributeValue9, caption, cost, hits, image, introduction, isActive, isDelivery, isList, isMarketable, isTop, keyword, marketPrice, memo, monthHits, monthHitsDate, monthSales, monthSalesDate, name, parameterValues, price, productImages, sales, score, scoreCount, sn, specificationItems, totalScore, type, unit, weekHits, weekHitsDate, weekSales, weekSalesDate, weight, brand_id, productCategory_id, store_id, storeProductCategory_id) VALUES ('30', to_date('${date?string("yyyy-MM-dd HH:mm:ss")}', 'yyyy-mm-dd hh24:mi:ss'), to_date('${date?string("yyyy-MM-dd HH:mm:ss")}', 'yyyy-mm-dd hh24:mi:ss'), '0', '14-15英寸', '500GB', NULL, NULL, NULL, NULL, NULL, NULL, NULL, NULL, NULL, NULL, '4GB', '非触摸屏', NULL, NULL, NULL, NULL, NULL, NULL, '2G独立显卡，时尚轻薄', NULL, '0', '${demoImageUrlPrefix}/201601/03c8560a-bac4-473d-b46f-387a927b3218-thumbnail.jpg', '<p><img src="${demoImageUrlPrefix}/201601/e6057308-e3ca-4f98-b508-27780c99def9.png"/></p>', '1', '1', '1', '1', '1', 'samsung', '3360.000000', NULL, '0', to_date('${date?string("yyyy-MM-dd HH:mm:ss")}', 'yyyy-mm-dd hh24:mi:ss'), '0', to_date('${date?string("yyyy-MM-dd HH:mm:ss")}', 'yyyy-mm-dd hh24:mi:ss'), '三星 NP455R4J', '[{"group":"显示","entries":[{"name":"屏幕尺寸","value":"14.0英寸"},{"name":"显示比例","value":"16:9"},{"name":"屏幕类型","value":"LED"},{"name":"分辨率","value":"1366 x 768"}]},{"group":"CPU","entries":[{"name":"CPU类型","value":"AMD 四核"},{"name":"CPU频率","value":"1.8GHz"},{"name":"CPU缓存","value":"2MB"}]},{"group":"内存","entries":[{"name":"内存容量","value":"4GB"}]}]', '2800.000000', '[{"source":"${demoImageUrlPrefix}/201601/03c8560a-bac4-473d-b46f-387a927b3218-source.jpg","large":"${demoImageUrlPrefix}/201601/03c8560a-bac4-473d-b46f-387a927b3218-large.jpg","medium":"${demoImageUrlPrefix}/201601/03c8560a-bac4-473d-b46f-387a927b3218-medium.jpg","thumbnail":"${demoImageUrlPrefix}/201601/03c8560a-bac4-473d-b46f-387a927b3218-thumbnail.jpg","order":1},{"source":"${demoImageUrlPrefix}/201601/6a6c522c-edac-4dc7-bd0b-dbcfca70e2b1-source.jpg","large":"${demoImageUrlPrefix}/201601/6a6c522c-edac-4dc7-bd0b-dbcfca70e2b1-large.jpg","medium":"${demoImageUrlPrefix}/201601/6a6c522c-edac-4dc7-bd0b-dbcfca70e2b1-medium.jpg","thumbnail":"${demoImageUrlPrefix}/201601/6a6c522c-edac-4dc7-bd0b-dbcfca70e2b1-thumbnail.jpg","order":2},{"source":"${demoImageUrlPrefix}/201601/0558c9b6-0d99-4979-b4e3-b65697fff12f-source.jpg","large":"${demoImageUrlPrefix}/201601/0558c9b6-0d99-4979-b4e3-b65697fff12f-large.jpg","medium":"${demoImageUrlPrefix}/201601/0558c9b6-0d99-4979-b4e3-b65697fff12f-medium.jpg","thumbnail":"${demoImageUrlPrefix}/201601/0558c9b6-0d99-4979-b4e3-b65697fff12f-thumbnail.jpg","order":3}]', '0', '0', '0', '20160101130', '[]', '0', '0', '台', '0', to_date('${date?string("yyyy-MM-dd HH:mm:ss")}', 'yyyy-mm-dd hh24:mi:ss'), '0', to_date('${date?string("yyyy-MM-dd HH:mm:ss")}', 'yyyy-mm-dd hh24:mi:ss'), '2200', '2', '79', '2', '17')
INSERT INTO Product (id, createdDate, lastModifiedDate, version, attributeValue0, attributeValue1, attributeValue10, attributeValue11, attributeValue12, attributeValue13, attributeValue14, attributeValue15, attributeValue16, attributeValue17, attributeValue18, attributeValue19, attributeValue2, attributeValue3, attributeValue4, attributeValue5, attributeValue6, attributeValue7, attributeValue8, attributeValue9, caption, cost, hits, image, introduction, isActive, isDelivery, isList, isMarketable, isTop, keyword, marketPrice, memo, monthHits, monthHitsDate, monthSales, monthSalesDate, name, parameterValues, price, productImages, sales, score, scoreCount, sn, specificationItems, totalScore, type, unit, weekHits, weekHitsDate, weekSales, weekSalesDate, weight, brand_id, productCategory_id, store_id, storeProductCategory_id) VALUES ('31', to_date('${date?string("yyyy-MM-dd HH:mm:ss")}', 'yyyy-mm-dd hh24:mi:ss'), to_date('${date?string("yyyy-MM-dd HH:mm:ss")}', 'yyyy-mm-dd hh24:mi:ss'), '0', '9-10英寸', '16GB', NULL, NULL, NULL, NULL, NULL, NULL, NULL, NULL, NULL, NULL, 'iOS', NULL, NULL, NULL, NULL, NULL, NULL, NULL, '纤薄金属机身', NULL, '0', '${demoImageUrlPrefix}/201601/7ebc7264-e5e6-4681-a80b-6cdbd90272cc-thumbnail.jpg', '<p><img src="${demoImageUrlPrefix}/201601/16904cd7-f516-410f-b0c5-1661138f1eef.png"/></p>', '1', '1', '1', '1', '0', 'apple', '3456.000000', NULL, '0', to_date('${date?string("yyyy-MM-dd HH:mm:ss")}', 'yyyy-mm-dd hh24:mi:ss'), '0', to_date('${date?string("yyyy-MM-dd HH:mm:ss")}', 'yyyy-mm-dd hh24:mi:ss'), '苹果 iPad Air MD785CH', '[{"group":"显示","entries":[{"name":"屏幕尺寸","value":"9.7英寸"},{"name":"显示比例","value":"4:3"},{"name":"屏幕类型","value":"IPS"},{"name":"分辨率","value":"2048 x 1536"}]},{"group":"连接","entries":[{"name":"WiFi","value":"支持"},{"name":"3G","value":"不支持"},{"name":"蓝牙","value":"支持"}]},{"group":"电池","entries":[{"name":"电池类型","value":"锂电池"},{"name":"电池容量","value":"32.4Whr"},{"name":"续航时间","value":"10小时"}]}]', '2880.000000', '[{"source":"${demoImageUrlPrefix}/201601/7ebc7264-e5e6-4681-a80b-6cdbd90272cc-source.jpg","large":"${demoImageUrlPrefix}/201601/7ebc7264-e5e6-4681-a80b-6cdbd90272cc-large.jpg","medium":"${demoImageUrlPrefix}/201601/7ebc7264-e5e6-4681-a80b-6cdbd90272cc-medium.jpg","thumbnail":"${demoImageUrlPrefix}/201601/7ebc7264-e5e6-4681-a80b-6cdbd90272cc-thumbnail.jpg","order":1},{"source":"${demoImageUrlPrefix}/201601/6fdd7dd9-a462-4f66-8640-c3107166cce9-source.jpg","large":"${demoImageUrlPrefix}/201601/6fdd7dd9-a462-4f66-8640-c3107166cce9-large.jpg","medium":"${demoImageUrlPrefix}/201601/6fdd7dd9-a462-4f66-8640-c3107166cce9-medium.jpg","thumbnail":"${demoImageUrlPrefix}/201601/6fdd7dd9-a462-4f66-8640-c3107166cce9-thumbnail.jpg","order":2}]', '0', '0', '0', '20160101131', '[]', '0', '0', '台', '0', to_date('${date?string("yyyy-MM-dd HH:mm:ss")}', 'yyyy-mm-dd hh24:mi:ss'), '0', to_date('${date?string("yyyy-MM-dd HH:mm:ss")}', 'yyyy-mm-dd hh24:mi:ss'), '820', '1', '82', '2', '16')
INSERT INTO Product (id, createdDate, lastModifiedDate, version, attributeValue0, attributeValue1, attributeValue10, attributeValue11, attributeValue12, attributeValue13, attributeValue14, attributeValue15, attributeValue16, attributeValue17, attributeValue18, attributeValue19, attributeValue2, attributeValue3, attributeValue4, attributeValue5, attributeValue6, attributeValue7, attributeValue8, attributeValue9, caption, cost, hits, image, introduction, isActive, isDelivery, isList, isMarketable, isTop, keyword, marketPrice, memo, monthHits, monthHitsDate, monthSales, monthSalesDate, name, parameterValues, price, productImages, sales, score, scoreCount, sn, specificationItems, totalScore, type, unit, weekHits, weekHitsDate, weekSales, weekSalesDate, weight, brand_id, productCategory_id, store_id, storeProductCategory_id) VALUES ('32', to_date('${date?string("yyyy-MM-dd HH:mm:ss")}', 'yyyy-mm-dd hh24:mi:ss'), to_date('${date?string("yyyy-MM-dd HH:mm:ss")}', 'yyyy-mm-dd hh24:mi:ss'), '0', '7-8英寸', '16GB', NULL, NULL, NULL, NULL, NULL, NULL, NULL, NULL, NULL, NULL, 'iOS', NULL, NULL, NULL, NULL, NULL, NULL, NULL, '配备64位构架的A7芯片', NULL, '0', '${demoImageUrlPrefix}/201601/5c5195a8-4861-4161-a9f5-9ecbb0a70596-thumbnail.jpg', '<p><img src="${demoImageUrlPrefix}/201601/05da6e1c-d10c-4e7c-b8d4-ca5a955f13ec.png"/></p>', '1', '1', '1', '1', '0', 'apple', '2640.000000', NULL, '0', to_date('${date?string("yyyy-MM-dd HH:mm:ss")}', 'yyyy-mm-dd hh24:mi:ss'), '0', to_date('${date?string("yyyy-MM-dd HH:mm:ss")}', 'yyyy-mm-dd hh24:mi:ss'), '苹果 iPad mini ME279CH', '[{"group":"显示","entries":[{"name":"屏幕尺寸","value":"7.9英寸"},{"name":"屏幕类型","value":"IPS"},{"name":"分辨率","value":"2048 x 1536"}]},{"group":"连接","entries":[{"name":"WiFi","value":"支持"},{"name":"3G","value":"不支持"},{"name":"蓝牙","value":"支持"}]},{"group":"电池","entries":[{"name":"电池类型","value":"锂电池"},{"name":"电池容量","value":"23.8Whr"},{"name":"续航时间","value":"10小时"}]}]', '2200.000000', '[{"source":"${demoImageUrlPrefix}/201601/5c5195a8-4861-4161-a9f5-9ecbb0a70596-source.jpg","large":"${demoImageUrlPrefix}/201601/5c5195a8-4861-4161-a9f5-9ecbb0a70596-large.jpg","medium":"${demoImageUrlPrefix}/201601/5c5195a8-4861-4161-a9f5-9ecbb0a70596-medium.jpg","thumbnail":"${demoImageUrlPrefix}/201601/5c5195a8-4861-4161-a9f5-9ecbb0a70596-thumbnail.jpg","order":1},{"source":"${demoImageUrlPrefix}/201601/831cec8a-0ef8-4680-9d8f-0f1b277e8702-source.jpg","large":"${demoImageUrlPrefix}/201601/831cec8a-0ef8-4680-9d8f-0f1b277e8702-large.jpg","medium":"${demoImageUrlPrefix}/201601/831cec8a-0ef8-4680-9d8f-0f1b277e8702-medium.jpg","thumbnail":"${demoImageUrlPrefix}/201601/831cec8a-0ef8-4680-9d8f-0f1b277e8702-thumbnail.jpg","order":2},{"source":"${demoImageUrlPrefix}/201601/81407540-b192-490a-9c7d-331c0a54cfe7-source.jpg","large":"${demoImageUrlPrefix}/201601/81407540-b192-490a-9c7d-331c0a54cfe7-large.jpg","medium":"${demoImageUrlPrefix}/201601/81407540-b192-490a-9c7d-331c0a54cfe7-medium.jpg","thumbnail":"${demoImageUrlPrefix}/201601/81407540-b192-490a-9c7d-331c0a54cfe7-thumbnail.jpg","order":3}]', '0', '0', '0', '20160101132', '[]', '0', '0', '台', '0', to_date('${date?string("yyyy-MM-dd HH:mm:ss")}', 'yyyy-mm-dd hh24:mi:ss'), '0', to_date('${date?string("yyyy-MM-dd HH:mm:ss")}', 'yyyy-mm-dd hh24:mi:ss'), '600', '1', '82', '2', '16')
INSERT INTO Product (id, createdDate, lastModifiedDate, version, attributeValue0, attributeValue1, attributeValue10, attributeValue11, attributeValue12, attributeValue13, attributeValue14, attributeValue15, attributeValue16, attributeValue17, attributeValue18, attributeValue19, attributeValue2, attributeValue3, attributeValue4, attributeValue5, attributeValue6, attributeValue7, attributeValue8, attributeValue9, caption, cost, hits, image, introduction, isActive, isDelivery, isList, isMarketable, isTop, keyword, marketPrice, memo, monthHits, monthHitsDate, monthSales, monthSalesDate, name, parameterValues, price, productImages, sales, score, scoreCount, sn, specificationItems, totalScore, type, unit, weekHits, weekHitsDate, weekSales, weekSalesDate, weight, brand_id, productCategory_id, store_id, storeProductCategory_id) VALUES ('33', to_date('${date?string("yyyy-MM-dd HH:mm:ss")}', 'yyyy-mm-dd hh24:mi:ss'), to_date('${date?string("yyyy-MM-dd HH:mm:ss")}', 'yyyy-mm-dd hh24:mi:ss'), '0', '9-10英寸', '16GB', NULL, NULL, NULL, NULL, NULL, NULL, NULL, NULL, NULL, NULL, 'iOS', NULL, NULL, NULL, NULL, NULL, NULL, NULL, '超长电池使用时间', NULL, '0', '${demoImageUrlPrefix}/201601/5f7ffbaf-2e87-42c4-9039-0fe47fb630b2-thumbnail.jpg', '<p><img src="${demoImageUrlPrefix}/201601/6c293c36-cd31-4e0c-8dbc-3efda6bef7e1.png"/></p>', '1', '1', '1', '1', '0', 'apple', '4320.000000', NULL, '0', to_date('${date?string("yyyy-MM-dd HH:mm:ss")}', 'yyyy-mm-dd hh24:mi:ss'), '0', to_date('${date?string("yyyy-MM-dd HH:mm:ss")}', 'yyyy-mm-dd hh24:mi:ss'), '苹果 iPad Air2 MH0W2CH', '[{"group":"显示","entries":[{"name":"屏幕尺寸","value":"9.7英寸"},{"name":"显示比例","value":"4:3"},{"name":"屏幕类型","value":"IPS"},{"name":"分辨率","value":"2048 x 1536"}]},{"group":"连接","entries":[{"name":"WiFi","value":"支持"},{"name":"3G","value":"不支持"},{"name":"蓝牙","value":"支持"}]},{"group":"电池","entries":[{"name":"电池类型","value":"锂电池"},{"name":"电池容量","value":"27.3Whr"},{"name":"续航时间","value":"10小时"}]}]', '3600.000000', '[{"source":"${demoImageUrlPrefix}/201601/5f7ffbaf-2e87-42c4-9039-0fe47fb630b2-source.jpg","large":"${demoImageUrlPrefix}/201601/5f7ffbaf-2e87-42c4-9039-0fe47fb630b2-large.jpg","medium":"${demoImageUrlPrefix}/201601/5f7ffbaf-2e87-42c4-9039-0fe47fb630b2-medium.jpg","thumbnail":"${demoImageUrlPrefix}/201601/5f7ffbaf-2e87-42c4-9039-0fe47fb630b2-thumbnail.jpg","order":1},{"source":"${demoImageUrlPrefix}/201601/d1e5b3ef-efe3-4dc9-854c-5a4e17438274-source.jpg","large":"${demoImageUrlPrefix}/201601/d1e5b3ef-efe3-4dc9-854c-5a4e17438274-large.jpg","medium":"${demoImageUrlPrefix}/201601/d1e5b3ef-efe3-4dc9-854c-5a4e17438274-medium.jpg","thumbnail":"${demoImageUrlPrefix}/201601/d1e5b3ef-efe3-4dc9-854c-5a4e17438274-thumbnail.jpg","order":2},{"source":"${demoImageUrlPrefix}/201601/ae2cf261-53de-4299-8ce0-d05e0f584e14-source.jpg","large":"${demoImageUrlPrefix}/201601/ae2cf261-53de-4299-8ce0-d05e0f584e14-large.jpg","medium":"${demoImageUrlPrefix}/201601/ae2cf261-53de-4299-8ce0-d05e0f584e14-medium.jpg","thumbnail":"${demoImageUrlPrefix}/201601/ae2cf261-53de-4299-8ce0-d05e0f584e14-thumbnail.jpg","order":3}]', '0', '0', '0', '20160101133', '[]', '0', '0', '台', '0', to_date('${date?string("yyyy-MM-dd HH:mm:ss")}', 'yyyy-mm-dd hh24:mi:ss'), '0', to_date('${date?string("yyyy-MM-dd HH:mm:ss")}', 'yyyy-mm-dd hh24:mi:ss'), '780', '1', '82', '2', '16')
INSERT INTO Product (id, createdDate, lastModifiedDate, version, attributeValue0, attributeValue1, attributeValue10, attributeValue11, attributeValue12, attributeValue13, attributeValue14, attributeValue15, attributeValue16, attributeValue17, attributeValue18, attributeValue19, attributeValue2, attributeValue3, attributeValue4, attributeValue5, attributeValue6, attributeValue7, attributeValue8, attributeValue9, caption, cost, hits, image, introduction, isActive, isDelivery, isList, isMarketable, isTop, keyword, marketPrice, memo, monthHits, monthHitsDate, monthSales, monthSalesDate, name, parameterValues, price, productImages, sales, score, scoreCount, sn, specificationItems, totalScore, type, unit, weekHits, weekHitsDate, weekSales, weekSalesDate, weight, brand_id, productCategory_id, store_id, storeProductCategory_id) VALUES ('34', to_date('${date?string("yyyy-MM-dd HH:mm:ss")}', 'yyyy-mm-dd hh24:mi:ss'), to_date('${date?string("yyyy-MM-dd HH:mm:ss")}', 'yyyy-mm-dd hh24:mi:ss'), '0', '7-8英寸', '16GB', NULL, NULL, NULL, NULL, NULL, NULL, NULL, NULL, NULL, NULL, 'iOS', NULL, NULL, NULL, NULL, NULL, NULL, NULL, '指纹识别，Retina显示屏', NULL, '0', '${demoImageUrlPrefix}/201601/62142fec-eae0-4881-abc6-04ecb2afcbad-thumbnail.jpg', '<p><img src="${demoImageUrlPrefix}/201601/dc604f08-935f-4cb1-8209-8aed71fa8423.png"/></p>', '1', '1', '1', '1', '0', 'apple', '3465.000000', NULL, '0', to_date('${date?string("yyyy-MM-dd HH:mm:ss")}', 'yyyy-mm-dd hh24:mi:ss'), '0', to_date('${date?string("yyyy-MM-dd HH:mm:ss")}', 'yyyy-mm-dd hh24:mi:ss'), '苹果 iPad mini3 MGY92CH', '[{"group":"显示","entries":[{"name":"屏幕尺寸","value":"7.9英寸"},{"name":"屏幕类型","value":"IPS"},{"name":"分辨率","value":"2048 x 1536"}]},{"group":"连接","entries":[{"name":"WiFi","value":"支持"},{"name":"3G","value":"不支持"},{"name":"蓝牙","value":"支持"}]},{"group":"电池","entries":[{"name":"电池类型","value":"锂电池"},{"name":"电池容量","value":"23.8Whr"},{"name":"续航时间","value":"10小时"}]}]', '2888.000000', '[{"source":"${demoImageUrlPrefix}/201601/62142fec-eae0-4881-abc6-04ecb2afcbad-source.jpg","large":"${demoImageUrlPrefix}/201601/62142fec-eae0-4881-abc6-04ecb2afcbad-large.jpg","medium":"${demoImageUrlPrefix}/201601/62142fec-eae0-4881-abc6-04ecb2afcbad-medium.jpg","thumbnail":"${demoImageUrlPrefix}/201601/62142fec-eae0-4881-abc6-04ecb2afcbad-thumbnail.jpg","order":1},{"source":"${demoImageUrlPrefix}/201601/3d8af758-dae1-4beb-b3c7-16ed2fd880c2-source.jpg","large":"${demoImageUrlPrefix}/201601/3d8af758-dae1-4beb-b3c7-16ed2fd880c2-large.jpg","medium":"${demoImageUrlPrefix}/201601/3d8af758-dae1-4beb-b3c7-16ed2fd880c2-medium.jpg","thumbnail":"${demoImageUrlPrefix}/201601/3d8af758-dae1-4beb-b3c7-16ed2fd880c2-thumbnail.jpg","order":2}]', '0', '0', '0', '20160101134', '[]', '0', '0', '台', '0', to_date('${date?string("yyyy-MM-dd HH:mm:ss")}', 'yyyy-mm-dd hh24:mi:ss'), '0', to_date('${date?string("yyyy-MM-dd HH:mm:ss")}', 'yyyy-mm-dd hh24:mi:ss'), '600', '1', '82', '2', '16')
INSERT INTO Product (id, createdDate, lastModifiedDate, version, attributeValue0, attributeValue1, attributeValue10, attributeValue11, attributeValue12, attributeValue13, attributeValue14, attributeValue15, attributeValue16, attributeValue17, attributeValue18, attributeValue19, attributeValue2, attributeValue3, attributeValue4, attributeValue5, attributeValue6, attributeValue7, attributeValue8, attributeValue9, caption, cost, hits, image, introduction, isActive, isDelivery, isList, isMarketable, isTop, keyword, marketPrice, memo, monthHits, monthHitsDate, monthSales, monthSalesDate, name, parameterValues, price, productImages, sales, score, scoreCount, sn, specificationItems, totalScore, type, unit, weekHits, weekHitsDate, weekSales, weekSalesDate, weight, brand_id, productCategory_id, store_id, storeProductCategory_id) VALUES ('35', to_date('${date?string("yyyy-MM-dd HH:mm:ss")}', 'yyyy-mm-dd hh24:mi:ss'), to_date('${date?string("yyyy-MM-dd HH:mm:ss")}', 'yyyy-mm-dd hh24:mi:ss'), '0', '8-9英寸', '16GB', NULL, NULL, NULL, NULL, NULL, NULL, NULL, NULL, NULL, NULL, 'Android', NULL, NULL, NULL, NULL, NULL, NULL, NULL, '双核处理器，纤薄设计', NULL, '0', '${demoImageUrlPrefix}/201601/8d6f7b24-95fe-4c09-b85f-56568019e1d2-thumbnail.jpg', '<p><img src="${demoImageUrlPrefix}/201601/6ebd14c9-2b1c-4757-81ed-b16539d8c24e.png"/></p>', '1', '1', '1', '1', '0', 'samsung', '3120.000000', NULL, '0', to_date('${date?string("yyyy-MM-dd HH:mm:ss")}', 'yyyy-mm-dd hh24:mi:ss'), '0', to_date('${date?string("yyyy-MM-dd HH:mm:ss")}', 'yyyy-mm-dd hh24:mi:ss'), '三星 Galaxy Tab3 T311', '[{"group":"显示","entries":[{"name":"屏幕尺寸","value":"8.0英寸"},{"name":"屏幕类型","value":"TFT"},{"name":"分辨率","value":"1280 x 800"}]},{"group":"连接","entries":[{"name":"WiFi","value":"支持"},{"name":"3G","value":"支持"},{"name":"蓝牙","value":"支持"}]},{"group":"电池","entries":[{"name":"电池类型","value":"锂电池"},{"name":"电池容量","value":"4450mAh"}]}]', '2600.000000', '[{"source":"${demoImageUrlPrefix}/201601/8d6f7b24-95fe-4c09-b85f-56568019e1d2-source.jpg","large":"${demoImageUrlPrefix}/201601/8d6f7b24-95fe-4c09-b85f-56568019e1d2-large.jpg","medium":"${demoImageUrlPrefix}/201601/8d6f7b24-95fe-4c09-b85f-56568019e1d2-medium.jpg","thumbnail":"${demoImageUrlPrefix}/201601/8d6f7b24-95fe-4c09-b85f-56568019e1d2-thumbnail.jpg","order":1},{"source":"${demoImageUrlPrefix}/201601/58f60dc6-4378-4ed5-ab59-c97a9e6a168c-source.jpg","large":"${demoImageUrlPrefix}/201601/58f60dc6-4378-4ed5-ab59-c97a9e6a168c-large.jpg","medium":"${demoImageUrlPrefix}/201601/58f60dc6-4378-4ed5-ab59-c97a9e6a168c-medium.jpg","thumbnail":"${demoImageUrlPrefix}/201601/58f60dc6-4378-4ed5-ab59-c97a9e6a168c-thumbnail.jpg","order":2},{"source":"${demoImageUrlPrefix}/201601/a85cf4cc-462b-4d4b-94dc-741c0c916ff6-source.jpg","large":"${demoImageUrlPrefix}/201601/a85cf4cc-462b-4d4b-94dc-741c0c916ff6-large.jpg","medium":"${demoImageUrlPrefix}/201601/a85cf4cc-462b-4d4b-94dc-741c0c916ff6-medium.jpg","thumbnail":"${demoImageUrlPrefix}/201601/a85cf4cc-462b-4d4b-94dc-741c0c916ff6-thumbnail.jpg","order":3}]', '0', '0', '0', '20160101135', '[]', '0', '0', '台', '0', to_date('${date?string("yyyy-MM-dd HH:mm:ss")}', 'yyyy-mm-dd hh24:mi:ss'), '0', to_date('${date?string("yyyy-MM-dd HH:mm:ss")}', 'yyyy-mm-dd hh24:mi:ss'), '580', '2', '82', '2', '16')
INSERT INTO Product (id, createdDate, lastModifiedDate, version, attributeValue0, attributeValue1, attributeValue10, attributeValue11, attributeValue12, attributeValue13, attributeValue14, attributeValue15, attributeValue16, attributeValue17, attributeValue18, attributeValue19, attributeValue2, attributeValue3, attributeValue4, attributeValue5, attributeValue6, attributeValue7, attributeValue8, attributeValue9, caption, cost, hits, image, introduction, isActive, isDelivery, isList, isMarketable, isTop, keyword, marketPrice, memo, monthHits, monthHitsDate, monthSales, monthSalesDate, name, parameterValues, price, productImages, sales, score, scoreCount, sn, specificationItems, totalScore, type, unit, weekHits, weekHitsDate, weekSales, weekSalesDate, weight, brand_id, productCategory_id, store_id, storeProductCategory_id) VALUES ('36', to_date('${date?string("yyyy-MM-dd HH:mm:ss")}', 'yyyy-mm-dd hh24:mi:ss'), to_date('${date?string("yyyy-MM-dd HH:mm:ss")}', 'yyyy-mm-dd hh24:mi:ss'), '0', '55-60英寸', 'LED电视', NULL, NULL, NULL, NULL, NULL, NULL, NULL, NULL, NULL, NULL, NULL, NULL, NULL, NULL, NULL, NULL, NULL, NULL, '经典大屏，飞常完美', NULL, '0', '${demoImageUrlPrefix}/201601/8384ad7b-a5e3-4ad1-96b8-bc2d9e924087-thumbnail.jpg', '<p><img src="${demoImageUrlPrefix}/201601/12d6f99e-4a8b-4440-9205-9639fdb34d88.png"/></p>', '1', '1', '1', '1', '1', NULL, '4678.000000', NULL, '0', to_date('${date?string("yyyy-MM-dd HH:mm:ss")}', 'yyyy-mm-dd hh24:mi:ss'), '0', to_date('${date?string("yyyy-MM-dd HH:mm:ss")}', 'yyyy-mm-dd hh24:mi:ss'), '飞利浦 55PFL3045', '[{"group":"显示","entries":[{"name":"屏幕尺寸","value":"55英寸"},{"name":"显示比例","value":"16:9"},{"name":"屏幕类型","value":"LED"},{"name":"分辨率","value":"1920 x 1080"}]},{"group":"端口","entries":[{"name":"USB","value":"支持"},{"name":"HDMI","value":"支持"},{"name":"光纤","value":"不支持"}]}]', '3899.000000', '[{"source":"${demoImageUrlPrefix}/201601/8384ad7b-a5e3-4ad1-96b8-bc2d9e924087-source.jpg","large":"${demoImageUrlPrefix}/201601/8384ad7b-a5e3-4ad1-96b8-bc2d9e924087-large.jpg","medium":"${demoImageUrlPrefix}/201601/8384ad7b-a5e3-4ad1-96b8-bc2d9e924087-medium.jpg","thumbnail":"${demoImageUrlPrefix}/201601/8384ad7b-a5e3-4ad1-96b8-bc2d9e924087-thumbnail.jpg","order":1},{"source":"${demoImageUrlPrefix}/201601/576751fc-c667-4317-9b3e-e467bb2b4aa9-source.jpg","large":"${demoImageUrlPrefix}/201601/576751fc-c667-4317-9b3e-e467bb2b4aa9-large.jpg","medium":"${demoImageUrlPrefix}/201601/576751fc-c667-4317-9b3e-e467bb2b4aa9-medium.jpg","thumbnail":"${demoImageUrlPrefix}/201601/576751fc-c667-4317-9b3e-e467bb2b4aa9-thumbnail.jpg","order":2}]', '0', '0', '0', '20160101136', '[]', '0', '0', '台', '0', to_date('${date?string("yyyy-MM-dd HH:mm:ss")}', 'yyyy-mm-dd hh24:mi:ss'), '0', to_date('${date?string("yyyy-MM-dd HH:mm:ss")}', 'yyyy-mm-dd hh24:mi:ss'), '28000', NULL, '145', '2', '19')
INSERT INTO Product (id, createdDate, lastModifiedDate, version, attributeValue0, attributeValue1, attributeValue10, attributeValue11, attributeValue12, attributeValue13, attributeValue14, attributeValue15, attributeValue16, attributeValue17, attributeValue18, attributeValue19, attributeValue2, attributeValue3, attributeValue4, attributeValue5, attributeValue6, attributeValue7, attributeValue8, attributeValue9, caption, cost, hits, image, introduction, isActive, isDelivery, isList, isMarketable, isTop, keyword, marketPrice, memo, monthHits, monthHitsDate, monthSales, monthSalesDate, name, parameterValues, price, productImages, sales, score, scoreCount, sn, specificationItems, totalScore, type, unit, weekHits, weekHitsDate, weekSales, weekSalesDate, weight, brand_id, productCategory_id, store_id, storeProductCategory_id) VALUES ('37', to_date('${date?string("yyyy-MM-dd HH:mm:ss")}', 'yyyy-mm-dd hh24:mi:ss'), to_date('${date?string("yyyy-MM-dd HH:mm:ss")}', 'yyyy-mm-dd hh24:mi:ss'), '0', '40-45英寸', 'LED电视', NULL, NULL, NULL, NULL, NULL, NULL, NULL, NULL, NULL, NULL, NULL, NULL, NULL, NULL, NULL, NULL, NULL, NULL, '三维色彩管理，高还原色彩细节', NULL, '0', '${demoImageUrlPrefix}/201601/f8a42d04-c91b-473b-8549-606208b3dcb9-thumbnail.jpg', '<p><img src="${demoImageUrlPrefix}/201601/52420f86-3b7f-4232-adbe-37cb812690a4.png"/></p>', '1', '1', '1', '1', '1', NULL, '3118.800000', NULL, '0', to_date('${date?string("yyyy-MM-dd HH:mm:ss")}', 'yyyy-mm-dd hh24:mi:ss'), '0', to_date('${date?string("yyyy-MM-dd HH:mm:ss")}', 'yyyy-mm-dd hh24:mi:ss'), '东芝 42L1353C', '[{"group":"显示","entries":[{"name":"屏幕尺寸","value":"42英寸"},{"name":"显示比例","value":"16:9"},{"name":"屏幕类型","value":"LED"},{"name":"分辨率","value":"1920 x 1080"}]},{"group":"端口","entries":[{"name":"USB","value":"支持"},{"name":"HDMI","value":"支持"}]}]', '2599.000000', '[{"source":"${demoImageUrlPrefix}/201601/f8a42d04-c91b-473b-8549-606208b3dcb9-source.jpg","large":"${demoImageUrlPrefix}/201601/f8a42d04-c91b-473b-8549-606208b3dcb9-large.jpg","medium":"${demoImageUrlPrefix}/201601/f8a42d04-c91b-473b-8549-606208b3dcb9-medium.jpg","thumbnail":"${demoImageUrlPrefix}/201601/f8a42d04-c91b-473b-8549-606208b3dcb9-thumbnail.jpg","order":1}]', '0', '0', '0', '20160101137', '[]', '0', '0', '台', '0', to_date('${date?string("yyyy-MM-dd HH:mm:ss")}', 'yyyy-mm-dd hh24:mi:ss'), '0', to_date('${date?string("yyyy-MM-dd HH:mm:ss")}', 'yyyy-mm-dd hh24:mi:ss'), '18000', NULL, '145', '2', '19')
INSERT INTO Product (id, createdDate, lastModifiedDate, version, attributeValue0, attributeValue1, attributeValue10, attributeValue11, attributeValue12, attributeValue13, attributeValue14, attributeValue15, attributeValue16, attributeValue17, attributeValue18, attributeValue19, attributeValue2, attributeValue3, attributeValue4, attributeValue5, attributeValue6, attributeValue7, attributeValue8, attributeValue9, caption, cost, hits, image, introduction, isActive, isDelivery, isList, isMarketable, isTop, keyword, marketPrice, memo, monthHits, monthHitsDate, monthSales, monthSalesDate, name, parameterValues, price, productImages, sales, score, scoreCount, sn, specificationItems, totalScore, type, unit, weekHits, weekHitsDate, weekSales, weekSalesDate, weight, brand_id, productCategory_id, store_id, storeProductCategory_id) VALUES ('38', to_date('${date?string("yyyy-MM-dd HH:mm:ss")}', 'yyyy-mm-dd hh24:mi:ss'), to_date('${date?string("yyyy-MM-dd HH:mm:ss")}', 'yyyy-mm-dd hh24:mi:ss'), '0', '55-60英寸', 'LED电视', NULL, NULL, NULL, NULL, NULL, NULL, NULL, NULL, NULL, NULL, NULL, NULL, NULL, NULL, NULL, NULL, NULL, NULL, '享受澎湃画质，打造全高清3D盛宴', NULL, '0', '${demoImageUrlPrefix}/201601/726126d6-2cc4-4e19-86f5-9688beb88042-thumbnail.jpg', '<p><img src="${demoImageUrlPrefix}/201601/e209230a-e6b0-4398-8279-d3e2713c6988.png"/></p>', '1', '1', '1', '1', '1', NULL, '5980.000000', NULL, '0', to_date('${date?string("yyyy-MM-dd HH:mm:ss")}', 'yyyy-mm-dd hh24:mi:ss'), '0', to_date('${date?string("yyyy-MM-dd HH:mm:ss")}', 'yyyy-mm-dd hh24:mi:ss'), '东芝 55L3305CS', '[{"group":"显示","entries":[{"name":"屏幕尺寸","value":"55英寸"},{"name":"显示比例","value":"16:9"},{"name":"屏幕类型","value":"LED"},{"name":"分辨率","value":"1920 x 1080"}]},{"group":"端口","entries":[{"name":"USB","value":"支持"},{"name":"HDMI","value":"支持"}]}]', '4988.000000', '[{"source":"${demoImageUrlPrefix}/201601/726126d6-2cc4-4e19-86f5-9688beb88042-source.jpg","large":"${demoImageUrlPrefix}/201601/726126d6-2cc4-4e19-86f5-9688beb88042-large.jpg","medium":"${demoImageUrlPrefix}/201601/726126d6-2cc4-4e19-86f5-9688beb88042-medium.jpg","thumbnail":"${demoImageUrlPrefix}/201601/726126d6-2cc4-4e19-86f5-9688beb88042-thumbnail.jpg","order":1}]', '0', '0', '0', '20160101138', '[]', '0', '0', '台', '0', to_date('${date?string("yyyy-MM-dd HH:mm:ss")}', 'yyyy-mm-dd hh24:mi:ss'), '0', to_date('${date?string("yyyy-MM-dd HH:mm:ss")}', 'yyyy-mm-dd hh24:mi:ss'), '27500', NULL, '145', '2', '19')
INSERT INTO Product (id, createdDate, lastModifiedDate, version, attributeValue0, attributeValue1, attributeValue10, attributeValue11, attributeValue12, attributeValue13, attributeValue14, attributeValue15, attributeValue16, attributeValue17, attributeValue18, attributeValue19, attributeValue2, attributeValue3, attributeValue4, attributeValue5, attributeValue6, attributeValue7, attributeValue8, attributeValue9, caption, cost, hits, image, introduction, isActive, isDelivery, isList, isMarketable, isTop, keyword, marketPrice, memo, monthHits, monthHitsDate, monthSales, monthSalesDate, name, parameterValues, price, productImages, sales, score, scoreCount, sn, specificationItems, totalScore, type, unit, weekHits, weekHitsDate, weekSales, weekSalesDate, weight, brand_id, productCategory_id, store_id, storeProductCategory_id) VALUES ('39', to_date('${date?string("yyyy-MM-dd HH:mm:ss")}', 'yyyy-mm-dd hh24:mi:ss'), to_date('${date?string("yyyy-MM-dd HH:mm:ss")}', 'yyyy-mm-dd hh24:mi:ss'), '0', '60英寸以上', 'LED电视', NULL, NULL, NULL, NULL, NULL, NULL, NULL, NULL, NULL, NULL, NULL, NULL, NULL, NULL, NULL, NULL, NULL, NULL, '动人影音，智能娱乐', NULL, '0', '${demoImageUrlPrefix}/201601/c54c97fe-017e-4363-99d5-4a263407e02d-thumbnail.jpg', '<p><img src="${demoImageUrlPrefix}/201601/463be2e5-cb7e-408f-b442-7e178d5c04b9.png"/></p>', '1', '1', '1', '1', '1', NULL, '8265.000000', NULL, '0', to_date('${date?string("yyyy-MM-dd HH:mm:ss")}', 'yyyy-mm-dd hh24:mi:ss'), '0', to_date('${date?string("yyyy-MM-dd HH:mm:ss")}', 'yyyy-mm-dd hh24:mi:ss'), '索尼 KDL-60WM15B', '[{"group":"显示","entries":[{"name":"屏幕尺寸","value":"60英寸"},{"name":"显示比例","value":"16:9"},{"name":"屏幕类型","value":"LED"},{"name":"分辨率","value":"1920 x 1080"}]},{"group":"端口","entries":[{"name":"USB","value":"支持"},{"name":"HDMI","value":"支持"}]}]', '6888.000000', '[{"source":"${demoImageUrlPrefix}/201601/c54c97fe-017e-4363-99d5-4a263407e02d-source.jpg","large":"${demoImageUrlPrefix}/201601/c54c97fe-017e-4363-99d5-4a263407e02d-large.jpg","medium":"${demoImageUrlPrefix}/201601/c54c97fe-017e-4363-99d5-4a263407e02d-medium.jpg","thumbnail":"${demoImageUrlPrefix}/201601/c54c97fe-017e-4363-99d5-4a263407e02d-thumbnail.jpg","order":2},{"source":"${demoImageUrlPrefix}/201601/8b6ee3c1-1ff0-463e-9592-7313acd0be4a-source.jpg","large":"${demoImageUrlPrefix}/201601/8b6ee3c1-1ff0-463e-9592-7313acd0be4a-large.jpg","medium":"${demoImageUrlPrefix}/201601/8b6ee3c1-1ff0-463e-9592-7313acd0be4a-medium.jpg","thumbnail":"${demoImageUrlPrefix}/201601/8b6ee3c1-1ff0-463e-9592-7313acd0be4a-thumbnail.jpg","order":3}]', '0', '0', '0', '20160101139', '[]', '0', '0', '台', '0', to_date('${date?string("yyyy-MM-dd HH:mm:ss")}', 'yyyy-mm-dd hh24:mi:ss'), '0', to_date('${date?string("yyyy-MM-dd HH:mm:ss")}', 'yyyy-mm-dd hh24:mi:ss'), '26000', '3', '145', '2', '19')
INSERT INTO Product (id, createdDate, lastModifiedDate, version, attributeValue0, attributeValue1, attributeValue10, attributeValue11, attributeValue12, attributeValue13, attributeValue14, attributeValue15, attributeValue16, attributeValue17, attributeValue18, attributeValue19, attributeValue2, attributeValue3, attributeValue4, attributeValue5, attributeValue6, attributeValue7, attributeValue8, attributeValue9, caption, cost, hits, image, introduction, isActive, isDelivery, isList, isMarketable, isTop, keyword, marketPrice, memo, monthHits, monthHitsDate, monthSales, monthSalesDate, name, parameterValues, price, productImages, sales, score, scoreCount, sn, specificationItems, totalScore, type, unit, weekHits, weekHitsDate, weekSales, weekSalesDate, weight, brand_id, productCategory_id, store_id, storeProductCategory_id) VALUES ('40', to_date('${date?string("yyyy-MM-dd HH:mm:ss")}', 'yyyy-mm-dd hh24:mi:ss'), to_date('${date?string("yyyy-MM-dd HH:mm:ss")}', 'yyyy-mm-dd hh24:mi:ss'), '0', '50-55英寸', 'LED电视', NULL, NULL, NULL, NULL, NULL, NULL, NULL, NULL, NULL, NULL, NULL, NULL, NULL, NULL, NULL, NULL, NULL, NULL, '新升级智能娱乐功能', NULL, '0', '${demoImageUrlPrefix}/201601/eee0bfc5-d5f6-48c4-aa75-73fb709d824b-thumbnail.jpg', '<p><img src="${demoImageUrlPrefix}/201601/4d1f6d4d-0a5e-4368-a033-97e6161ec0c9.png"/></p>', '1', '1', '1', '1', '1', NULL, '5620.000000', NULL, '0', to_date('${date?string("yyyy-MM-dd HH:mm:ss")}', 'yyyy-mm-dd hh24:mi:ss'), '0', to_date('${date?string("yyyy-MM-dd HH:mm:ss")}', 'yyyy-mm-dd hh24:mi:ss'), '索尼 KDL-50W700B', '[{"group":"显示","entries":[{"name":"屏幕尺寸","value":"50英寸"},{"name":"显示比例","value":"16:9"},{"name":"屏幕类型","value":"LED"},{"name":"分辨率","value":"1920 x 1080"}]},{"group":"端口","entries":[{"name":"USB","value":"支持"},{"name":"HDMI","value":"支持"}]}]', '4688.000000', '[{"source":"${demoImageUrlPrefix}/201601/eee0bfc5-d5f6-48c4-aa75-73fb709d824b-source.jpg","large":"${demoImageUrlPrefix}/201601/eee0bfc5-d5f6-48c4-aa75-73fb709d824b-large.jpg","medium":"${demoImageUrlPrefix}/201601/eee0bfc5-d5f6-48c4-aa75-73fb709d824b-medium.jpg","thumbnail":"${demoImageUrlPrefix}/201601/eee0bfc5-d5f6-48c4-aa75-73fb709d824b-thumbnail.jpg","order":1},{"source":"${demoImageUrlPrefix}/201601/4e404662-48a6-4d6c-9e6b-8cc29d2b035d-source.jpg","large":"${demoImageUrlPrefix}/201601/4e404662-48a6-4d6c-9e6b-8cc29d2b035d-large.jpg","medium":"${demoImageUrlPrefix}/201601/4e404662-48a6-4d6c-9e6b-8cc29d2b035d-medium.jpg","thumbnail":"${demoImageUrlPrefix}/201601/4e404662-48a6-4d6c-9e6b-8cc29d2b035d-thumbnail.jpg","order":2}]', '0', '0', '0', '20160101140', '[]', '0', '0', '台', '0', to_date('${date?string("yyyy-MM-dd HH:mm:ss")}', 'yyyy-mm-dd hh24:mi:ss'), '0', to_date('${date?string("yyyy-MM-dd HH:mm:ss")}', 'yyyy-mm-dd hh24:mi:ss'), '19000', '3', '145', '2', '19')
INSERT INTO Product (id, createdDate, lastModifiedDate, version, attributeValue0, attributeValue1, attributeValue10, attributeValue11, attributeValue12, attributeValue13, attributeValue14, attributeValue15, attributeValue16, attributeValue17, attributeValue18, attributeValue19, attributeValue2, attributeValue3, attributeValue4, attributeValue5, attributeValue6, attributeValue7, attributeValue8, attributeValue9, caption, cost, hits, image, introduction, isActive, isDelivery, isList, isMarketable, isTop, keyword, marketPrice, memo, monthHits, monthHitsDate, monthSales, monthSalesDate, name, parameterValues, price, productImages, sales, score, scoreCount, sn, specificationItems, totalScore, type, unit, weekHits, weekHitsDate, weekSales, weekSalesDate, weight, brand_id, productCategory_id, store_id, storeProductCategory_id) VALUES ('41', to_date('${date?string("yyyy-MM-dd HH:mm:ss")}', 'yyyy-mm-dd hh24:mi:ss'), to_date('${date?string("yyyy-MM-dd HH:mm:ss")}', 'yyyy-mm-dd hh24:mi:ss'), '0', '1匹', '变频', NULL, NULL, NULL, NULL, NULL, NULL, NULL, NULL, NULL, NULL, NULL, NULL, NULL, NULL, NULL, NULL, NULL, NULL, '行业首创舒适省电技术，智能精准温控', NULL, '0', '${demoImageUrlPrefix}/201601/91c37add-33fb-44bc-ac8c-b3387c5b73fb-thumbnail.jpg', '<p><img src="${demoImageUrlPrefix}/201601/c3f44943-8c4e-43ad-a9ae-5394239e3bba.png"/></p>', '1', '1', '1', '1', '0', NULL, '3598.000000', NULL, '0', to_date('${date?string("yyyy-MM-dd HH:mm:ss")}', 'yyyy-mm-dd hh24:mi:ss'), '0', to_date('${date?string("yyyy-MM-dd HH:mm:ss")}', 'yyyy-mm-dd hh24:mi:ss'), '格力 KFR-26GW FNDe-A3', '[{"group":"基本参数","entries":[{"name":"制冷类型","value":"冷暖"},{"name":"工作方式","value":"变频"},{"name":"空调功率","value":"500-1000W"},{"name":"能效等级","value":"三级"},{"name":"制冷量","value":"2200-2800W"},{"name":"制冷功率","value":"600-1000W"},{"name":"制热量","value":"2500-3500W"},{"name":"制热功率","value":"650-1000W"}]},{"group":"功能","entries":[{"name":"静音设计","value":"支持"},{"name":"自动清洁","value":"不支持"},{"name":"独立除湿","value":"支持"},{"name":"除甲醛","value":"不支持"}]}]', '2999.000000', '[{"source":"${demoImageUrlPrefix}/201601/91c37add-33fb-44bc-ac8c-b3387c5b73fb-source.jpg","large":"${demoImageUrlPrefix}/201601/91c37add-33fb-44bc-ac8c-b3387c5b73fb-large.jpg","medium":"${demoImageUrlPrefix}/201601/91c37add-33fb-44bc-ac8c-b3387c5b73fb-medium.jpg","thumbnail":"${demoImageUrlPrefix}/201601/91c37add-33fb-44bc-ac8c-b3387c5b73fb-thumbnail.jpg","order":1}]', '0', '0', '0', '20160101141', '[]', '0', '0', '台', '0', to_date('${date?string("yyyy-MM-dd HH:mm:ss")}', 'yyyy-mm-dd hh24:mi:ss'), '0', to_date('${date?string("yyyy-MM-dd HH:mm:ss")}', 'yyyy-mm-dd hh24:mi:ss'), '11000', '19', '150', '2', '18')
INSERT INTO Product (id, createdDate, lastModifiedDate, version, attributeValue0, attributeValue1, attributeValue10, attributeValue11, attributeValue12, attributeValue13, attributeValue14, attributeValue15, attributeValue16, attributeValue17, attributeValue18, attributeValue19, attributeValue2, attributeValue3, attributeValue4, attributeValue5, attributeValue6, attributeValue7, attributeValue8, attributeValue9, caption, cost, hits, image, introduction, isActive, isDelivery, isList, isMarketable, isTop, keyword, marketPrice, memo, monthHits, monthHitsDate, monthSales, monthSalesDate, name, parameterValues, price, productImages, sales, score, scoreCount, sn, specificationItems, totalScore, type, unit, weekHits, weekHitsDate, weekSales, weekSalesDate, weight, brand_id, productCategory_id, store_id, storeProductCategory_id) VALUES ('42', to_date('${date?string("yyyy-MM-dd HH:mm:ss")}', 'yyyy-mm-dd hh24:mi:ss'), to_date('${date?string("yyyy-MM-dd HH:mm:ss")}', 'yyyy-mm-dd hh24:mi:ss'), '0', '大1匹', '定速', NULL, NULL, NULL, NULL, NULL, NULL, NULL, NULL, NULL, NULL, NULL, NULL, NULL, NULL, NULL, NULL, NULL, NULL, '精湛设计，时尚外观，舒适舒心', NULL, '0', '${demoImageUrlPrefix}/201601/d7630e6b-b206-4655-b5a8-da424d9a39d2-thumbnail.jpg', '<p><img src="${demoImageUrlPrefix}/201601/5065158f-5989-46ce-8de3-a75234c23d58.png"/></p>', '1', '1', '1', '1', '0', NULL, '2856.000000', NULL, '0', to_date('${date?string("yyyy-MM-dd HH:mm:ss")}', 'yyyy-mm-dd hh24:mi:ss'), '0', to_date('${date?string("yyyy-MM-dd HH:mm:ss")}', 'yyyy-mm-dd hh24:mi:ss'), '格力 KF-23GW Ga-3', '[{"group":"基本参数","entries":[{"name":"制冷类型","value":"单冷"},{"name":"工作方式","value":"定频"},{"name":"能效等级","value":"三级"},{"name":"制冷量","value":"2350W"},{"name":"制冷功率","value":"671W"}]},{"group":"功能","entries":[{"name":"静音设计","value":"支持"},{"name":"自动清洁","value":"支持"},{"name":"独立除湿","value":"支持"}]}]', '2380.000000', '[{"source":"${demoImageUrlPrefix}/201601/d7630e6b-b206-4655-b5a8-da424d9a39d2-source.jpg","large":"${demoImageUrlPrefix}/201601/d7630e6b-b206-4655-b5a8-da424d9a39d2-large.jpg","medium":"${demoImageUrlPrefix}/201601/d7630e6b-b206-4655-b5a8-da424d9a39d2-medium.jpg","thumbnail":"${demoImageUrlPrefix}/201601/d7630e6b-b206-4655-b5a8-da424d9a39d2-thumbnail.jpg","order":1}]', '0', '0', '0', '20160101142', '[]', '0', '0', '台', '0', to_date('${date?string("yyyy-MM-dd HH:mm:ss")}', 'yyyy-mm-dd hh24:mi:ss'), '0', to_date('${date?string("yyyy-MM-dd HH:mm:ss")}', 'yyyy-mm-dd hh24:mi:ss'), '9000', '19', '150', '2', '18')
INSERT INTO Product (id, createdDate, lastModifiedDate, version, attributeValue0, attributeValue1, attributeValue10, attributeValue11, attributeValue12, attributeValue13, attributeValue14, attributeValue15, attributeValue16, attributeValue17, attributeValue18, attributeValue19, attributeValue2, attributeValue3, attributeValue4, attributeValue5, attributeValue6, attributeValue7, attributeValue8, attributeValue9, caption, cost, hits, image, introduction, isActive, isDelivery, isList, isMarketable, isTop, keyword, marketPrice, memo, monthHits, monthHitsDate, monthSales, monthSalesDate, name, parameterValues, price, productImages, sales, score, scoreCount, sn, specificationItems, totalScore, type, unit, weekHits, weekHitsDate, weekSales, weekSalesDate, weight, brand_id, productCategory_id, store_id, storeProductCategory_id) VALUES ('43', to_date('${date?string("yyyy-MM-dd HH:mm:ss")}', 'yyyy-mm-dd hh24:mi:ss'), to_date('${date?string("yyyy-MM-dd HH:mm:ss")}', 'yyyy-mm-dd hh24:mi:ss'), '0', '大1匹', '变频', NULL, NULL, NULL, NULL, NULL, NULL, NULL, NULL, NULL, NULL, NULL, NULL, NULL, NULL, NULL, NULL, NULL, NULL, '时尚简约，快速制暖', NULL, '0', '${demoImageUrlPrefix}/201601/f052efce-8045-4db7-bed2-1343823a7b53-thumbnail.jpg', '<p><img src="${demoImageUrlPrefix}/201601/59d9a381-77e1-419a-b286-6bee3368462c.png"/></p>', '1', '1', '1', '1', '0', NULL, '4428.000000', NULL, '0', to_date('${date?string("yyyy-MM-dd HH:mm:ss")}', 'yyyy-mm-dd hh24:mi:ss'), '0', to_date('${date?string("yyyy-MM-dd HH:mm:ss")}', 'yyyy-mm-dd hh24:mi:ss'), '格力 KFR-26GW FNBa-A3', '[{"group":"基本参数","entries":[{"name":"制冷类型","value":"冷暖空调"},{"name":"工作方式","value":"变频"},{"name":"制冷量","value":"770W"},{"name":"制热量","value":"915W"}]},{"group":"功能","entries":[{"name":"静音设计","value":"支持"},{"name":"自动清洁","value":"支持"},{"name":"独立除湿","value":"支持"},{"name":"除甲醛","value":"不支持"}]}]', '3690.000000', '[{"source":"${demoImageUrlPrefix}/201601/f052efce-8045-4db7-bed2-1343823a7b53-source.jpg","large":"${demoImageUrlPrefix}/201601/f052efce-8045-4db7-bed2-1343823a7b53-large.jpg","medium":"${demoImageUrlPrefix}/201601/f052efce-8045-4db7-bed2-1343823a7b53-medium.jpg","thumbnail":"${demoImageUrlPrefix}/201601/f052efce-8045-4db7-bed2-1343823a7b53-thumbnail.jpg","order":1}]', '0', '0', '0', '20160101143', '[]', '0', '0', '台', '0', to_date('${date?string("yyyy-MM-dd HH:mm:ss")}', 'yyyy-mm-dd hh24:mi:ss'), '0', to_date('${date?string("yyyy-MM-dd HH:mm:ss")}', 'yyyy-mm-dd hh24:mi:ss'), '11000', '19', '150', '2', '18')
INSERT INTO Product (id, createdDate, lastModifiedDate, version, attributeValue0, attributeValue1, attributeValue10, attributeValue11, attributeValue12, attributeValue13, attributeValue14, attributeValue15, attributeValue16, attributeValue17, attributeValue18, attributeValue19, attributeValue2, attributeValue3, attributeValue4, attributeValue5, attributeValue6, attributeValue7, attributeValue8, attributeValue9, caption, cost, hits, image, introduction, isActive, isDelivery, isList, isMarketable, isTop, keyword, marketPrice, memo, monthHits, monthHitsDate, monthSales, monthSalesDate, name, parameterValues, price, productImages, sales, score, scoreCount, sn, specificationItems, totalScore, type, unit, weekHits, weekHitsDate, weekSales, weekSalesDate, weight, brand_id, productCategory_id, store_id, storeProductCategory_id) VALUES ('44', to_date('${date?string("yyyy-MM-dd HH:mm:ss")}', 'yyyy-mm-dd hh24:mi:ss'), to_date('${date?string("yyyy-MM-dd HH:mm:ss")}', 'yyyy-mm-dd hh24:mi:ss'), '0', '1.5匹', '变频', NULL, NULL, NULL, NULL, NULL, NULL, NULL, NULL, NULL, NULL, NULL, NULL, NULL, NULL, NULL, NULL, NULL, NULL, '超强节能，销量领先', NULL, '0', '${demoImageUrlPrefix}/201601/b03f83e2-357a-4991-b894-a361d20386a7-thumbnail.jpg', '<p><img src="${demoImageUrlPrefix}/201601/ec8ae25b-a0b0-418b-858b-788f6d0a1206.png"/></p>', '1', '1', '1', '1', '0', NULL, '2878.000000', NULL, '0', to_date('${date?string("yyyy-MM-dd HH:mm:ss")}', 'yyyy-mm-dd hh24:mi:ss'), '0', to_date('${date?string("yyyy-MM-dd HH:mm:ss")}', 'yyyy-mm-dd hh24:mi:ss'), '美的 KFR-35GWBP3DN1Y', '[{"group":"基本参数","entries":[{"name":"制冷类型","value":"冷暖空调"},{"name":"工作方式","value":"变频"},{"name":"空调功率","value":"1000-1500W"},{"name":"能效等级","value":"二级"}]}]', '2399.000000', '[{"source":"${demoImageUrlPrefix}/201601/b03f83e2-357a-4991-b894-a361d20386a7-source.jpg","large":"${demoImageUrlPrefix}/201601/b03f83e2-357a-4991-b894-a361d20386a7-large.jpg","medium":"${demoImageUrlPrefix}/201601/b03f83e2-357a-4991-b894-a361d20386a7-medium.jpg","thumbnail":"${demoImageUrlPrefix}/201601/b03f83e2-357a-4991-b894-a361d20386a7-thumbnail.jpg","order":1}]', '0', '0', '0', '20160101144', '[]', '0', '0', '台', '0', to_date('${date?string("yyyy-MM-dd HH:mm:ss")}', 'yyyy-mm-dd hh24:mi:ss'), '0', to_date('${date?string("yyyy-MM-dd HH:mm:ss")}', 'yyyy-mm-dd hh24:mi:ss'), '13000', '18', '150', '2', '18')
INSERT INTO Product (id, createdDate, lastModifiedDate, version, attributeValue0, attributeValue1, attributeValue10, attributeValue11, attributeValue12, attributeValue13, attributeValue14, attributeValue15, attributeValue16, attributeValue17, attributeValue18, attributeValue19, attributeValue2, attributeValue3, attributeValue4, attributeValue5, attributeValue6, attributeValue7, attributeValue8, attributeValue9, caption, cost, hits, image, introduction, isActive, isDelivery, isList, isMarketable, isTop, keyword, marketPrice, memo, monthHits, monthHitsDate, monthSales, monthSalesDate, name, parameterValues, price, productImages, sales, score, scoreCount, sn, specificationItems, totalScore, type, unit, weekHits, weekHitsDate, weekSales, weekSalesDate, weight, brand_id, productCategory_id, store_id, storeProductCategory_id) VALUES ('45', to_date('${date?string("yyyy-MM-dd HH:mm:ss")}', 'yyyy-mm-dd hh24:mi:ss'), to_date('${date?string("yyyy-MM-dd HH:mm:ss")}', 'yyyy-mm-dd hh24:mi:ss'), '0', '1.5匹', '定速', NULL, NULL, NULL, NULL, NULL, NULL, NULL, NULL, NULL, NULL, NULL, NULL, NULL, NULL, NULL, NULL, NULL, NULL, '冷暖舒适，简约现代', NULL, '0', '${demoImageUrlPrefix}/201601/acef11f4-93cf-44e7-b5f8-7b156f2b1809-thumbnail.jpg', '<p><img src="${demoImageUrlPrefix}/201601/9276d813-d419-4da4-94ce-4bfda911ec75.png"/></p>', '1', '1', '1', '1', '0', NULL, '2878.800000', NULL, '0', to_date('${date?string("yyyy-MM-dd HH:mm:ss")}', 'yyyy-mm-dd hh24:mi:ss'), '0', to_date('${date?string("yyyy-MM-dd HH:mm:ss")}', 'yyyy-mm-dd hh24:mi:ss'), '美的 KFR-32GWDY-IF', '[{"group":"基本参数","entries":[{"name":"制冷类型","value":"冷暖空调"},{"name":"工作方式","value":"定速"},{"name":"空调功率","value":"500-1000W"},{"name":"能效等级","value":"三级"}]}]', '2399.000000', '[{"source":"${demoImageUrlPrefix}/201601/acef11f4-93cf-44e7-b5f8-7b156f2b1809-source.jpg","large":"${demoImageUrlPrefix}/201601/acef11f4-93cf-44e7-b5f8-7b156f2b1809-large.jpg","medium":"${demoImageUrlPrefix}/201601/acef11f4-93cf-44e7-b5f8-7b156f2b1809-medium.jpg","thumbnail":"${demoImageUrlPrefix}/201601/acef11f4-93cf-44e7-b5f8-7b156f2b1809-thumbnail.jpg","order":1}]', '0', '0', '0', '20160101145', '[]', '0', '0', '台', '0', to_date('${date?string("yyyy-MM-dd HH:mm:ss")}', 'yyyy-mm-dd hh24:mi:ss'), '0', to_date('${date?string("yyyy-MM-dd HH:mm:ss")}', 'yyyy-mm-dd hh24:mi:ss'), '15000', '18', '150', '2', '18')
INSERT INTO Product (id, createdDate, lastModifiedDate, version, attributeValue0, attributeValue1, attributeValue10, attributeValue11, attributeValue12, attributeValue13, attributeValue14, attributeValue15, attributeValue16, attributeValue17, attributeValue18, attributeValue19, attributeValue2, attributeValue3, attributeValue4, attributeValue5, attributeValue6, attributeValue7, attributeValue8, attributeValue9, caption, cost, hits, image, introduction, isActive, isDelivery, isList, isMarketable, isTop, keyword, marketPrice, memo, monthHits, monthHitsDate, monthSales, monthSalesDate, name, parameterValues, price, productImages, sales, score, scoreCount, sn, specificationItems, totalScore, type, unit, weekHits, weekHitsDate, weekSales, weekSalesDate, weight, brand_id, productCategory_id, store_id, storeProductCategory_id) VALUES ('46', to_date('${date?string("yyyy-MM-dd HH:mm:ss")}', 'yyyy-mm-dd hh24:mi:ss'), to_date('${date?string("yyyy-MM-dd HH:mm:ss")}', 'yyyy-mm-dd hh24:mi:ss'), '0', NULL, NULL, NULL, NULL, NULL, NULL, NULL, NULL, NULL, NULL, NULL, NULL, NULL, NULL, NULL, NULL, NULL, NULL, NULL, NULL, '精致做工，安全高效', NULL, '0', '${demoImageUrlPrefix}/201601/5767900a-8727-4306-b783-9132511b97ea-thumbnail.jpg', '<p><img src="${demoImageUrlPrefix}/201601/495a350b-bd2b-4ae1-ad02-ff2d32f0161e.png"/></p>', '1', '1', '1', '1', '0', NULL, '299.000000', NULL, '0', to_date('${date?string("yyyy-MM-dd HH:mm:ss")}', 'yyyy-mm-dd hh24:mi:ss'), '0', to_date('${date?string("yyyy-MM-dd HH:mm:ss")}', 'yyyy-mm-dd hh24:mi:ss'), '飞利浦 DLP10800 移动电源', '[]', '0.000000', '[{"source":"${demoImageUrlPrefix}/201601/5767900a-8727-4306-b783-9132511b97ea-source.jpg","large":"${demoImageUrlPrefix}/201601/5767900a-8727-4306-b783-9132511b97ea-large.jpg","medium":"${demoImageUrlPrefix}/201601/5767900a-8727-4306-b783-9132511b97ea-medium.jpg","thumbnail":"${demoImageUrlPrefix}/201601/5767900a-8727-4306-b783-9132511b97ea-thumbnail.jpg","order":1},{"source":"${demoImageUrlPrefix}/201601/69095701-ca86-4f80-a439-6f2020bc0135-source.jpg","large":"${demoImageUrlPrefix}/201601/69095701-ca86-4f80-a439-6f2020bc0135-large.jpg","medium":"${demoImageUrlPrefix}/201601/69095701-ca86-4f80-a439-6f2020bc0135-medium.jpg","thumbnail":"${demoImageUrlPrefix}/201601/69095701-ca86-4f80-a439-6f2020bc0135-thumbnail.jpg","order":2}]', '0', '0', '0', '20160101146', '[]', '0', '1', '台', '0', to_date('${date?string("yyyy-MM-dd HH:mm:ss")}', 'yyyy-mm-dd hh24:mi:ss'), '0', to_date('${date?string("yyyy-MM-dd HH:mm:ss")}', 'yyyy-mm-dd hh24:mi:ss'), '340', NULL, '241', '1', '3')
INSERT INTO Product (id, createdDate, lastModifiedDate, version, attributeValue0, attributeValue1, attributeValue10, attributeValue11, attributeValue12, attributeValue13, attributeValue14, attributeValue15, attributeValue16, attributeValue17, attributeValue18, attributeValue19, attributeValue2, attributeValue3, attributeValue4, attributeValue5, attributeValue6, attributeValue7, attributeValue8, attributeValue9, caption, cost, hits, image, introduction, isActive, isDelivery, isList, isMarketable, isTop, keyword, marketPrice, memo, monthHits, monthHitsDate, monthSales, monthSalesDate, name, parameterValues, price, productImages, sales, score, scoreCount, sn, specificationItems, totalScore, type, unit, weekHits, weekHitsDate, weekSales, weekSalesDate, weight, brand_id, productCategory_id, store_id, storeProductCategory_id) VALUES ('47', to_date('${date?string("yyyy-MM-dd HH:mm:ss")}', 'yyyy-mm-dd hh24:mi:ss'), to_date('${date?string("yyyy-MM-dd HH:mm:ss")}', 'yyyy-mm-dd hh24:mi:ss'), '0', NULL, NULL, NULL, NULL, NULL, NULL, NULL, NULL, NULL, NULL, NULL, NULL, NULL, NULL, NULL, NULL, NULL, NULL, NULL, NULL, '原装品质，精雕细琢', NULL, '0', '${demoImageUrlPrefix}/201601/936b1088-e222-47d1-af6f-a4360a05ffde-thumbnail.jpg', '<p><img src="${demoImageUrlPrefix}/201601/374b7129-6cc3-4b8a-9de4-46a383179505.png"/></p>', '1', '1', '1', '1', '0', NULL, '288.000000', NULL, '0', to_date('${date?string("yyyy-MM-dd HH:mm:ss")}', 'yyyy-mm-dd hh24:mi:ss'), '0', to_date('${date?string("yyyy-MM-dd HH:mm:ss")}', 'yyyy-mm-dd hh24:mi:ss'), '苹果 iPhone 5s Case 保护套', '[]', '0.000000', '[{"source":"${demoImageUrlPrefix}/201601/936b1088-e222-47d1-af6f-a4360a05ffde-source.jpg","large":"${demoImageUrlPrefix}/201601/936b1088-e222-47d1-af6f-a4360a05ffde-large.jpg","medium":"${demoImageUrlPrefix}/201601/936b1088-e222-47d1-af6f-a4360a05ffde-medium.jpg","thumbnail":"${demoImageUrlPrefix}/201601/936b1088-e222-47d1-af6f-a4360a05ffde-thumbnail.jpg","order":1},{"source":"${demoImageUrlPrefix}/201601/3b077850-630b-466a-a62c-953371d8db6f-source.jpg","large":"${demoImageUrlPrefix}/201601/3b077850-630b-466a-a62c-953371d8db6f-large.jpg","medium":"${demoImageUrlPrefix}/201601/3b077850-630b-466a-a62c-953371d8db6f-medium.jpg","thumbnail":"${demoImageUrlPrefix}/201601/3b077850-630b-466a-a62c-953371d8db6f-thumbnail.jpg","order":2}]', '0', '0', '0', '20160101147', '[]', '0', '1', '个', '0', to_date('${date?string("yyyy-MM-dd HH:mm:ss")}', 'yyyy-mm-dd hh24:mi:ss'), '0', to_date('${date?string("yyyy-MM-dd HH:mm:ss")}', 'yyyy-mm-dd hh24:mi:ss'), '42', '1', '241', '1', '3')

INSERT INTO Product_StoreProductTag (products_id, storeProductTags_id) VALUES ('21', '1')
INSERT INTO Product_StoreProductTag (products_id, storeProductTags_id) VALUES ('22', '1')
INSERT INTO Product_StoreProductTag (products_id, storeProductTags_id) VALUES ('23', '1')
INSERT INTO Product_StoreProductTag (products_id, storeProductTags_id) VALUES ('24', '1')
INSERT INTO Product_StoreProductTag (products_id, storeProductTags_id) VALUES ('25', '1')
INSERT INTO Product_StoreProductTag (products_id, storeProductTags_id) VALUES ('36', '1')
INSERT INTO Product_StoreProductTag (products_id, storeProductTags_id) VALUES ('37', '1')
INSERT INTO Product_StoreProductTag (products_id, storeProductTags_id) VALUES ('38', '1')
INSERT INTO Product_StoreProductTag (products_id, storeProductTags_id) VALUES ('39', '1')
INSERT INTO Product_StoreProductTag (products_id, storeProductTags_id) VALUES ('40', '1')
INSERT INTO Product_StoreProductTag (products_id, storeProductTags_id) VALUES ('41', '1')
INSERT INTO Product_StoreProductTag (products_id, storeProductTags_id) VALUES ('42', '1')
INSERT INTO Product_StoreProductTag (products_id, storeProductTags_id) VALUES ('43', '1')
INSERT INTO Product_StoreProductTag (products_id, storeProductTags_id) VALUES ('44', '1')
INSERT INTO Product_StoreProductTag (products_id, storeProductTags_id) VALUES ('45', '1')
INSERT INTO Product_StoreProductTag (products_id, storeProductTags_id) VALUES ('26', '2')
INSERT INTO Product_StoreProductTag (products_id, storeProductTags_id) VALUES ('27', '2')
INSERT INTO Product_StoreProductTag (products_id, storeProductTags_id) VALUES ('28', '2')
INSERT INTO Product_StoreProductTag (products_id, storeProductTags_id) VALUES ('29', '2')
INSERT INTO Product_StoreProductTag (products_id, storeProductTags_id) VALUES ('30', '2')
INSERT INTO Product_StoreProductTag (products_id, storeProductTags_id) VALUES ('31', '2')
INSERT INTO Product_StoreProductTag (products_id, storeProductTags_id) VALUES ('32', '2')
INSERT INTO Product_StoreProductTag (products_id, storeProductTags_id) VALUES ('33', '2')
INSERT INTO Product_StoreProductTag (products_id, storeProductTags_id) VALUES ('34', '2')
INSERT INTO Product_StoreProductTag (products_id, storeProductTags_id) VALUES ('35', '2')
INSERT INTO Product_StoreProductTag (products_id, storeProductTags_id) VALUES ('6', '3')
INSERT INTO Product_StoreProductTag (products_id, storeProductTags_id) VALUES ('9', '3')
INSERT INTO Product_StoreProductTag (products_id, storeProductTags_id) VALUES ('10', '3')
INSERT INTO Product_StoreProductTag (products_id, storeProductTags_id) VALUES ('11', '3')
INSERT INTO Product_StoreProductTag (products_id, storeProductTags_id) VALUES ('15', '3')
INSERT INTO Product_StoreProductTag (products_id, storeProductTags_id) VALUES ('16', '3')
INSERT INTO Product_StoreProductTag (products_id, storeProductTags_id) VALUES ('17', '3')
INSERT INTO Product_StoreProductTag (products_id, storeProductTags_id) VALUES ('18', '3')
INSERT INTO Product_StoreProductTag (products_id, storeProductTags_id) VALUES ('19', '3')
INSERT INTO Product_StoreProductTag (products_id, storeProductTags_id) VALUES ('20', '3')
INSERT INTO Product_StoreProductTag (products_id, storeProductTags_id) VALUES ('1', '4')
INSERT INTO Product_StoreProductTag (products_id, storeProductTags_id) VALUES ('2', '4')
INSERT INTO Product_StoreProductTag (products_id, storeProductTags_id) VALUES ('3', '4')
INSERT INTO Product_StoreProductTag (products_id, storeProductTags_id) VALUES ('4', '4')
INSERT INTO Product_StoreProductTag (products_id, storeProductTags_id) VALUES ('5', '4')
INSERT INTO Product_StoreProductTag (products_id, storeProductTags_id) VALUES ('7', '4')
INSERT INTO Product_StoreProductTag (products_id, storeProductTags_id) VALUES ('8', '4')
INSERT INTO Product_StoreProductTag (products_id, storeProductTags_id) VALUES ('12', '4')
INSERT INTO Product_StoreProductTag (products_id, storeProductTags_id) VALUES ('13', '4')
INSERT INTO Product_StoreProductTag (products_id, storeProductTags_id) VALUES ('14', '4')

INSERT INTO ProductTag (id, createdDate, lastModifiedDate, version, orders, icon, memo, name) VALUES ('1', to_date('${date?string("yyyy-MM-dd HH:mm:ss")}', 'yyyy-mm-dd hh24:mi:ss'), to_date('${date?string("yyyy-MM-dd HH:mm:ss")}', 'yyyy-mm-dd hh24:mi:ss'), '0', '1', NULL, NULL, '热销')
INSERT INTO ProductTag (id, createdDate, lastModifiedDate, version, orders, icon, memo, name) VALUES ('2', to_date('${date?string("yyyy-MM-dd HH:mm:ss")}', 'yyyy-mm-dd hh24:mi:ss'), to_date('${date?string("yyyy-MM-dd HH:mm:ss")}', 'yyyy-mm-dd hh24:mi:ss'), '0', '2', NULL, NULL, '最新')

INSERT INTO Product_ProductTag (products_id, productTags_id) VALUES ('1', '1')
INSERT INTO Product_ProductTag (products_id, productTags_id) VALUES ('2', '1')
INSERT INTO Product_ProductTag (products_id, productTags_id) VALUES ('3', '1')
INSERT INTO Product_ProductTag (products_id, productTags_id) VALUES ('4', '1')
INSERT INTO Product_ProductTag (products_id, productTags_id) VALUES ('5', '1')
INSERT INTO Product_ProductTag (products_id, productTags_id) VALUES ('21', '1')
INSERT INTO Product_ProductTag (products_id, productTags_id) VALUES ('22', '1')
INSERT INTO Product_ProductTag (products_id, productTags_id) VALUES ('23', '1')
INSERT INTO Product_ProductTag (products_id, productTags_id) VALUES ('24', '1')
INSERT INTO Product_ProductTag (products_id, productTags_id) VALUES ('25', '1')
INSERT INTO Product_ProductTag (products_id, productTags_id) VALUES ('26', '1')
INSERT INTO Product_ProductTag (products_id, productTags_id) VALUES ('27', '1')
INSERT INTO Product_ProductTag (products_id, productTags_id) VALUES ('28', '1')
INSERT INTO Product_ProductTag (products_id, productTags_id) VALUES ('29', '1')
INSERT INTO Product_ProductTag (products_id, productTags_id) VALUES ('30', '1')
INSERT INTO Product_ProductTag (products_id, productTags_id) VALUES ('31', '1')
INSERT INTO Product_ProductTag (products_id, productTags_id) VALUES ('32', '1')
INSERT INTO Product_ProductTag (products_id, productTags_id) VALUES ('33', '1')
INSERT INTO Product_ProductTag (products_id, productTags_id) VALUES ('34', '1')
INSERT INTO Product_ProductTag (products_id, productTags_id) VALUES ('35', '1')
INSERT INTO Product_ProductTag (products_id, productTags_id) VALUES ('36', '1')
INSERT INTO Product_ProductTag (products_id, productTags_id) VALUES ('37', '1')
INSERT INTO Product_ProductTag (products_id, productTags_id) VALUES ('38', '1')
INSERT INTO Product_ProductTag (products_id, productTags_id) VALUES ('39', '1')
INSERT INTO Product_ProductTag (products_id, productTags_id) VALUES ('40', '1')
INSERT INTO Product_ProductTag (products_id, productTags_id) VALUES ('41', '1')
INSERT INTO Product_ProductTag (products_id, productTags_id) VALUES ('42', '1')
INSERT INTO Product_ProductTag (products_id, productTags_id) VALUES ('43', '1')
INSERT INTO Product_ProductTag (products_id, productTags_id) VALUES ('44', '1')
INSERT INTO Product_ProductTag (products_id, productTags_id) VALUES ('45', '1')
INSERT INTO Product_ProductTag (products_id, productTags_id) VALUES ('10', '2')
INSERT INTO Product_ProductTag (products_id, productTags_id) VALUES ('12', '2')
INSERT INTO Product_ProductTag (products_id, productTags_id) VALUES ('16', '2')
INSERT INTO Product_ProductTag (products_id, productTags_id) VALUES ('18', '2')
INSERT INTO Product_ProductTag (products_id, productTags_id) VALUES ('20', '2')

INSERT INTO Sku (id, createdDate, lastModifiedDate, version, allocatedStock, cost, exchangePoint, isDefault, marketPrice, price, rewardPoint, sn, specificationValues, stock, product_id) VALUES ('1', to_date('${date?string("yyyy-MM-dd HH:mm:ss")}', 'yyyy-mm-dd hh24:mi:ss'), to_date('${date?string("yyyy-MM-dd HH:mm:ss")}', 'yyyy-mm-dd hh24:mi:ss'), '0', '0', NULL, '0', '1', '5040.000000', '4200.000000', '4200', '201601011011', '[{"id":3,"value":"银色"},{"id":7,"value":"16GB"}]', '100', '1')
INSERT INTO Sku (id, createdDate, lastModifiedDate, version, allocatedStock, cost, exchangePoint, isDefault, marketPrice, price, rewardPoint, sn, specificationValues, stock, product_id) VALUES ('2', to_date('${date?string("yyyy-MM-dd HH:mm:ss")}', 'yyyy-mm-dd hh24:mi:ss'), to_date('${date?string("yyyy-MM-dd HH:mm:ss")}', 'yyyy-mm-dd hh24:mi:ss'), '0', '0', NULL, '0', '0', '5760.000000', '4800.000000', '4800', '201601011012', '[{"id":3,"value":"银色"},{"id":8,"value":"32GB"}]', '100', '1')
INSERT INTO Sku (id, createdDate, lastModifiedDate, version, allocatedStock, cost, exchangePoint, isDefault, marketPrice, price, rewardPoint, sn, specificationValues, stock, product_id) VALUES ('3', to_date('${date?string("yyyy-MM-dd HH:mm:ss")}', 'yyyy-mm-dd hh24:mi:ss'), to_date('${date?string("yyyy-MM-dd HH:mm:ss")}', 'yyyy-mm-dd hh24:mi:ss'), '0', '0', NULL, '0', '0', '6240.000000', '5200.000000', '5200', '201601011013', '[{"id":3,"value":"银色"},{"id":9,"value":"64GB"}]', '100', '1')
INSERT INTO Sku (id, createdDate, lastModifiedDate, version, allocatedStock, cost, exchangePoint, isDefault, marketPrice, price, rewardPoint, sn, specificationValues, stock, product_id) VALUES ('4', to_date('${date?string("yyyy-MM-dd HH:mm:ss")}', 'yyyy-mm-dd hh24:mi:ss'), to_date('${date?string("yyyy-MM-dd HH:mm:ss")}', 'yyyy-mm-dd hh24:mi:ss'), '0', '0', NULL, '0', '0', '5040.000000', '4200.000000', '4200', '201601011014', '[{"id":4,"value":"灰色"},{"id":7,"value":"16GB"}]', '100', '1')
INSERT INTO Sku (id, createdDate, lastModifiedDate, version, allocatedStock, cost, exchangePoint, isDefault, marketPrice, price, rewardPoint, sn, specificationValues, stock, product_id) VALUES ('5', to_date('${date?string("yyyy-MM-dd HH:mm:ss")}', 'yyyy-mm-dd hh24:mi:ss'), to_date('${date?string("yyyy-MM-dd HH:mm:ss")}', 'yyyy-mm-dd hh24:mi:ss'), '0', '0', NULL, '0', '0', '5760.000000', '4800.000000', '4800', '201601011015', '[{"id":4,"value":"灰色"},{"id":8,"value":"32GB"}]', '100', '1')
INSERT INTO Sku (id, createdDate, lastModifiedDate, version, allocatedStock, cost, exchangePoint, isDefault, marketPrice, price, rewardPoint, sn, specificationValues, stock, product_id) VALUES ('6', to_date('${date?string("yyyy-MM-dd HH:mm:ss")}', 'yyyy-mm-dd hh24:mi:ss'), to_date('${date?string("yyyy-MM-dd HH:mm:ss")}', 'yyyy-mm-dd hh24:mi:ss'), '0', '0', NULL, '0', '0', '6240.000000', '5200.000000', '5200', '201601011016', '[{"id":4,"value":"灰色"},{"id":9,"value":"64GB"}]', '100', '1')
INSERT INTO Sku (id, createdDate, lastModifiedDate, version, allocatedStock, cost, exchangePoint, isDefault, marketPrice, price, rewardPoint, sn, specificationValues, stock, product_id) VALUES ('7', to_date('${date?string("yyyy-MM-dd HH:mm:ss")}', 'yyyy-mm-dd hh24:mi:ss'), to_date('${date?string("yyyy-MM-dd HH:mm:ss")}', 'yyyy-mm-dd hh24:mi:ss'), '0', '0', NULL, '0', '0', '5160.000000', '4300.000000', '4300', '201601011017', '[{"id":6,"value":"金色"},{"id":7,"value":"16GB"}]', '100', '1')
INSERT INTO Sku (id, createdDate, lastModifiedDate, version, allocatedStock, cost, exchangePoint, isDefault, marketPrice, price, rewardPoint, sn, specificationValues, stock, product_id) VALUES ('8', to_date('${date?string("yyyy-MM-dd HH:mm:ss")}', 'yyyy-mm-dd hh24:mi:ss'), to_date('${date?string("yyyy-MM-dd HH:mm:ss")}', 'yyyy-mm-dd hh24:mi:ss'), '0', '0', NULL, '0', '0', '5880.000000', '4900.000000', '4900', '201601011018', '[{"id":6,"value":"金色"},{"id":8,"value":"32GB"}]', '0', '1')
INSERT INTO Sku (id, createdDate, lastModifiedDate, version, allocatedStock, cost, exchangePoint, isDefault, marketPrice, price, rewardPoint, sn, specificationValues, stock, product_id) VALUES ('9', to_date('${date?string("yyyy-MM-dd HH:mm:ss")}', 'yyyy-mm-dd hh24:mi:ss'), to_date('${date?string("yyyy-MM-dd HH:mm:ss")}', 'yyyy-mm-dd hh24:mi:ss'), '0', '0', NULL, '0', '0', '6240.000000', '5200.000000', '5200', '201601011021', '[{"id":2,"value":"银色"},{"id":6,"value":"16GB"}]', '100', '2')
INSERT INTO Sku (id, createdDate, lastModifiedDate, version, allocatedStock, cost, exchangePoint, isDefault, marketPrice, price, rewardPoint, sn, specificationValues, stock, product_id) VALUES ('10', to_date('${date?string("yyyy-MM-dd HH:mm:ss")}', 'yyyy-mm-dd hh24:mi:ss'), to_date('${date?string("yyyy-MM-dd HH:mm:ss")}', 'yyyy-mm-dd hh24:mi:ss'), '0', '0', NULL, '0', '0', '7320.000000', '6100.000000', '6100', '201601011022', '[{"id":2,"value":"银色"},{"id":8,"value":"64GB"}]', '100', '2')
INSERT INTO Sku (id, createdDate, lastModifiedDate, version, allocatedStock, cost, exchangePoint, isDefault, marketPrice, price, rewardPoint, sn, specificationValues, stock, product_id) VALUES ('11', to_date('${date?string("yyyy-MM-dd HH:mm:ss")}', 'yyyy-mm-dd hh24:mi:ss'), to_date('${date?string("yyyy-MM-dd HH:mm:ss")}', 'yyyy-mm-dd hh24:mi:ss'), '0', '0', NULL, '0', '0', '8160.000000', '6800.000000', '6800', '201601011023', '[{"id":2,"value":"银色"},{"id":9,"value":"128GB"}]', '100', '2')
INSERT INTO Sku (id, createdDate, lastModifiedDate, version, allocatedStock, cost, exchangePoint, isDefault, marketPrice, price, rewardPoint, sn, specificationValues, stock, product_id) VALUES ('12', to_date('${date?string("yyyy-MM-dd HH:mm:ss")}', 'yyyy-mm-dd hh24:mi:ss'), to_date('${date?string("yyyy-MM-dd HH:mm:ss")}', 'yyyy-mm-dd hh24:mi:ss'), '0', '0', NULL, '0', '0', '6240.000000', '5200.000000', '5200', '201601011024', '[{"id":3,"value":"灰色"},{"id":6,"value":"16GB"}]', '100', '2')
INSERT INTO Sku (id, createdDate, lastModifiedDate, version, allocatedStock, cost, exchangePoint, isDefault, marketPrice, price, rewardPoint, sn, specificationValues, stock, product_id) VALUES ('13', to_date('${date?string("yyyy-MM-dd HH:mm:ss")}', 'yyyy-mm-dd hh24:mi:ss'), to_date('${date?string("yyyy-MM-dd HH:mm:ss")}', 'yyyy-mm-dd hh24:mi:ss'), '0', '0', NULL, '0', '0', '7320.000000', '6100.000000', '6100', '201601011025', '[{"id":3,"value":"灰色"},{"id":8,"value":"64GB"}]', '100', '2')
INSERT INTO Sku (id, createdDate, lastModifiedDate, version, allocatedStock, cost, exchangePoint, isDefault, marketPrice, price, rewardPoint, sn, specificationValues, stock, product_id) VALUES ('14', to_date('${date?string("yyyy-MM-dd HH:mm:ss")}', 'yyyy-mm-dd hh24:mi:ss'), to_date('${date?string("yyyy-MM-dd HH:mm:ss")}', 'yyyy-mm-dd hh24:mi:ss'), '0', '0', NULL, '0', '0', '8160.000000', '6800.000000', '6800', '201601011026', '[{"id":3,"value":"灰色"},{"id":9,"value":"128GB"}]', '100', '2')
INSERT INTO Sku (id, createdDate, lastModifiedDate, version, allocatedStock, cost, exchangePoint, isDefault, marketPrice, price, rewardPoint, sn, specificationValues, stock, product_id) VALUES ('15', to_date('${date?string("yyyy-MM-dd HH:mm:ss")}', 'yyyy-mm-dd hh24:mi:ss'), to_date('${date?string("yyyy-MM-dd HH:mm:ss")}', 'yyyy-mm-dd hh24:mi:ss'), '0', '0', NULL, '0', '1', '6240.000000', '5200.000000', '5200', '201601011027', '[{"id":5,"value":"金色"},{"id":6,"value":"16GB"}]', '100', '2')
INSERT INTO Sku (id, createdDate, lastModifiedDate, version, allocatedStock, cost, exchangePoint, isDefault, marketPrice, price, rewardPoint, sn, specificationValues, stock, product_id) VALUES ('16', to_date('${date?string("yyyy-MM-dd HH:mm:ss")}', 'yyyy-mm-dd hh24:mi:ss'), to_date('${date?string("yyyy-MM-dd HH:mm:ss")}', 'yyyy-mm-dd hh24:mi:ss'), '0', '0', NULL, '0', '0', '7320.000000', '6100.000000', '6100', '201601011028', '[{"id":5,"value":"金色"},{"id":8,"value":"64GB"}]', '100', '2')
INSERT INTO Sku (id, createdDate, lastModifiedDate, version, allocatedStock, cost, exchangePoint, isDefault, marketPrice, price, rewardPoint, sn, specificationValues, stock, product_id) VALUES ('17', to_date('${date?string("yyyy-MM-dd HH:mm:ss")}', 'yyyy-mm-dd hh24:mi:ss'), to_date('${date?string("yyyy-MM-dd HH:mm:ss")}', 'yyyy-mm-dd hh24:mi:ss'), '0', '0', NULL, '0', '0', '8160.000000', '6800.000000', '6800', '201601011029', '[{"id":5,"value":"金色"},{"id":9,"value":"128GB"}]', '100', '2')
INSERT INTO Sku (id, createdDate, lastModifiedDate, version, allocatedStock, cost, exchangePoint, isDefault, marketPrice, price, rewardPoint, sn, specificationValues, stock, product_id) VALUES ('18', to_date('${date?string("yyyy-MM-dd HH:mm:ss")}', 'yyyy-mm-dd hh24:mi:ss'), to_date('${date?string("yyyy-MM-dd HH:mm:ss")}', 'yyyy-mm-dd hh24:mi:ss'), '0', '0', NULL, '0', '0', '1440.000000', '1200.000000', '1200', '201601011031', '[{"id":0,"value":"黑色"}]', '100', '3')
INSERT INTO Sku (id, createdDate, lastModifiedDate, version, allocatedStock, cost, exchangePoint, isDefault, marketPrice, price, rewardPoint, sn, specificationValues, stock, product_id) VALUES ('19', to_date('${date?string("yyyy-MM-dd HH:mm:ss")}', 'yyyy-mm-dd hh24:mi:ss'), to_date('${date?string("yyyy-MM-dd HH:mm:ss")}', 'yyyy-mm-dd hh24:mi:ss'), '0', '3', NULL, '0', '1', '1440.000000', '1200.000000', '1200', '201601011032', '[{"id":1,"value":"白色"}]', '100', '3')
INSERT INTO Sku (id, createdDate, lastModifiedDate, version, allocatedStock, cost, exchangePoint, isDefault, marketPrice, price, rewardPoint, sn, specificationValues, stock, product_id) VALUES ('20', to_date('${date?string("yyyy-MM-dd HH:mm:ss")}', 'yyyy-mm-dd hh24:mi:ss'), to_date('${date?string("yyyy-MM-dd HH:mm:ss")}', 'yyyy-mm-dd hh24:mi:ss'), '0', '0', NULL, '0', '0', '4560.000000', '3800.000000', '3800', '201601011041', '[{"id":0,"value":"黑色"}]', '100', '4')
INSERT INTO Sku (id, createdDate, lastModifiedDate, version, allocatedStock, cost, exchangePoint, isDefault, marketPrice, price, rewardPoint, sn, specificationValues, stock, product_id) VALUES ('21', to_date('${date?string("yyyy-MM-dd HH:mm:ss")}', 'yyyy-mm-dd hh24:mi:ss'), to_date('${date?string("yyyy-MM-dd HH:mm:ss")}', 'yyyy-mm-dd hh24:mi:ss'), '0', '3', NULL, '0', '1', '4560.000000', '3800.000000', '3800', '201601011042', '[{"id":1,"value":"白色"}]', '3', '4')
INSERT INTO Sku (id, createdDate, lastModifiedDate, version, allocatedStock, cost, exchangePoint, isDefault, marketPrice, price, rewardPoint, sn, specificationValues, stock, product_id) VALUES ('22', to_date('${date?string("yyyy-MM-dd HH:mm:ss")}', 'yyyy-mm-dd hh24:mi:ss'), to_date('${date?string("yyyy-MM-dd HH:mm:ss")}', 'yyyy-mm-dd hh24:mi:ss'), '0', '0', NULL, '0', '1', '2280.000000', '1900.000000', '1900', '20160101105', NULL, '100', '5')
INSERT INTO Sku (id, createdDate, lastModifiedDate, version, allocatedStock, cost, exchangePoint, isDefault, marketPrice, price, rewardPoint, sn, specificationValues, stock, product_id) VALUES ('23', to_date('${date?string("yyyy-MM-dd HH:mm:ss")}', 'yyyy-mm-dd hh24:mi:ss'), to_date('${date?string("yyyy-MM-dd HH:mm:ss")}', 'yyyy-mm-dd hh24:mi:ss'), '0', '0', NULL, '0', '1', '1920.000000', '1600.000000', '1600', '20160101106', NULL, '100', '6')
INSERT INTO Sku (id, createdDate, lastModifiedDate, version, allocatedStock, cost, exchangePoint, isDefault, marketPrice, price, rewardPoint, sn, specificationValues, stock, product_id) VALUES ('24', to_date('${date?string("yyyy-MM-dd HH:mm:ss")}', 'yyyy-mm-dd hh24:mi:ss'), to_date('${date?string("yyyy-MM-dd HH:mm:ss")}', 'yyyy-mm-dd hh24:mi:ss'), '0', '0', NULL, '0', '1', '1200.000000', '1000.000000', '1000', '20160101107', NULL, '100', '7')
INSERT INTO Sku (id, createdDate, lastModifiedDate, version, allocatedStock, cost, exchangePoint, isDefault, marketPrice, price, rewardPoint, sn, specificationValues, stock, product_id) VALUES ('25', to_date('${date?string("yyyy-MM-dd HH:mm:ss")}', 'yyyy-mm-dd hh24:mi:ss'), to_date('${date?string("yyyy-MM-dd HH:mm:ss")}', 'yyyy-mm-dd hh24:mi:ss'), '0', '0', NULL, '0', '1', '2160.000000', '1800.000000', '1800', '20160101108', NULL, '100', '8')
INSERT INTO Sku (id, createdDate, lastModifiedDate, version, allocatedStock, cost, exchangePoint, isDefault, marketPrice, price, rewardPoint, sn, specificationValues, stock, product_id) VALUES ('26', to_date('${date?string("yyyy-MM-dd HH:mm:ss")}', 'yyyy-mm-dd hh24:mi:ss'), to_date('${date?string("yyyy-MM-dd HH:mm:ss")}', 'yyyy-mm-dd hh24:mi:ss'), '0', '0', NULL, '0', '1', '2400.000000', '2000.000000', '2000', '20160101109', NULL, '100', '9')
INSERT INTO Sku (id, createdDate, lastModifiedDate, version, allocatedStock, cost, exchangePoint, isDefault, marketPrice, price, rewardPoint, sn, specificationValues, stock, product_id) VALUES ('27', to_date('${date?string("yyyy-MM-dd HH:mm:ss")}', 'yyyy-mm-dd hh24:mi:ss'), to_date('${date?string("yyyy-MM-dd HH:mm:ss")}', 'yyyy-mm-dd hh24:mi:ss'), '0', '0', NULL, '0', '1', '2760.000000', '2300.000000', '2300', '20160101110', NULL, '100', '10')
INSERT INTO Sku (id, createdDate, lastModifiedDate, version, allocatedStock, cost, exchangePoint, isDefault, marketPrice, price, rewardPoint, sn, specificationValues, stock, product_id) VALUES ('28', to_date('${date?string("yyyy-MM-dd HH:mm:ss")}', 'yyyy-mm-dd hh24:mi:ss'), to_date('${date?string("yyyy-MM-dd HH:mm:ss")}', 'yyyy-mm-dd hh24:mi:ss'), '0', '0', NULL, '0', '1', '1440.000000', '1200.000000', '1200', '20160101111', NULL, '100', '11')
INSERT INTO Sku (id, createdDate, lastModifiedDate, version, allocatedStock, cost, exchangePoint, isDefault, marketPrice, price, rewardPoint, sn, specificationValues, stock, product_id) VALUES ('29', to_date('${date?string("yyyy-MM-dd HH:mm:ss")}', 'yyyy-mm-dd hh24:mi:ss'), to_date('${date?string("yyyy-MM-dd HH:mm:ss")}', 'yyyy-mm-dd hh24:mi:ss'), '0', '0', NULL, '0', '1', '3000.000000', '2500.000000', '2500', '20160101112', NULL, '100', '12')
INSERT INTO Sku (id, createdDate, lastModifiedDate, version, allocatedStock, cost, exchangePoint, isDefault, marketPrice, price, rewardPoint, sn, specificationValues, stock, product_id) VALUES ('30', to_date('${date?string("yyyy-MM-dd HH:mm:ss")}', 'yyyy-mm-dd hh24:mi:ss'), to_date('${date?string("yyyy-MM-dd HH:mm:ss")}', 'yyyy-mm-dd hh24:mi:ss'), '0', '0', NULL, '0', '1', '720.000000', '600.000000', '600', '20160101113', NULL, '100', '13')
INSERT INTO Sku (id, createdDate, lastModifiedDate, version, allocatedStock, cost, exchangePoint, isDefault, marketPrice, price, rewardPoint, sn, specificationValues, stock, product_id) VALUES ('31', to_date('${date?string("yyyy-MM-dd HH:mm:ss")}', 'yyyy-mm-dd hh24:mi:ss'), to_date('${date?string("yyyy-MM-dd HH:mm:ss")}', 'yyyy-mm-dd hh24:mi:ss'), '0', '0', NULL, '0', '1', '2398.000000', '1999.000000', '1999', '20160101114', NULL, '100', '14')
INSERT INTO Sku (id, createdDate, lastModifiedDate, version, allocatedStock, cost, exchangePoint, isDefault, marketPrice, price, rewardPoint, sn, specificationValues, stock, product_id) VALUES ('32', to_date('${date?string("yyyy-MM-dd HH:mm:ss")}', 'yyyy-mm-dd hh24:mi:ss'), to_date('${date?string("yyyy-MM-dd HH:mm:ss")}', 'yyyy-mm-dd hh24:mi:ss'), '0', '0', NULL, '0', '1', '3120.000000', '2600.000000', '2600', '20160101115', NULL, '100', '15')
INSERT INTO Sku (id, createdDate, lastModifiedDate, version, allocatedStock, cost, exchangePoint, isDefault, marketPrice, price, rewardPoint, sn, specificationValues, stock, product_id) VALUES ('33', to_date('${date?string("yyyy-MM-dd HH:mm:ss")}', 'yyyy-mm-dd hh24:mi:ss'), to_date('${date?string("yyyy-MM-dd HH:mm:ss")}', 'yyyy-mm-dd hh24:mi:ss'), '0', '0', NULL, '0', '1', '1920.000000', '1600.000000', '1600', '20160101116', NULL, '100', '16')
INSERT INTO Sku (id, createdDate, lastModifiedDate, version, allocatedStock, cost, exchangePoint, isDefault, marketPrice, price, rewardPoint, sn, specificationValues, stock, product_id) VALUES ('34', to_date('${date?string("yyyy-MM-dd HH:mm:ss")}', 'yyyy-mm-dd hh24:mi:ss'), to_date('${date?string("yyyy-MM-dd HH:mm:ss")}', 'yyyy-mm-dd hh24:mi:ss'), '0', '0', NULL, '0', '1', '2160.000000', '1800.000000', '1800', '20160101117', NULL, '100', '17')
INSERT INTO Sku (id, createdDate, lastModifiedDate, version, allocatedStock, cost, exchangePoint, isDefault, marketPrice, price, rewardPoint, sn, specificationValues, stock, product_id) VALUES ('35', to_date('${date?string("yyyy-MM-dd HH:mm:ss")}', 'yyyy-mm-dd hh24:mi:ss'), to_date('${date?string("yyyy-MM-dd HH:mm:ss")}', 'yyyy-mm-dd hh24:mi:ss'), '0', '0', NULL, '0', '1', '720.000000', '600.000000', '600', '20160101118', NULL, '100', '18')
INSERT INTO Sku (id, createdDate, lastModifiedDate, version, allocatedStock, cost, exchangePoint, isDefault, marketPrice, price, rewardPoint, sn, specificationValues, stock, product_id) VALUES ('36', to_date('${date?string("yyyy-MM-dd HH:mm:ss")}', 'yyyy-mm-dd hh24:mi:ss'), to_date('${date?string("yyyy-MM-dd HH:mm:ss")}', 'yyyy-mm-dd hh24:mi:ss'), '0', '0', NULL, '0', '1', '960.000000', '800.000000', '800', '20160101119', NULL, '100', '19')
INSERT INTO Sku (id, createdDate, lastModifiedDate, version, allocatedStock, cost, exchangePoint, isDefault, marketPrice, price, rewardPoint, sn, specificationValues, stock, product_id) VALUES ('37', to_date('${date?string("yyyy-MM-dd HH:mm:ss")}', 'yyyy-mm-dd hh24:mi:ss'), to_date('${date?string("yyyy-MM-dd HH:mm:ss")}', 'yyyy-mm-dd hh24:mi:ss'), '0', '0', NULL, '0', '1', '1198.800000', '999.000000', '999', '20160101120', NULL, '100', '20')
INSERT INTO Sku (id, createdDate, lastModifiedDate, version, allocatedStock, cost, exchangePoint, isDefault, marketPrice, price, rewardPoint, sn, specificationValues, stock, product_id) VALUES ('38', to_date('${date?string("yyyy-MM-dd HH:mm:ss")}', 'yyyy-mm-dd hh24:mi:ss'), to_date('${date?string("yyyy-MM-dd HH:mm:ss")}', 'yyyy-mm-dd hh24:mi:ss'), '0', '0', NULL, '0', '1', '1078.000000', '899.000000', '899', '20160101121', NULL, '100', '21')
INSERT INTO Sku (id, createdDate, lastModifiedDate, version, allocatedStock, cost, exchangePoint, isDefault, marketPrice, price, rewardPoint, sn, specificationValues, stock, product_id) VALUES ('39', to_date('${date?string("yyyy-MM-dd HH:mm:ss")}', 'yyyy-mm-dd hh24:mi:ss'), to_date('${date?string("yyyy-MM-dd HH:mm:ss")}', 'yyyy-mm-dd hh24:mi:ss'), '0', '0', NULL, '0', '1', '1198.000000', '999.000000', '999', '20160101122', NULL, '100', '22')
INSERT INTO Sku (id, createdDate, lastModifiedDate, version, allocatedStock, cost, exchangePoint, isDefault, marketPrice, price, rewardPoint, sn, specificationValues, stock, product_id) VALUES ('40', to_date('${date?string("yyyy-MM-dd HH:mm:ss")}', 'yyyy-mm-dd hh24:mi:ss'), to_date('${date?string("yyyy-MM-dd HH:mm:ss")}', 'yyyy-mm-dd hh24:mi:ss'), '0', '0', NULL, '0', '1', '1078.000000', '899.000000', '899', '20160101123', NULL, '100', '23')
INSERT INTO Sku (id, createdDate, lastModifiedDate, version, allocatedStock, cost, exchangePoint, isDefault, marketPrice, price, rewardPoint, sn, specificationValues, stock, product_id) VALUES ('41', to_date('${date?string("yyyy-MM-dd HH:mm:ss")}', 'yyyy-mm-dd hh24:mi:ss'), to_date('${date?string("yyyy-MM-dd HH:mm:ss")}', 'yyyy-mm-dd hh24:mi:ss'), '0', '0', NULL, '0', '1', '1800.000000', '1500.000000', '1500', '20160101124', NULL, '100', '24')
INSERT INTO Sku (id, createdDate, lastModifiedDate, version, allocatedStock, cost, exchangePoint, isDefault, marketPrice, price, rewardPoint, sn, specificationValues, stock, product_id) VALUES ('42', to_date('${date?string("yyyy-MM-dd HH:mm:ss")}', 'yyyy-mm-dd hh24:mi:ss'), to_date('${date?string("yyyy-MM-dd HH:mm:ss")}', 'yyyy-mm-dd hh24:mi:ss'), '0', '0', NULL, '0', '1', '838.000000', '699.000000', '699', '20160101125', NULL, '100', '25')
INSERT INTO Sku (id, createdDate, lastModifiedDate, version, allocatedStock, cost, exchangePoint, isDefault, marketPrice, price, rewardPoint, sn, specificationValues, stock, product_id) VALUES ('43', to_date('${date?string("yyyy-MM-dd HH:mm:ss")}', 'yyyy-mm-dd hh24:mi:ss'), to_date('${date?string("yyyy-MM-dd HH:mm:ss")}', 'yyyy-mm-dd hh24:mi:ss'), '0', '0', NULL, '0', '1', '6960.000000', '5800.000000', '5800', '20160101126', NULL, '100', '26')
INSERT INTO Sku (id, createdDate, lastModifiedDate, version, allocatedStock, cost, exchangePoint, isDefault, marketPrice, price, rewardPoint, sn, specificationValues, stock, product_id) VALUES ('44', to_date('${date?string("yyyy-MM-dd HH:mm:ss")}', 'yyyy-mm-dd hh24:mi:ss'), to_date('${date?string("yyyy-MM-dd HH:mm:ss")}', 'yyyy-mm-dd hh24:mi:ss'), '0', '0', NULL, '0', '1', '16560.000000', '13800.000000', '13800', '20160101127', NULL, '100', '27')
INSERT INTO Sku (id, createdDate, lastModifiedDate, version, allocatedStock, cost, exchangePoint, isDefault, marketPrice, price, rewardPoint, sn, specificationValues, stock, product_id) VALUES ('45', to_date('${date?string("yyyy-MM-dd HH:mm:ss")}', 'yyyy-mm-dd hh24:mi:ss'), to_date('${date?string("yyyy-MM-dd HH:mm:ss")}', 'yyyy-mm-dd hh24:mi:ss'), '0', '0', NULL, '0', '1', '8160.000000', '6800.000000', '6800', '20160101128', NULL, '100', '28')
INSERT INTO Sku (id, createdDate, lastModifiedDate, version, allocatedStock, cost, exchangePoint, isDefault, marketPrice, price, rewardPoint, sn, specificationValues, stock, product_id) VALUES ('46', to_date('${date?string("yyyy-MM-dd HH:mm:ss")}', 'yyyy-mm-dd hh24:mi:ss'), to_date('${date?string("yyyy-MM-dd HH:mm:ss")}', 'yyyy-mm-dd hh24:mi:ss'), '0', '0', NULL, '0', '1', '14400.000000', '12000.000000', '12000', '20160101129', NULL, '100', '29')
INSERT INTO Sku (id, createdDate, lastModifiedDate, version, allocatedStock, cost, exchangePoint, isDefault, marketPrice, price, rewardPoint, sn, specificationValues, stock, product_id) VALUES ('47', to_date('${date?string("yyyy-MM-dd HH:mm:ss")}', 'yyyy-mm-dd hh24:mi:ss'), to_date('${date?string("yyyy-MM-dd HH:mm:ss")}', 'yyyy-mm-dd hh24:mi:ss'), '0', '0', NULL, '0', '1', '3360.000000', '2800.000000', '2800', '20160101130', NULL, '100', '30')
INSERT INTO Sku (id, createdDate, lastModifiedDate, version, allocatedStock, cost, exchangePoint, isDefault, marketPrice, price, rewardPoint, sn, specificationValues, stock, product_id) VALUES ('48', to_date('${date?string("yyyy-MM-dd HH:mm:ss")}', 'yyyy-mm-dd hh24:mi:ss'), to_date('${date?string("yyyy-MM-dd HH:mm:ss")}', 'yyyy-mm-dd hh24:mi:ss'), '0', '0', NULL, '0', '1', '3456.000000', '2880.000000', '2880', '20160101131', NULL, '100', '31')
INSERT INTO Sku (id, createdDate, lastModifiedDate, version, allocatedStock, cost, exchangePoint, isDefault, marketPrice, price, rewardPoint, sn, specificationValues, stock, product_id) VALUES ('49', to_date('${date?string("yyyy-MM-dd HH:mm:ss")}', 'yyyy-mm-dd hh24:mi:ss'), to_date('${date?string("yyyy-MM-dd HH:mm:ss")}', 'yyyy-mm-dd hh24:mi:ss'), '0', '0', NULL, '0', '1', '2640.000000', '2200.000000', '2200', '20160101132', NULL, '100', '32')
INSERT INTO Sku (id, createdDate, lastModifiedDate, version, allocatedStock, cost, exchangePoint, isDefault, marketPrice, price, rewardPoint, sn, specificationValues, stock, product_id) VALUES ('50', to_date('${date?string("yyyy-MM-dd HH:mm:ss")}', 'yyyy-mm-dd hh24:mi:ss'), to_date('${date?string("yyyy-MM-dd HH:mm:ss")}', 'yyyy-mm-dd hh24:mi:ss'), '0', '0', NULL, '0', '1', '4320.000000', '3600.000000', '3600', '20160101133', NULL, '100', '33')
INSERT INTO Sku (id, createdDate, lastModifiedDate, version, allocatedStock, cost, exchangePoint, isDefault, marketPrice, price, rewardPoint, sn, specificationValues, stock, product_id) VALUES ('51', to_date('${date?string("yyyy-MM-dd HH:mm:ss")}', 'yyyy-mm-dd hh24:mi:ss'), to_date('${date?string("yyyy-MM-dd HH:mm:ss")}', 'yyyy-mm-dd hh24:mi:ss'), '0', '0', NULL, '0', '1', '3465.000000', '2888.000000', '2888', '20160101134', NULL, '100', '34')
INSERT INTO Sku (id, createdDate, lastModifiedDate, version, allocatedStock, cost, exchangePoint, isDefault, marketPrice, price, rewardPoint, sn, specificationValues, stock, product_id) VALUES ('52', to_date('${date?string("yyyy-MM-dd HH:mm:ss")}', 'yyyy-mm-dd hh24:mi:ss'), to_date('${date?string("yyyy-MM-dd HH:mm:ss")}', 'yyyy-mm-dd hh24:mi:ss'), '0', '0', NULL, '0', '1', '3120.000000', '2600.000000', '2600', '20160101135', NULL, '100', '35')
INSERT INTO Sku (id, createdDate, lastModifiedDate, version, allocatedStock, cost, exchangePoint, isDefault, marketPrice, price, rewardPoint, sn, specificationValues, stock, product_id) VALUES ('53', to_date('${date?string("yyyy-MM-dd HH:mm:ss")}', 'yyyy-mm-dd hh24:mi:ss'), to_date('${date?string("yyyy-MM-dd HH:mm:ss")}', 'yyyy-mm-dd hh24:mi:ss'), '0', '0', NULL, '0', '1', '4678.000000', '3899.000000', '3899', '20160101136', NULL, '100', '36')
INSERT INTO Sku (id, createdDate, lastModifiedDate, version, allocatedStock, cost, exchangePoint, isDefault, marketPrice, price, rewardPoint, sn, specificationValues, stock, product_id) VALUES ('54', to_date('${date?string("yyyy-MM-dd HH:mm:ss")}', 'yyyy-mm-dd hh24:mi:ss'), to_date('${date?string("yyyy-MM-dd HH:mm:ss")}', 'yyyy-mm-dd hh24:mi:ss'), '0', '0', NULL, '0', '1', '3118.800000', '2599.000000', '2599', '20160101137', NULL, '100', '37')
INSERT INTO Sku (id, createdDate, lastModifiedDate, version, allocatedStock, cost, exchangePoint, isDefault, marketPrice, price, rewardPoint, sn, specificationValues, stock, product_id) VALUES ('55', to_date('${date?string("yyyy-MM-dd HH:mm:ss")}', 'yyyy-mm-dd hh24:mi:ss'), to_date('${date?string("yyyy-MM-dd HH:mm:ss")}', 'yyyy-mm-dd hh24:mi:ss'), '0', '0', NULL, '0', '1', '5980.000000', '4988.000000', '4988', '20160101138', NULL, '100', '38')
INSERT INTO Sku (id, createdDate, lastModifiedDate, version, allocatedStock, cost, exchangePoint, isDefault, marketPrice, price, rewardPoint, sn, specificationValues, stock, product_id) VALUES ('56', to_date('${date?string("yyyy-MM-dd HH:mm:ss")}', 'yyyy-mm-dd hh24:mi:ss'), to_date('${date?string("yyyy-MM-dd HH:mm:ss")}', 'yyyy-mm-dd hh24:mi:ss'), '0', '0', NULL, '0', '1', '8265.000000', '6888.000000', '6888', '20160101139', NULL, '100', '39')
INSERT INTO Sku (id, createdDate, lastModifiedDate, version, allocatedStock, cost, exchangePoint, isDefault, marketPrice, price, rewardPoint, sn, specificationValues, stock, product_id) VALUES ('57', to_date('${date?string("yyyy-MM-dd HH:mm:ss")}', 'yyyy-mm-dd hh24:mi:ss'), to_date('${date?string("yyyy-MM-dd HH:mm:ss")}', 'yyyy-mm-dd hh24:mi:ss'), '0', '0', NULL, '0', '1', '5620.000000', '4688.000000', '4688', '20160101140', NULL, '100', '40')
INSERT INTO Sku (id, createdDate, lastModifiedDate, version, allocatedStock, cost, exchangePoint, isDefault, marketPrice, price, rewardPoint, sn, specificationValues, stock, product_id) VALUES ('58', to_date('${date?string("yyyy-MM-dd HH:mm:ss")}', 'yyyy-mm-dd hh24:mi:ss'), to_date('${date?string("yyyy-MM-dd HH:mm:ss")}', 'yyyy-mm-dd hh24:mi:ss'), '0', '0', NULL, '0', '1', '3598.000000', '2999.000000', '2999', '20160101141', NULL, '100', '41')
INSERT INTO Sku (id, createdDate, lastModifiedDate, version, allocatedStock, cost, exchangePoint, isDefault, marketPrice, price, rewardPoint, sn, specificationValues, stock, product_id) VALUES ('59', to_date('${date?string("yyyy-MM-dd HH:mm:ss")}', 'yyyy-mm-dd hh24:mi:ss'), to_date('${date?string("yyyy-MM-dd HH:mm:ss")}', 'yyyy-mm-dd hh24:mi:ss'), '0', '0', NULL, '0', '1', '2856.000000', '2380.000000', '2380', '20160101142', NULL, '100', '42')
INSERT INTO Sku (id, createdDate, lastModifiedDate, version, allocatedStock, cost, exchangePoint, isDefault, marketPrice, price, rewardPoint, sn, specificationValues, stock, product_id) VALUES ('60', to_date('${date?string("yyyy-MM-dd HH:mm:ss")}', 'yyyy-mm-dd hh24:mi:ss'), to_date('${date?string("yyyy-MM-dd HH:mm:ss")}', 'yyyy-mm-dd hh24:mi:ss'), '0', '0', NULL, '0', '1', '4428.000000', '3690.000000', '3690', '20160101143', NULL, '100', '43')
INSERT INTO Sku (id, createdDate, lastModifiedDate, version, allocatedStock, cost, exchangePoint, isDefault, marketPrice, price, rewardPoint, sn, specificationValues, stock, product_id) VALUES ('61', to_date('${date?string("yyyy-MM-dd HH:mm:ss")}', 'yyyy-mm-dd hh24:mi:ss'), to_date('${date?string("yyyy-MM-dd HH:mm:ss")}', 'yyyy-mm-dd hh24:mi:ss'), '0', '0', NULL, '0', '1', '2878.000000', '2399.000000', '2399', '20160101144', NULL, '100', '44')
INSERT INTO Sku (id, createdDate, lastModifiedDate, version, allocatedStock, cost, exchangePoint, isDefault, marketPrice, price, rewardPoint, sn, specificationValues, stock, product_id) VALUES ('62', to_date('${date?string("yyyy-MM-dd HH:mm:ss")}', 'yyyy-mm-dd hh24:mi:ss'), to_date('${date?string("yyyy-MM-dd HH:mm:ss")}', 'yyyy-mm-dd hh24:mi:ss'), '0', '0', NULL, '0', '1', '2878.800000', '2399.000000', '2399', '20160101145', NULL, '100', '45')
INSERT INTO Sku (id, createdDate, lastModifiedDate, version, allocatedStock, cost, exchangePoint, isDefault, marketPrice, price, rewardPoint, sn, specificationValues, stock, product_id) VALUES ('63', to_date('${date?string("yyyy-MM-dd HH:mm:ss")}', 'yyyy-mm-dd hh24:mi:ss'), to_date('${date?string("yyyy-MM-dd HH:mm:ss")}', 'yyyy-mm-dd hh24:mi:ss'), '0', '0', NULL, '400000', '1', '299.000000', '0.000000', '0', '20160101146', NULL, '100', '46')
INSERT INTO Sku (id, createdDate, lastModifiedDate, version, allocatedStock, cost, exchangePoint, isDefault, marketPrice, price, rewardPoint, sn, specificationValues, stock, product_id) VALUES ('64', to_date('${date?string("yyyy-MM-dd HH:mm:ss")}', 'yyyy-mm-dd hh24:mi:ss'), to_date('${date?string("yyyy-MM-dd HH:mm:ss")}', 'yyyy-mm-dd hh24:mi:ss'), '0', '0', NULL, '300000', '1', '288.000000', '0.000000', '0', '20160101147', NULL, '100', '47')

INSERT INTO Specification (id, createdDate, lastModifiedDate, version, orders, name, options, productCategory_id) VALUES ('1', to_date('${date?string("yyyy-MM-dd HH:mm:ss")}', 'yyyy-mm-dd hh24:mi:ss'), to_date('${date?string("yyyy-MM-dd HH:mm:ss")}', 'yyyy-mm-dd hh24:mi:ss'), '0', '1', '颜色', '["黑色","白色","银色","灰色","红色","金色"]', '41')
INSERT INTO Specification (id, createdDate, lastModifiedDate, version, orders, name, options, productCategory_id) VALUES ('2', to_date('${date?string("yyyy-MM-dd HH:mm:ss")}', 'yyyy-mm-dd hh24:mi:ss'), to_date('${date?string("yyyy-MM-dd HH:mm:ss")}', 'yyyy-mm-dd hh24:mi:ss'), '0', '2', '内存容量', '["16GB","32GB","64GB","128GB"]', '41')
INSERT INTO Specification (id, createdDate, lastModifiedDate, version, orders, name, options, productCategory_id) VALUES ('3', to_date('${date?string("yyyy-MM-dd HH:mm:ss")}', 'yyyy-mm-dd hh24:mi:ss'), to_date('${date?string("yyyy-MM-dd HH:mm:ss")}', 'yyyy-mm-dd hh24:mi:ss'), '0', '3', '颜色', '["黑色","白色","银色","灰色","红色","金色"]', '49')
INSERT INTO Specification (id, createdDate, lastModifiedDate, version, orders, name, options, productCategory_id) VALUES ('4', to_date('${date?string("yyyy-MM-dd HH:mm:ss")}', 'yyyy-mm-dd hh24:mi:ss'), to_date('${date?string("yyyy-MM-dd HH:mm:ss")}', 'yyyy-mm-dd hh24:mi:ss'), '0', '4', '颜色', '["黑色","白色","银色","灰色","红色","金色"]', '79')
INSERT INTO Specification (id, createdDate, lastModifiedDate, version, orders, name, options, productCategory_id) VALUES ('5', to_date('${date?string("yyyy-MM-dd HH:mm:ss")}', 'yyyy-mm-dd hh24:mi:ss'), to_date('${date?string("yyyy-MM-dd HH:mm:ss")}', 'yyyy-mm-dd hh24:mi:ss'), '0', '5', '颜色', '["黑色","白色","银色","灰色","红色","金色"]', '82')
INSERT INTO Specification (id, createdDate, lastModifiedDate, version, orders, name, options, productCategory_id) VALUES ('6', to_date('${date?string("yyyy-MM-dd HH:mm:ss")}', 'yyyy-mm-dd hh24:mi:ss'), to_date('${date?string("yyyy-MM-dd HH:mm:ss")}', 'yyyy-mm-dd hh24:mi:ss'), '0', '6', '内存容量', '["16GB","64GB","128GB"]', '82')

INSERT INTO StockLog (id, createdDate, lastModifiedDate, version, inQuantity, memo, outQuantity, stock, type, sku_id) VALUES ('1', to_date('${date?string("yyyy-MM-dd HH:mm:ss")}', 'yyyy-mm-dd hh24:mi:ss'), to_date('${date?string("yyyy-MM-dd HH:mm:ss")}', 'yyyy-mm-dd hh24:mi:ss'), '0', '1000', NULL, '0', '100', '0', '1')
INSERT INTO StockLog (id, createdDate, lastModifiedDate, version, inQuantity, memo, outQuantity, stock, type, sku_id) VALUES ('2', to_date('${date?string("yyyy-MM-dd HH:mm:ss")}', 'yyyy-mm-dd hh24:mi:ss'), to_date('${date?string("yyyy-MM-dd HH:mm:ss")}', 'yyyy-mm-dd hh24:mi:ss'), '0', '1000', NULL, '0', '100', '0', '2')
INSERT INTO StockLog (id, createdDate, lastModifiedDate, version, inQuantity, memo, outQuantity, stock, type, sku_id) VALUES ('3', to_date('${date?string("yyyy-MM-dd HH:mm:ss")}', 'yyyy-mm-dd hh24:mi:ss'), to_date('${date?string("yyyy-MM-dd HH:mm:ss")}', 'yyyy-mm-dd hh24:mi:ss'), '0', '1000', NULL, '0', '100', '0', '3')
INSERT INTO StockLog (id, createdDate, lastModifiedDate, version, inQuantity, memo, outQuantity, stock, type, sku_id) VALUES ('4', to_date('${date?string("yyyy-MM-dd HH:mm:ss")}', 'yyyy-mm-dd hh24:mi:ss'), to_date('${date?string("yyyy-MM-dd HH:mm:ss")}', 'yyyy-mm-dd hh24:mi:ss'), '0', '1000', NULL, '0', '100', '0', '4')
INSERT INTO StockLog (id, createdDate, lastModifiedDate, version, inQuantity, memo, outQuantity, stock, type, sku_id) VALUES ('5', to_date('${date?string("yyyy-MM-dd HH:mm:ss")}', 'yyyy-mm-dd hh24:mi:ss'), to_date('${date?string("yyyy-MM-dd HH:mm:ss")}', 'yyyy-mm-dd hh24:mi:ss'), '0', '1000', NULL, '0', '100', '0', '5')
INSERT INTO StockLog (id, createdDate, lastModifiedDate, version, inQuantity, memo, outQuantity, stock, type, sku_id) VALUES ('6', to_date('${date?string("yyyy-MM-dd HH:mm:ss")}', 'yyyy-mm-dd hh24:mi:ss'), to_date('${date?string("yyyy-MM-dd HH:mm:ss")}', 'yyyy-mm-dd hh24:mi:ss'), '0', '1000', NULL, '0', '100', '0', '6')
INSERT INTO StockLog (id, createdDate, lastModifiedDate, version, inQuantity, memo, outQuantity, stock, type, sku_id) VALUES ('7', to_date('${date?string("yyyy-MM-dd HH:mm:ss")}', 'yyyy-mm-dd hh24:mi:ss'), to_date('${date?string("yyyy-MM-dd HH:mm:ss")}', 'yyyy-mm-dd hh24:mi:ss'), '0', '1000', NULL, '0', '100', '0', '7')
INSERT INTO StockLog (id, createdDate, lastModifiedDate, version, inQuantity, memo, outQuantity, stock, type, sku_id) VALUES ('8', to_date('${date?string("yyyy-MM-dd HH:mm:ss")}', 'yyyy-mm-dd hh24:mi:ss'), to_date('${date?string("yyyy-MM-dd HH:mm:ss")}', 'yyyy-mm-dd hh24:mi:ss'), '0', '1000', NULL, '0', '100', '0', '9')
INSERT INTO StockLog (id, createdDate, lastModifiedDate, version, inQuantity, memo, outQuantity, stock, type, sku_id) VALUES ('9', to_date('${date?string("yyyy-MM-dd HH:mm:ss")}', 'yyyy-mm-dd hh24:mi:ss'), to_date('${date?string("yyyy-MM-dd HH:mm:ss")}', 'yyyy-mm-dd hh24:mi:ss'), '0', '1000', NULL, '0', '100', '0', '10')
INSERT INTO StockLog (id, createdDate, lastModifiedDate, version, inQuantity, memo, outQuantity, stock, type, sku_id) VALUES ('10', to_date('${date?string("yyyy-MM-dd HH:mm:ss")}', 'yyyy-mm-dd hh24:mi:ss'), to_date('${date?string("yyyy-MM-dd HH:mm:ss")}', 'yyyy-mm-dd hh24:mi:ss'), '0', '1000', NULL, '0', '100', '0', '11')
INSERT INTO StockLog (id, createdDate, lastModifiedDate, version, inQuantity, memo, outQuantity, stock, type, sku_id) VALUES ('11', to_date('${date?string("yyyy-MM-dd HH:mm:ss")}', 'yyyy-mm-dd hh24:mi:ss'), to_date('${date?string("yyyy-MM-dd HH:mm:ss")}', 'yyyy-mm-dd hh24:mi:ss'), '0', '1000', NULL, '0', '100', '0', '12')
INSERT INTO StockLog (id, createdDate, lastModifiedDate, version, inQuantity, memo, outQuantity, stock, type, sku_id) VALUES ('12', to_date('${date?string("yyyy-MM-dd HH:mm:ss")}', 'yyyy-mm-dd hh24:mi:ss'), to_date('${date?string("yyyy-MM-dd HH:mm:ss")}', 'yyyy-mm-dd hh24:mi:ss'), '0', '1000', NULL, '0', '100', '0', '13')
INSERT INTO StockLog (id, createdDate, lastModifiedDate, version, inQuantity, memo, outQuantity, stock, type, sku_id) VALUES ('13', to_date('${date?string("yyyy-MM-dd HH:mm:ss")}', 'yyyy-mm-dd hh24:mi:ss'), to_date('${date?string("yyyy-MM-dd HH:mm:ss")}', 'yyyy-mm-dd hh24:mi:ss'), '0', '1000', NULL, '0', '100', '0', '14')
INSERT INTO StockLog (id, createdDate, lastModifiedDate, version, inQuantity, memo, outQuantity, stock, type, sku_id) VALUES ('14', to_date('${date?string("yyyy-MM-dd HH:mm:ss")}', 'yyyy-mm-dd hh24:mi:ss'), to_date('${date?string("yyyy-MM-dd HH:mm:ss")}', 'yyyy-mm-dd hh24:mi:ss'), '0', '1000', NULL, '0', '100', '0', '15')
INSERT INTO StockLog (id, createdDate, lastModifiedDate, version, inQuantity, memo, outQuantity, stock, type, sku_id) VALUES ('15', to_date('${date?string("yyyy-MM-dd HH:mm:ss")}', 'yyyy-mm-dd hh24:mi:ss'), to_date('${date?string("yyyy-MM-dd HH:mm:ss")}', 'yyyy-mm-dd hh24:mi:ss'), '0', '1000', NULL, '0', '100', '0', '16')
INSERT INTO StockLog (id, createdDate, lastModifiedDate, version, inQuantity, memo, outQuantity, stock, type, sku_id) VALUES ('16', to_date('${date?string("yyyy-MM-dd HH:mm:ss")}', 'yyyy-mm-dd hh24:mi:ss'), to_date('${date?string("yyyy-MM-dd HH:mm:ss")}', 'yyyy-mm-dd hh24:mi:ss'), '0', '1000', NULL, '0', '100', '0', '17')
INSERT INTO StockLog (id, createdDate, lastModifiedDate, version, inQuantity, memo, outQuantity, stock, type, sku_id) VALUES ('17', to_date('${date?string("yyyy-MM-dd HH:mm:ss")}', 'yyyy-mm-dd hh24:mi:ss'), to_date('${date?string("yyyy-MM-dd HH:mm:ss")}', 'yyyy-mm-dd hh24:mi:ss'), '0', '100', NULL, '0', '100', '0', '18')
INSERT INTO StockLog (id, createdDate, lastModifiedDate, version, inQuantity, memo, outQuantity, stock, type, sku_id) VALUES ('18', to_date('${date?string("yyyy-MM-dd HH:mm:ss")}', 'yyyy-mm-dd hh24:mi:ss'), to_date('${date?string("yyyy-MM-dd HH:mm:ss")}', 'yyyy-mm-dd hh24:mi:ss'), '0', '100', NULL, '0', '100', '0', '19')
INSERT INTO StockLog (id, createdDate, lastModifiedDate, version, inQuantity, memo, outQuantity, stock, type, sku_id) VALUES ('19', to_date('${date?string("yyyy-MM-dd HH:mm:ss")}', 'yyyy-mm-dd hh24:mi:ss'), to_date('${date?string("yyyy-MM-dd HH:mm:ss")}', 'yyyy-mm-dd hh24:mi:ss'), '0', '100', NULL, '0', '100', '0', '20')
INSERT INTO StockLog (id, createdDate, lastModifiedDate, version, inQuantity, memo, outQuantity, stock, type, sku_id) VALUES ('20', to_date('${date?string("yyyy-MM-dd HH:mm:ss")}', 'yyyy-mm-dd hh24:mi:ss'), to_date('${date?string("yyyy-MM-dd HH:mm:ss")}', 'yyyy-mm-dd hh24:mi:ss'), '0', '3', NULL, '0', '3', '0', '21')
INSERT INTO StockLog (id, createdDate, lastModifiedDate, version, inQuantity, memo, outQuantity, stock, type, sku_id) VALUES ('21', to_date('${date?string("yyyy-MM-dd HH:mm:ss")}', 'yyyy-mm-dd hh24:mi:ss'), to_date('${date?string("yyyy-MM-dd HH:mm:ss")}', 'yyyy-mm-dd hh24:mi:ss'), '0', '100', NULL, '0', '100', '0', '22')
INSERT INTO StockLog (id, createdDate, lastModifiedDate, version, inQuantity, memo, outQuantity, stock, type, sku_id) VALUES ('22', to_date('${date?string("yyyy-MM-dd HH:mm:ss")}', 'yyyy-mm-dd hh24:mi:ss'), to_date('${date?string("yyyy-MM-dd HH:mm:ss")}', 'yyyy-mm-dd hh24:mi:ss'), '0', '100', NULL, '0', '100', '0', '23')
INSERT INTO StockLog (id, createdDate, lastModifiedDate, version, inQuantity, memo, outQuantity, stock, type, sku_id) VALUES ('23', to_date('${date?string("yyyy-MM-dd HH:mm:ss")}', 'yyyy-mm-dd hh24:mi:ss'), to_date('${date?string("yyyy-MM-dd HH:mm:ss")}', 'yyyy-mm-dd hh24:mi:ss'), '0', '100', NULL, '0', '100', '0', '24')
INSERT INTO StockLog (id, createdDate, lastModifiedDate, version, inQuantity, memo, outQuantity, stock, type, sku_id) VALUES ('24', to_date('${date?string("yyyy-MM-dd HH:mm:ss")}', 'yyyy-mm-dd hh24:mi:ss'), to_date('${date?string("yyyy-MM-dd HH:mm:ss")}', 'yyyy-mm-dd hh24:mi:ss'), '0', '100', NULL, '0', '100', '0', '25')
INSERT INTO StockLog (id, createdDate, lastModifiedDate, version, inQuantity, memo, outQuantity, stock, type, sku_id) VALUES ('25', to_date('${date?string("yyyy-MM-dd HH:mm:ss")}', 'yyyy-mm-dd hh24:mi:ss'), to_date('${date?string("yyyy-MM-dd HH:mm:ss")}', 'yyyy-mm-dd hh24:mi:ss'), '0', '100', NULL, '0', '100', '0', '26')
INSERT INTO StockLog (id, createdDate, lastModifiedDate, version, inQuantity, memo, outQuantity, stock, type, sku_id) VALUES ('26', to_date('${date?string("yyyy-MM-dd HH:mm:ss")}', 'yyyy-mm-dd hh24:mi:ss'), to_date('${date?string("yyyy-MM-dd HH:mm:ss")}', 'yyyy-mm-dd hh24:mi:ss'), '0', '100', NULL, '0', '100', '0', '27')
INSERT INTO StockLog (id, createdDate, lastModifiedDate, version, inQuantity, memo, outQuantity, stock, type, sku_id) VALUES ('27', to_date('${date?string("yyyy-MM-dd HH:mm:ss")}', 'yyyy-mm-dd hh24:mi:ss'), to_date('${date?string("yyyy-MM-dd HH:mm:ss")}', 'yyyy-mm-dd hh24:mi:ss'), '0', '100', NULL, '0', '100', '0', '28')
INSERT INTO StockLog (id, createdDate, lastModifiedDate, version, inQuantity, memo, outQuantity, stock, type, sku_id) VALUES ('28', to_date('${date?string("yyyy-MM-dd HH:mm:ss")}', 'yyyy-mm-dd hh24:mi:ss'), to_date('${date?string("yyyy-MM-dd HH:mm:ss")}', 'yyyy-mm-dd hh24:mi:ss'), '0', '100', NULL, '0', '100', '0', '29')
INSERT INTO StockLog (id, createdDate, lastModifiedDate, version, inQuantity, memo, outQuantity, stock, type, sku_id) VALUES ('29', to_date('${date?string("yyyy-MM-dd HH:mm:ss")}', 'yyyy-mm-dd hh24:mi:ss'), to_date('${date?string("yyyy-MM-dd HH:mm:ss")}', 'yyyy-mm-dd hh24:mi:ss'), '0', '100', NULL, '0', '100', '0', '30')
INSERT INTO StockLog (id, createdDate, lastModifiedDate, version, inQuantity, memo, outQuantity, stock, type, sku_id) VALUES ('30', to_date('${date?string("yyyy-MM-dd HH:mm:ss")}', 'yyyy-mm-dd hh24:mi:ss'), to_date('${date?string("yyyy-MM-dd HH:mm:ss")}', 'yyyy-mm-dd hh24:mi:ss'), '0', '100', NULL, '0', '100', '0', '31')
INSERT INTO StockLog (id, createdDate, lastModifiedDate, version, inQuantity, memo, outQuantity, stock, type, sku_id) VALUES ('31', to_date('${date?string("yyyy-MM-dd HH:mm:ss")}', 'yyyy-mm-dd hh24:mi:ss'), to_date('${date?string("yyyy-MM-dd HH:mm:ss")}', 'yyyy-mm-dd hh24:mi:ss'), '0', '100', NULL, '0', '100', '0', '32')
INSERT INTO StockLog (id, createdDate, lastModifiedDate, version, inQuantity, memo, outQuantity, stock, type, sku_id) VALUES ('32', to_date('${date?string("yyyy-MM-dd HH:mm:ss")}', 'yyyy-mm-dd hh24:mi:ss'), to_date('${date?string("yyyy-MM-dd HH:mm:ss")}', 'yyyy-mm-dd hh24:mi:ss'), '0', '100', NULL, '0', '100', '0', '33')
INSERT INTO StockLog (id, createdDate, lastModifiedDate, version, inQuantity, memo, outQuantity, stock, type, sku_id) VALUES ('33', to_date('${date?string("yyyy-MM-dd HH:mm:ss")}', 'yyyy-mm-dd hh24:mi:ss'), to_date('${date?string("yyyy-MM-dd HH:mm:ss")}', 'yyyy-mm-dd hh24:mi:ss'), '0', '100', NULL, '0', '100', '0', '34')
INSERT INTO StockLog (id, createdDate, lastModifiedDate, version, inQuantity, memo, outQuantity, stock, type, sku_id) VALUES ('34', to_date('${date?string("yyyy-MM-dd HH:mm:ss")}', 'yyyy-mm-dd hh24:mi:ss'), to_date('${date?string("yyyy-MM-dd HH:mm:ss")}', 'yyyy-mm-dd hh24:mi:ss'), '0', '100', NULL, '0', '100', '0', '35')
INSERT INTO StockLog (id, createdDate, lastModifiedDate, version, inQuantity, memo, outQuantity, stock, type, sku_id) VALUES ('35', to_date('${date?string("yyyy-MM-dd HH:mm:ss")}', 'yyyy-mm-dd hh24:mi:ss'), to_date('${date?string("yyyy-MM-dd HH:mm:ss")}', 'yyyy-mm-dd hh24:mi:ss'), '0', '100', NULL, '0', '100', '0', '36')
INSERT INTO StockLog (id, createdDate, lastModifiedDate, version, inQuantity, memo, outQuantity, stock, type, sku_id) VALUES ('36', to_date('${date?string("yyyy-MM-dd HH:mm:ss")}', 'yyyy-mm-dd hh24:mi:ss'), to_date('${date?string("yyyy-MM-dd HH:mm:ss")}', 'yyyy-mm-dd hh24:mi:ss'), '0', '100', NULL, '0', '100', '0', '37')
INSERT INTO StockLog (id, createdDate, lastModifiedDate, version, inQuantity, memo, outQuantity, stock, type, sku_id) VALUES ('37', to_date('${date?string("yyyy-MM-dd HH:mm:ss")}', 'yyyy-mm-dd hh24:mi:ss'), to_date('${date?string("yyyy-MM-dd HH:mm:ss")}', 'yyyy-mm-dd hh24:mi:ss'), '0', '100', NULL, '0', '100', '0', '38')
INSERT INTO StockLog (id, createdDate, lastModifiedDate, version, inQuantity, memo, outQuantity, stock, type, sku_id) VALUES ('38', to_date('${date?string("yyyy-MM-dd HH:mm:ss")}', 'yyyy-mm-dd hh24:mi:ss'), to_date('${date?string("yyyy-MM-dd HH:mm:ss")}', 'yyyy-mm-dd hh24:mi:ss'), '0', '100', NULL, '0', '100', '0', '39')
INSERT INTO StockLog (id, createdDate, lastModifiedDate, version, inQuantity, memo, outQuantity, stock, type, sku_id) VALUES ('39', to_date('${date?string("yyyy-MM-dd HH:mm:ss")}', 'yyyy-mm-dd hh24:mi:ss'), to_date('${date?string("yyyy-MM-dd HH:mm:ss")}', 'yyyy-mm-dd hh24:mi:ss'), '0', '100', NULL, '0', '100', '0', '40')
INSERT INTO StockLog (id, createdDate, lastModifiedDate, version, inQuantity, memo, outQuantity, stock, type, sku_id) VALUES ('40', to_date('${date?string("yyyy-MM-dd HH:mm:ss")}', 'yyyy-mm-dd hh24:mi:ss'), to_date('${date?string("yyyy-MM-dd HH:mm:ss")}', 'yyyy-mm-dd hh24:mi:ss'), '0', '100', NULL, '0', '100', '0', '41')
INSERT INTO StockLog (id, createdDate, lastModifiedDate, version, inQuantity, memo, outQuantity, stock, type, sku_id) VALUES ('41', to_date('${date?string("yyyy-MM-dd HH:mm:ss")}', 'yyyy-mm-dd hh24:mi:ss'), to_date('${date?string("yyyy-MM-dd HH:mm:ss")}', 'yyyy-mm-dd hh24:mi:ss'), '0', '100', NULL, '0', '100', '0', '42')
INSERT INTO StockLog (id, createdDate, lastModifiedDate, version, inQuantity, memo, outQuantity, stock, type, sku_id) VALUES ('42', to_date('${date?string("yyyy-MM-dd HH:mm:ss")}', 'yyyy-mm-dd hh24:mi:ss'), to_date('${date?string("yyyy-MM-dd HH:mm:ss")}', 'yyyy-mm-dd hh24:mi:ss'), '0', '100', NULL, '0', '100', '0', '43')
INSERT INTO StockLog (id, createdDate, lastModifiedDate, version, inQuantity, memo, outQuantity, stock, type, sku_id) VALUES ('43', to_date('${date?string("yyyy-MM-dd HH:mm:ss")}', 'yyyy-mm-dd hh24:mi:ss'), to_date('${date?string("yyyy-MM-dd HH:mm:ss")}', 'yyyy-mm-dd hh24:mi:ss'), '0', '100', NULL, '0', '100', '0', '44')
INSERT INTO StockLog (id, createdDate, lastModifiedDate, version, inQuantity, memo, outQuantity, stock, type, sku_id) VALUES ('44', to_date('${date?string("yyyy-MM-dd HH:mm:ss")}', 'yyyy-mm-dd hh24:mi:ss'), to_date('${date?string("yyyy-MM-dd HH:mm:ss")}', 'yyyy-mm-dd hh24:mi:ss'), '0', '100', NULL, '0', '100', '0', '45')
INSERT INTO StockLog (id, createdDate, lastModifiedDate, version, inQuantity, memo, outQuantity, stock, type, sku_id) VALUES ('45', to_date('${date?string("yyyy-MM-dd HH:mm:ss")}', 'yyyy-mm-dd hh24:mi:ss'), to_date('${date?string("yyyy-MM-dd HH:mm:ss")}', 'yyyy-mm-dd hh24:mi:ss'), '0', '100', NULL, '0', '100', '0', '46')
INSERT INTO StockLog (id, createdDate, lastModifiedDate, version, inQuantity, memo, outQuantity, stock, type, sku_id) VALUES ('46', to_date('${date?string("yyyy-MM-dd HH:mm:ss")}', 'yyyy-mm-dd hh24:mi:ss'), to_date('${date?string("yyyy-MM-dd HH:mm:ss")}', 'yyyy-mm-dd hh24:mi:ss'), '0', '100', NULL, '0', '100', '0', '47')
INSERT INTO StockLog (id, createdDate, lastModifiedDate, version, inQuantity, memo, outQuantity, stock, type, sku_id) VALUES ('47', to_date('${date?string("yyyy-MM-dd HH:mm:ss")}', 'yyyy-mm-dd hh24:mi:ss'), to_date('${date?string("yyyy-MM-dd HH:mm:ss")}', 'yyyy-mm-dd hh24:mi:ss'), '0', '100', NULL, '0', '100', '0', '48')
INSERT INTO StockLog (id, createdDate, lastModifiedDate, version, inQuantity, memo, outQuantity, stock, type, sku_id) VALUES ('48', to_date('${date?string("yyyy-MM-dd HH:mm:ss")}', 'yyyy-mm-dd hh24:mi:ss'), to_date('${date?string("yyyy-MM-dd HH:mm:ss")}', 'yyyy-mm-dd hh24:mi:ss'), '0', '100', NULL, '0', '100', '0', '49')
INSERT INTO StockLog (id, createdDate, lastModifiedDate, version, inQuantity, memo, outQuantity, stock, type, sku_id) VALUES ('49', to_date('${date?string("yyyy-MM-dd HH:mm:ss")}', 'yyyy-mm-dd hh24:mi:ss'), to_date('${date?string("yyyy-MM-dd HH:mm:ss")}', 'yyyy-mm-dd hh24:mi:ss'), '0', '100', NULL, '0', '100', '0', '50')
INSERT INTO StockLog (id, createdDate, lastModifiedDate, version, inQuantity, memo, outQuantity, stock, type, sku_id) VALUES ('50', to_date('${date?string("yyyy-MM-dd HH:mm:ss")}', 'yyyy-mm-dd hh24:mi:ss'), to_date('${date?string("yyyy-MM-dd HH:mm:ss")}', 'yyyy-mm-dd hh24:mi:ss'), '0', '100', NULL, '0', '100', '0', '51')
INSERT INTO StockLog (id, createdDate, lastModifiedDate, version, inQuantity, memo, outQuantity, stock, type, sku_id) VALUES ('51', to_date('${date?string("yyyy-MM-dd HH:mm:ss")}', 'yyyy-mm-dd hh24:mi:ss'), to_date('${date?string("yyyy-MM-dd HH:mm:ss")}', 'yyyy-mm-dd hh24:mi:ss'), '0', '100', NULL, '0', '100', '0', '52')
INSERT INTO StockLog (id, createdDate, lastModifiedDate, version, inQuantity, memo, outQuantity, stock, type, sku_id) VALUES ('52', to_date('${date?string("yyyy-MM-dd HH:mm:ss")}', 'yyyy-mm-dd hh24:mi:ss'), to_date('${date?string("yyyy-MM-dd HH:mm:ss")}', 'yyyy-mm-dd hh24:mi:ss'), '0', '100', NULL, '0', '100', '0', '53')
INSERT INTO StockLog (id, createdDate, lastModifiedDate, version, inQuantity, memo, outQuantity, stock, type, sku_id) VALUES ('53', to_date('${date?string("yyyy-MM-dd HH:mm:ss")}', 'yyyy-mm-dd hh24:mi:ss'), to_date('${date?string("yyyy-MM-dd HH:mm:ss")}', 'yyyy-mm-dd hh24:mi:ss'), '0', '100', NULL, '0', '100', '0', '54')
INSERT INTO StockLog (id, createdDate, lastModifiedDate, version, inQuantity, memo, outQuantity, stock, type, sku_id) VALUES ('54', to_date('${date?string("yyyy-MM-dd HH:mm:ss")}', 'yyyy-mm-dd hh24:mi:ss'), to_date('${date?string("yyyy-MM-dd HH:mm:ss")}', 'yyyy-mm-dd hh24:mi:ss'), '0', '100', NULL, '0', '100', '0', '55')
INSERT INTO StockLog (id, createdDate, lastModifiedDate, version, inQuantity, memo, outQuantity, stock, type, sku_id) VALUES ('55', to_date('${date?string("yyyy-MM-dd HH:mm:ss")}', 'yyyy-mm-dd hh24:mi:ss'), to_date('${date?string("yyyy-MM-dd HH:mm:ss")}', 'yyyy-mm-dd hh24:mi:ss'), '0', '100', NULL, '0', '100', '0', '56')
INSERT INTO StockLog (id, createdDate, lastModifiedDate, version, inQuantity, memo, outQuantity, stock, type, sku_id) VALUES ('56', to_date('${date?string("yyyy-MM-dd HH:mm:ss")}', 'yyyy-mm-dd hh24:mi:ss'), to_date('${date?string("yyyy-MM-dd HH:mm:ss")}', 'yyyy-mm-dd hh24:mi:ss'), '0', '100', NULL, '0', '100', '0', '57')
INSERT INTO StockLog (id, createdDate, lastModifiedDate, version, inQuantity, memo, outQuantity, stock, type, sku_id) VALUES ('57', to_date('${date?string("yyyy-MM-dd HH:mm:ss")}', 'yyyy-mm-dd hh24:mi:ss'), to_date('${date?string("yyyy-MM-dd HH:mm:ss")}', 'yyyy-mm-dd hh24:mi:ss'), '0', '100', NULL, '0', '100', '0', '58')
INSERT INTO StockLog (id, createdDate, lastModifiedDate, version, inQuantity, memo, outQuantity, stock, type, sku_id) VALUES ('58', to_date('${date?string("yyyy-MM-dd HH:mm:ss")}', 'yyyy-mm-dd hh24:mi:ss'), to_date('${date?string("yyyy-MM-dd HH:mm:ss")}', 'yyyy-mm-dd hh24:mi:ss'), '0', '100', NULL, '0', '100', '0', '59')
INSERT INTO StockLog (id, createdDate, lastModifiedDate, version, inQuantity, memo, outQuantity, stock, type, sku_id) VALUES ('59', to_date('${date?string("yyyy-MM-dd HH:mm:ss")}', 'yyyy-mm-dd hh24:mi:ss'), to_date('${date?string("yyyy-MM-dd HH:mm:ss")}', 'yyyy-mm-dd hh24:mi:ss'), '0', '100', NULL, '0', '100', '0', '60')
INSERT INTO StockLog (id, createdDate, lastModifiedDate, version, inQuantity, memo, outQuantity, stock, type, sku_id) VALUES ('60', to_date('${date?string("yyyy-MM-dd HH:mm:ss")}', 'yyyy-mm-dd hh24:mi:ss'), to_date('${date?string("yyyy-MM-dd HH:mm:ss")}', 'yyyy-mm-dd hh24:mi:ss'), '0', '100', NULL, '0', '100', '0', '61')
INSERT INTO StockLog (id, createdDate, lastModifiedDate, version, inQuantity, memo, outQuantity, stock, type, sku_id) VALUES ('61', to_date('${date?string("yyyy-MM-dd HH:mm:ss")}', 'yyyy-mm-dd hh24:mi:ss'), to_date('${date?string("yyyy-MM-dd HH:mm:ss")}', 'yyyy-mm-dd hh24:mi:ss'), '0', '100', NULL, '0', '100', '0', '62')
INSERT INTO StockLog (id, createdDate, lastModifiedDate, version, inQuantity, memo, outQuantity, stock, type, sku_id) VALUES ('62', to_date('${date?string("yyyy-MM-dd HH:mm:ss")}', 'yyyy-mm-dd hh24:mi:ss'), to_date('${date?string("yyyy-MM-dd HH:mm:ss")}', 'yyyy-mm-dd hh24:mi:ss'), '0', '100', NULL, '0', '100', '0', '63')
INSERT INTO StockLog (id, createdDate, lastModifiedDate, version, inQuantity, memo, outQuantity, stock, type, sku_id) VALUES ('63', to_date('${date?string("yyyy-MM-dd HH:mm:ss")}', 'yyyy-mm-dd hh24:mi:ss'), to_date('${date?string("yyyy-MM-dd HH:mm:ss")}', 'yyyy-mm-dd hh24:mi:ss'), '0', '100', NULL, '0', '100', '0', '64')

INSERT INTO StoreAdImage (id, createdDate, lastModifiedDate, version, orders, image, title, url, store_id) VALUES ('1', to_date('${date?string("yyyy-MM-dd HH:mm:ss")}', 'yyyy-mm-dd hh24:mi:ss'), to_date('${date?string("yyyy-MM-dd HH:mm:ss")}', 'yyyy-mm-dd hh24:mi:ss'), '0', '1', '${demoImageUrlPrefix}/201601/283c3c74-083b-4794-a413-9e2ab1be232c.jpg', '新品促销', NULL, '1')
INSERT INTO StoreAdImage (id, createdDate, lastModifiedDate, version, orders, image, title, url, store_id) VALUES ('2', to_date('${date?string("yyyy-MM-dd HH:mm:ss")}', 'yyyy-mm-dd hh24:mi:ss'), to_date('${date?string("yyyy-MM-dd HH:mm:ss")}', 'yyyy-mm-dd hh24:mi:ss'), '0', '2', '${demoImageUrlPrefix}/201601/7a203a46-c1b4-4e0b-b73b-e03f8c2219db.jpg', 'iPhone专场', NULL, '1')
INSERT INTO StoreAdImage (id, createdDate, lastModifiedDate, version, orders, image, title, url, store_id) VALUES ('3', to_date('${date?string("yyyy-MM-dd HH:mm:ss")}', 'yyyy-mm-dd hh24:mi:ss'), to_date('${date?string("yyyy-MM-dd HH:mm:ss")}', 'yyyy-mm-dd hh24:mi:ss'), '0', '1', '${demoImageUrlPrefix}/201601/0a51aeae-1395-41ae-9f52-065c13002f22.jpg', '新品促销', NULL, '2')
INSERT INTO StoreAdImage (id, createdDate, lastModifiedDate, version, orders, image, title, url, store_id) VALUES ('4', to_date('${date?string("yyyy-MM-dd HH:mm:ss")}', 'yyyy-mm-dd hh24:mi:ss'), to_date('${date?string("yyyy-MM-dd HH:mm:ss")}', 'yyyy-mm-dd hh24:mi:ss'), '0', '2', '${demoImageUrlPrefix}/201601/96f81089-245c-4e6e-b09b-b72d8e140e83.jpg', '热卖促销', NULL, '2')

INSERT INTO Store (id, createdDate, lastModifiedDate, version, address, bailPaid, discountPromotionEndDate, email, endDate, fullReductionPromotionEndDate, introduction, isEnabled, keyword, logo, mobile, name, phone, status, type, zipCode, business_id, storeCategory_id, storeRank_id) VALUES ('1', to_date('${date?string("yyyy-MM-dd HH:mm:ss")}', 'yyyy-mm-dd hh24:mi:ss'), to_date('${date?string("yyyy-MM-dd HH:mm:ss")}', 'yyyy-mm-dd hh24:mi:ss'), '0', '湖南长沙经济技术开发区', '0.000000000000', NULL, 'shopxx_sj@shopxx.net', to_date('2020-01-01 00:00:00', 'yyyy-mm-dd hh24:mi:ss'), NULL, NULL, '1', NULL, '${demoImageUrlPrefix}/201601/ab964025-bb0b-4120-a4bc-f0c3015cf9e0.jpg', '13888888888', '手机旗舰店', '400-7769999', '3', '1', '400000', '2', '1', '8')
INSERT INTO Store (id, createdDate, lastModifiedDate, version, address, bailPaid, discountPromotionEndDate, email, endDate, fullReductionPromotionEndDate, introduction, isEnabled, keyword, logo, mobile, name, phone, status, type, zipCode, business_id, storeCategory_id, storeRank_id) VALUES ('2', to_date('${date?string("yyyy-MM-dd HH:mm:ss")}', 'yyyy-mm-dd hh24:mi:ss'), to_date('${date?string("yyyy-MM-dd HH:mm:ss")}', 'yyyy-mm-dd hh24:mi:ss'), '0', '湖南长沙经济技术开发区', '2000.000000000000', NULL, 'shopxx_zc@shopxx.net', to_date('2020-01-01 00:00:00', 'yyyy-mm-dd hh24:mi:ss'), NULL, NULL, '1', NULL, '${demoImageUrlPrefix}/201601/78a32dfa-53d1-4bda-a5bb-422122d2f2eb.jpg', '13999999999', '中彩旗舰店', '400-7769999', '3', '0', '400000', '3', '2', '4')

INSERT INTO StoreCategory (id, createdDate, lastModifiedDate, version, orders, bail, name) VALUES ('1', to_date('${date?string("yyyy-MM-dd HH:mm:ss")}', 'yyyy-mm-dd hh24:mi:ss'), to_date('${date?string("yyyy-MM-dd HH:mm:ss")}', 'yyyy-mm-dd hh24:mi:ss'), '0', '1', '2000.000000', '手机数码')
INSERT INTO StoreCategory (id, createdDate, lastModifiedDate, version, orders, bail, name) VALUES ('2', to_date('${date?string("yyyy-MM-dd HH:mm:ss")}', 'yyyy-mm-dd hh24:mi:ss'), to_date('${date?string("yyyy-MM-dd HH:mm:ss")}', 'yyyy-mm-dd hh24:mi:ss'), '0', '2', '2000.000000', '电脑办公')
INSERT INTO StoreCategory (id, createdDate, lastModifiedDate, version, orders, bail, name) VALUES ('3', to_date('${date?string("yyyy-MM-dd HH:mm:ss")}', 'yyyy-mm-dd hh24:mi:ss'), to_date('${date?string("yyyy-MM-dd HH:mm:ss")}', 'yyyy-mm-dd hh24:mi:ss'), '0', '3', '2000.000000', '家用电器')
INSERT INTO StoreCategory (id, createdDate, lastModifiedDate, version, orders, bail, name) VALUES ('4', to_date('${date?string("yyyy-MM-dd HH:mm:ss")}', 'yyyy-mm-dd hh24:mi:ss'), to_date('${date?string("yyyy-MM-dd HH:mm:ss")}', 'yyyy-mm-dd hh24:mi:ss'), '0', '4', '1000.000000', '服装鞋靴')
INSERT INTO StoreCategory (id, createdDate, lastModifiedDate, version, orders, bail, name) VALUES ('5', to_date('${date?string("yyyy-MM-dd HH:mm:ss")}', 'yyyy-mm-dd hh24:mi:ss'), to_date('${date?string("yyyy-MM-dd HH:mm:ss")}', 'yyyy-mm-dd hh24:mi:ss'), '0', '5', '1000.000000', '化妆护理')
INSERT INTO StoreCategory (id, createdDate, lastModifiedDate, version, orders, bail, name) VALUES ('6', to_date('${date?string("yyyy-MM-dd HH:mm:ss")}', 'yyyy-mm-dd hh24:mi:ss'), to_date('${date?string("yyyy-MM-dd HH:mm:ss")}', 'yyyy-mm-dd hh24:mi:ss'), '0', '6', '1000.000000', '家居家装')

INSERT INTO Store_ProductCategory (stores_id, productCategories_id) VALUES ('1', '1')
INSERT INTO Store_ProductCategory (stores_id, productCategories_id) VALUES ('1', '41')
INSERT INTO Store_ProductCategory (stores_id, productCategories_id) VALUES ('2', '49')
INSERT INTO Store_ProductCategory (stores_id, productCategories_id) VALUES ('2', '79')
INSERT INTO Store_ProductCategory (stores_id, productCategories_id) VALUES ('2', '82')
INSERT INTO Store_ProductCategory (stores_id, productCategories_id) VALUES ('2', '145')
INSERT INTO Store_ProductCategory (stores_id, productCategories_id) VALUES ('2', '150')
INSERT INTO Store_ProductCategory (stores_id, productCategories_id) VALUES ('1', '241')

INSERT INTO StoreProductCategory (id, createdDate, lastModifiedDate, version, orders, grade, name, treePath, parent_id, store_id) VALUES ('1', to_date('${date?string("yyyy-MM-dd HH:mm:ss")}', 'yyyy-mm-dd hh24:mi:ss'), to_date('${date?string("yyyy-MM-dd HH:mm:ss")}', 'yyyy-mm-dd hh24:mi:ss'), '0', '1', '0', '智能手机', ',', NULL, '1')
INSERT INTO StoreProductCategory (id, createdDate, lastModifiedDate, version, orders, grade, name, treePath, parent_id, store_id) VALUES ('2', to_date('${date?string("yyyy-MM-dd HH:mm:ss")}', 'yyyy-mm-dd hh24:mi:ss'), to_date('${date?string("yyyy-MM-dd HH:mm:ss")}', 'yyyy-mm-dd hh24:mi:ss'), '0', '2', '0', '普通手机', ',', NULL, '1')
INSERT INTO StoreProductCategory (id, createdDate, lastModifiedDate, version, orders, grade, name, treePath, parent_id, store_id) VALUES ('3', to_date('${date?string("yyyy-MM-dd HH:mm:ss")}', 'yyyy-mm-dd hh24:mi:ss'), to_date('${date?string("yyyy-MM-dd HH:mm:ss")}', 'yyyy-mm-dd hh24:mi:ss'), '0', '3', '0', '手机配件', ',', NULL, '1')
INSERT INTO StoreProductCategory (id, createdDate, lastModifiedDate, version, orders, grade, name, treePath, parent_id, store_id) VALUES ('4', to_date('${date?string("yyyy-MM-dd HH:mm:ss")}', 'yyyy-mm-dd hh24:mi:ss'), to_date('${date?string("yyyy-MM-dd HH:mm:ss")}', 'yyyy-mm-dd hh24:mi:ss'), '0', '1', '0', '电脑', ',', NULL, '2')
INSERT INTO StoreProductCategory (id, createdDate, lastModifiedDate, version, orders, grade, name, treePath, parent_id, store_id) VALUES ('5', to_date('${date?string("yyyy-MM-dd HH:mm:ss")}', 'yyyy-mm-dd hh24:mi:ss'), to_date('${date?string("yyyy-MM-dd HH:mm:ss")}', 'yyyy-mm-dd hh24:mi:ss'), '0', '2', '0', '家电', ',', NULL, '2')
INSERT INTO StoreProductCategory (id, createdDate, lastModifiedDate, version, orders, grade, name, treePath, parent_id, store_id) VALUES ('6', to_date('${date?string("yyyy-MM-dd HH:mm:ss")}', 'yyyy-mm-dd hh24:mi:ss'), to_date('${date?string("yyyy-MM-dd HH:mm:ss")}', 'yyyy-mm-dd hh24:mi:ss'), '0', '3', '0', '数码', ',', NULL, '2')
INSERT INTO StoreProductCategory (id, createdDate, lastModifiedDate, version, orders, grade, name, treePath, parent_id, store_id) VALUES ('7', to_date('${date?string("yyyy-MM-dd HH:mm:ss")}', 'yyyy-mm-dd hh24:mi:ss'), to_date('${date?string("yyyy-MM-dd HH:mm:ss")}', 'yyyy-mm-dd hh24:mi:ss'), '0', '1', '1', 'iPhone', ',1,', '1', '1')
INSERT INTO StoreProductCategory (id, createdDate, lastModifiedDate, version, orders, grade, name, treePath, parent_id, store_id) VALUES ('8', to_date('${date?string("yyyy-MM-dd HH:mm:ss")}', 'yyyy-mm-dd hh24:mi:ss'), to_date('${date?string("yyyy-MM-dd HH:mm:ss")}', 'yyyy-mm-dd hh24:mi:ss'), '0', '2', '1', 'OPPO', ',1,', '1', '1')
INSERT INTO StoreProductCategory (id, createdDate, lastModifiedDate, version, orders, grade, name, treePath, parent_id, store_id) VALUES ('9', to_date('${date?string("yyyy-MM-dd HH:mm:ss")}', 'yyyy-mm-dd hh24:mi:ss'), to_date('${date?string("yyyy-MM-dd HH:mm:ss")}', 'yyyy-mm-dd hh24:mi:ss'), '0', '3', '1', '三星', ',1,', '1', '1')
INSERT INTO StoreProductCategory (id, createdDate, lastModifiedDate, version, orders, grade, name, treePath, parent_id, store_id) VALUES ('10', to_date('${date?string("yyyy-MM-dd HH:mm:ss")}', 'yyyy-mm-dd hh24:mi:ss'), to_date('${date?string("yyyy-MM-dd HH:mm:ss")}', 'yyyy-mm-dd hh24:mi:ss'), '0', '4', '1', '华为', ',1,', '1', '1')
INSERT INTO StoreProductCategory (id, createdDate, lastModifiedDate, version, orders, grade, name, treePath, parent_id, store_id) VALUES ('11', to_date('${date?string("yyyy-MM-dd HH:mm:ss")}', 'yyyy-mm-dd hh24:mi:ss'), to_date('${date?string("yyyy-MM-dd HH:mm:ss")}', 'yyyy-mm-dd hh24:mi:ss'), '0', '5', '1', '小米', ',1,', '1', '1')
INSERT INTO StoreProductCategory (id, createdDate, lastModifiedDate, version, orders, grade, name, treePath, parent_id, store_id) VALUES ('12', to_date('${date?string("yyyy-MM-dd HH:mm:ss")}', 'yyyy-mm-dd hh24:mi:ss'), to_date('${date?string("yyyy-MM-dd HH:mm:ss")}', 'yyyy-mm-dd hh24:mi:ss'), '0', '6', '1', '魅族', ',1,', '1', '1')
INSERT INTO StoreProductCategory (id, createdDate, lastModifiedDate, version, orders, grade, name, treePath, parent_id, store_id) VALUES ('13', to_date('${date?string("yyyy-MM-dd HH:mm:ss")}', 'yyyy-mm-dd hh24:mi:ss'), to_date('${date?string("yyyy-MM-dd HH:mm:ss")}', 'yyyy-mm-dd hh24:mi:ss'), '0', '7', '1', '酷派', ',1,', '1', '1')
INSERT INTO StoreProductCategory (id, createdDate, lastModifiedDate, version, orders, grade, name, treePath, parent_id, store_id) VALUES ('14', to_date('${date?string("yyyy-MM-dd HH:mm:ss")}', 'yyyy-mm-dd hh24:mi:ss'), to_date('${date?string("yyyy-MM-dd HH:mm:ss")}', 'yyyy-mm-dd hh24:mi:ss'), '0', '8', '1', '中兴', ',1,', '1', '1')
INSERT INTO StoreProductCategory (id, createdDate, lastModifiedDate, version, orders, grade, name, treePath, parent_id, store_id) VALUES ('15', to_date('${date?string("yyyy-MM-dd HH:mm:ss")}', 'yyyy-mm-dd hh24:mi:ss'), to_date('${date?string("yyyy-MM-dd HH:mm:ss")}', 'yyyy-mm-dd hh24:mi:ss'), '0', '9', '1', 'HTC', ',1,', '1', '1')
INSERT INTO StoreProductCategory (id, createdDate, lastModifiedDate, version, orders, grade, name, treePath, parent_id, store_id) VALUES ('16', to_date('${date?string("yyyy-MM-dd HH:mm:ss")}', 'yyyy-mm-dd hh24:mi:ss'), to_date('${date?string("yyyy-MM-dd HH:mm:ss")}', 'yyyy-mm-dd hh24:mi:ss'), '0', '1', '1', '平板电脑', ',4,', '4', '2')
INSERT INTO StoreProductCategory (id, createdDate, lastModifiedDate, version, orders, grade, name, treePath, parent_id, store_id) VALUES ('17', to_date('${date?string("yyyy-MM-dd HH:mm:ss")}', 'yyyy-mm-dd hh24:mi:ss'), to_date('${date?string("yyyy-MM-dd HH:mm:ss")}', 'yyyy-mm-dd hh24:mi:ss'), '0', '2', '1', '笔记本', ',4,', '4', '2')
INSERT INTO StoreProductCategory (id, createdDate, lastModifiedDate, version, orders, grade, name, treePath, parent_id, store_id) VALUES ('18', to_date('${date?string("yyyy-MM-dd HH:mm:ss")}', 'yyyy-mm-dd hh24:mi:ss'), to_date('${date?string("yyyy-MM-dd HH:mm:ss")}', 'yyyy-mm-dd hh24:mi:ss'), '0', '1', '1', '空调', ',5,', '5', '2')
INSERT INTO StoreProductCategory (id, createdDate, lastModifiedDate, version, orders, grade, name, treePath, parent_id, store_id) VALUES ('19', to_date('${date?string("yyyy-MM-dd HH:mm:ss")}', 'yyyy-mm-dd hh24:mi:ss'), to_date('${date?string("yyyy-MM-dd HH:mm:ss")}', 'yyyy-mm-dd hh24:mi:ss'), '0', '2', '1', '平板电视', ',5,', '5', '2')
INSERT INTO StoreProductCategory (id, createdDate, lastModifiedDate, version, orders, grade, name, treePath, parent_id, store_id) VALUES ('20', to_date('${date?string("yyyy-MM-dd HH:mm:ss")}', 'yyyy-mm-dd hh24:mi:ss'), to_date('${date?string("yyyy-MM-dd HH:mm:ss")}', 'yyyy-mm-dd hh24:mi:ss'), '0', '1', '1', '数码相机', ',6,', '6', '2')
INSERT INTO StoreProductCategory (id, createdDate, lastModifiedDate, version, orders, grade, name, treePath, parent_id, store_id) VALUES ('21', to_date('${date?string("yyyy-MM-dd HH:mm:ss")}', 'yyyy-mm-dd hh24:mi:ss'), to_date('${date?string("yyyy-MM-dd HH:mm:ss")}', 'yyyy-mm-dd hh24:mi:ss'), '0', '2', '1', '单反相机', ',6,', '6', '2')

INSERT INTO StoreProductTag (id, createdDate, lastModifiedDate, version, orders, icon, isEnabled, memo, name, store_id) VALUES ('1', to_date('${date?string("yyyy-MM-dd HH:mm:ss")}', 'yyyy-mm-dd hh24:mi:ss'), to_date('${date?string("yyyy-MM-dd HH:mm:ss")}', 'yyyy-mm-dd hh24:mi:ss'), '0', '2', '${demoImageUrlPrefix}/201601/fd18284b-f077-4fda-aabd-ca8a76208660.jpg', '1', NULL, '本店热卖', '2')
INSERT INTO StoreProductTag (id, createdDate, lastModifiedDate, version, orders, icon, isEnabled, memo, name, store_id) VALUES ('2', to_date('${date?string("yyyy-MM-dd HH:mm:ss")}', 'yyyy-mm-dd hh24:mi:ss'), to_date('${date?string("yyyy-MM-dd HH:mm:ss")}', 'yyyy-mm-dd hh24:mi:ss'), '0', '1', '${demoImageUrlPrefix}/201601/fb900a0e-92bf-4d5e-853e-527c85764f2d.jpg', '1', NULL, '新品上架', '2')
INSERT INTO StoreProductTag (id, createdDate, lastModifiedDate, version, orders, icon, isEnabled, memo, name, store_id) VALUES ('3', to_date('${date?string("yyyy-MM-dd HH:mm:ss")}', 'yyyy-mm-dd hh24:mi:ss'), to_date('${date?string("yyyy-MM-dd HH:mm:ss")}', 'yyyy-mm-dd hh24:mi:ss'), '0', '2', '${demoImageUrlPrefix}/201601/95cd92c6-63ed-4536-9fcb-edf4c553f802.jpg', '1', NULL, '热卖商品', '1')
INSERT INTO StoreProductTag (id, createdDate, lastModifiedDate, version, orders, icon, isEnabled, memo, name, store_id) VALUES ('4', to_date('${date?string("yyyy-MM-dd HH:mm:ss")}', 'yyyy-mm-dd hh24:mi:ss'), to_date('${date?string("yyyy-MM-dd HH:mm:ss")}', 'yyyy-mm-dd hh24:mi:ss'), '0', '1', '${demoImageUrlPrefix}/201601/a067bb8d-a1b3-4831-be1a-9fe18867aeb4.jpg', '1', NULL, '本店新品', '1')

INSERT INTO StoreRank (id, createdDate, lastModifiedDate, version, orders, isAllowRegister, memo, name, quantity, serviceFee) VALUES ('1', to_date('${date?string("yyyy-MM-dd HH:mm:ss")}', 'yyyy-mm-dd hh24:mi:ss'), to_date('${date?string("yyyy-MM-dd HH:mm:ss")}', 'yyyy-mm-dd hh24:mi:ss'), '0', '1', '1', NULL, '普通店铺', '50', '0.000000')
INSERT INTO StoreRank (id, createdDate, lastModifiedDate, version, orders, isAllowRegister, memo, name, quantity, serviceFee) VALUES ('2', to_date('${date?string("yyyy-MM-dd HH:mm:ss")}', 'yyyy-mm-dd hh24:mi:ss'), to_date('${date?string("yyyy-MM-dd HH:mm:ss")}', 'yyyy-mm-dd hh24:mi:ss'), '0', '2', '1', NULL, '铜牌店铺', '100', '100.000000')
INSERT INTO StoreRank (id, createdDate, lastModifiedDate, version, orders, isAllowRegister, memo, name, quantity, serviceFee) VALUES ('3', to_date('${date?string("yyyy-MM-dd HH:mm:ss")}', 'yyyy-mm-dd hh24:mi:ss'), to_date('${date?string("yyyy-MM-dd HH:mm:ss")}', 'yyyy-mm-dd hh24:mi:ss'), '0', '3', '1', NULL, '银牌店铺', '300', '300.000000')
INSERT INTO StoreRank (id, createdDate, lastModifiedDate, version, orders, isAllowRegister, memo, name, quantity, serviceFee) VALUES ('4', to_date('${date?string("yyyy-MM-dd HH:mm:ss")}', 'yyyy-mm-dd hh24:mi:ss'), to_date('${date?string("yyyy-MM-dd HH:mm:ss")}', 'yyyy-mm-dd hh24:mi:ss'), '0', '4', '1', NULL, '金牌店铺', '500', '500.000000')
INSERT INTO StoreRank (id, createdDate, lastModifiedDate, version, orders, isAllowRegister, memo, name, quantity, serviceFee) VALUES ('5', to_date('${date?string("yyyy-MM-dd HH:mm:ss")}', 'yyyy-mm-dd hh24:mi:ss'), to_date('${date?string("yyyy-MM-dd HH:mm:ss")}', 'yyyy-mm-dd hh24:mi:ss'), '0', '5', '0', NULL, '普通自营店铺', '500', '0.000000')
INSERT INTO StoreRank (id, createdDate, lastModifiedDate, version, orders, isAllowRegister, memo, name, quantity, serviceFee) VALUES ('6', to_date('${date?string("yyyy-MM-dd HH:mm:ss")}', 'yyyy-mm-dd hh24:mi:ss'), to_date('${date?string("yyyy-MM-dd HH:mm:ss")}', 'yyyy-mm-dd hh24:mi:ss'), '0', '6', '0', NULL, '铜牌自营店铺', '1000', '0.000000')
INSERT INTO StoreRank (id, createdDate, lastModifiedDate, version, orders, isAllowRegister, memo, name, quantity, serviceFee) VALUES ('7', to_date('${date?string("yyyy-MM-dd HH:mm:ss")}', 'yyyy-mm-dd hh24:mi:ss'), to_date('${date?string("yyyy-MM-dd HH:mm:ss")}', 'yyyy-mm-dd hh24:mi:ss'), '0', '7', '0', NULL, '银牌自营店铺', '3000', '0.000000')
INSERT INTO StoreRank (id, createdDate, lastModifiedDate, version, orders, isAllowRegister, memo, name, quantity, serviceFee) VALUES ('8', to_date('${date?string("yyyy-MM-dd HH:mm:ss")}', 'yyyy-mm-dd hh24:mi:ss'), to_date('${date?string("yyyy-MM-dd HH:mm:ss")}', 'yyyy-mm-dd hh24:mi:ss'), '0', '8', '0', NULL, '金牌自营店铺', '5000', '0.000000')
